호선명,역번호,역명,종착역 여부,환승역 여부,승강장 유형,역 위도,역 경도,엘리베이터 내부 관리번호,엘리베이터 고유번호,출발층,출발 구분,출발층위,도착층,도착 구분,도착층위,이동방향,단계별 대체 경로,경로 이용 가능 여부,경로복잡도 점수,경로복잡도 등급,학습라벨,대체경로유형
1,95,다대포해수욕장,Y,N,상대식,35.04867,128.9641,1,E-0095-01,대합실,지하,1,역사 외부,지상,1,양방향,2호기 이용,Y,1,단순,대체 엘리베이터 이용,ALT_ELV
1,95,다대포해수욕장,Y,N,상대식,35.04867,128.9641,1,E-0095-01,역사 외부,지상,1,대합실,지하,1,양방향,2호기 이용,Y,1,단순,대체 엘리베이터 이용,ALT_ELV
1,95,다대포해수욕장,Y,N,상대식,35.04867,128.9641,2,E-0095-02,대합실,지하,1,역사 외부,지상,1,양방향,1호기 이용,Y,1,단순,대체 엘리베이터 이용,ALT_ELV
1,95,다대포해수욕장,Y,N,상대식,35.04867,128.9641,2,E-0095-02,역사 외부,지상,1,대합실,지하,1,양방향,1호기 이용,Y,1,단순,대체 엘리베이터 이용,ALT_ELV
1,95,다대포해수욕장,Y,N,상대식,35.04867,128.9641,3,E-0095-03,승강장,지하,2,대합실,지하,1,양방향,"회차선(다대포해수욕장행 열차)을 통해 노포행 열차 탑승(역무원 안내 필요), 다대포해수욕장역 하차, 4호기 이용(대합실 이동)",Y,7,복잡,역무원 문의,ALT_INFO
1,95,다대포해수욕장,Y,N,상대식,35.04867,128.9641,3,E-0095-03,대합실,지하,1,승강장,지하,2,양방향,대체 경로 없음,N,,이동 불가,이동 불가,ALT_NONE
1,95,다대포해수욕장,Y,N,상대식,35.04867,128.9641,4,E-0095-04,승강장,지하,2,대합실,지하,1,양방향,대체 경로 없음,N,,이동 불가,이동 불가,ALT_NONE
1,95,다대포해수욕장,Y,N,상대식,35.04867,128.9641,4,E-0095-04,대합실,지하,1,승강장,지하,2,양방향,"3호기 이용(다대포해수욕장행 승강장 이동), 회차선(다대포해수욕장행 열차)을 통해 노포행 열차 탑승(역무원 안내 필요)",Y,6,복잡,역무원 문의,ALT_INFO
1,96,다대포항,N,N,상대식,35.05771847,128.9713128,1,E-0096-01,대합실,지하,1,역사 외부,지상,1,양방향,2호기 이용,Y,1,단순,대체 엘리베이터 이용,ALT_ELV
1,96,다대포항,N,N,상대식,35.05771847,128.9713128,1,E-0096-01,역사 외부,지상,1,대합실,지하,1,양방향,2호기 이용,Y,1,단순,대체 엘리베이터 이용,ALT_ELV
1,96,다대포항,N,N,상대식,35.05771847,128.9713128,2,E-0096-02,대합실,지하,1,역사 외부,지상,1,양방향,1호기 이용,Y,1,단순,대체 엘리베이터 이용,ALT_ELV
1,96,다대포항,N,N,상대식,35.05771847,128.9713128,2,E-0096-02,역사 외부,지상,1,대합실,지하,1,양방향,1호기 이용,Y,1,단순,대체 엘리베이터 이용,ALT_ELV
1,96,다대포항,N,N,상대식,35.05771847,128.9713128,3,E-0096-03,대합실,지하,1,대합실,지상,2,양방향,1호기 이용 또는 2호기 이용,Y,2,단순,대체 엘리베이터 이용,ALT_ELV
1,96,다대포항,N,N,상대식,35.05771847,128.9713128,3,E-0096-03,역사 외부,지상,1,역사 외부,지상,1,양방향,1호기 이용 또는 2호기 이용,Y,1,단순,대체 엘리베이터 이용,ALT_ELV
1,96,다대포항,N,N,상대식,35.05771847,128.9713128,4,E-0096-04,승강장,지하,2,대합실,지하,1,양방향,"다대포해수욕장행 열차 이용, 다대포해수욕장역 하차, 반대방향 노포행 열차 이용, 다대포항역 하차, 5호기 이용(대합실 이동)",Y,10,복잡,역 복귀 이동,ALT_BACK
1,96,다대포항,N,N,상대식,35.05771847,128.9713128,4,E-0096-04,대합실,지하,1,승강장,지하,2,양방향,"노포행 열차 이용, 낫개역 하차, 반대방향 다대포해수욕장행 열차 이용",Y,7,복잡,타 역 환승,ALT_STN
1,96,다대포항,N,N,상대식,35.05771847,128.9713128,5,E-0096-05,승강장,지하,2,대합실,지하,1,양방향,"노포행 열차 이용, 낫개역 하차, 반대방향 다대포해수욕장행 열차 이용, 다대포항역 하차, 4호기 이용(대합실 이동)",Y,10,복잡,역 복귀 이동,ALT_BACK
1,96,다대포항,N,N,상대식,35.05771847,128.9713128,5,E-0096-05,대합실,지하,1,승강장,지하,2,양방향,"다대포해수욕장행 열차 이용, 다대포해수욕장역 하차, 반대방향 노포행 열차 이용",Y,7,복잡,타 역 환승,ALT_STN
1,97,낫개,N,N,상대식,35.06543602,128.9796806,1,E-0097-01,대합실,지하,1,역사 외부,지상,1,양방향,2호기 이용 또는 3호기 이용,Y,1,단순,대체 엘리베이터 이용,ALT_ELV
1,97,낫개,N,N,상대식,35.06543602,128.9796806,1,E-0097-01,역사 외부,지상,1,대합실,지하,1,양방향,2호기 이용 또는 3호기 이용,Y,1,단순,대체 엘리베이터 이용,ALT_ELV
1,97,낫개,N,N,상대식,35.06543602,128.9796806,2,E-0097-02,대합실,지하,1,역사 외부,지상,1,양방향,1호기 이용 또는 3호기 이용,Y,1,단순,대체 엘리베이터 이용,ALT_ELV
1,97,낫개,N,N,상대식,35.06543602,128.9796806,2,E-0097-02,역사 외부,지상,1,대합실,지하,1,양방향,1호기 이용 또는 3호기 이용,Y,1,단순,대체 엘리베이터 이용,ALT_ELV
1,97,낫개,N,N,상대식,35.06543602,128.9796806,3,E-0097-03,대합실,지하,1,역사 외부,지상,1,양방향,1호기 이용 또는 2호기 이용,Y,1,단순,대체 엘리베이터 이용,ALT_ELV
1,97,낫개,N,N,상대식,35.06543602,128.9796806,3,E-0097-03,역사 외부,지상,1,대합실,지하,1,양방향,1호기 이용 또는 2호기 이용,Y,1,단순,대체 엘리베이터 이용,ALT_ELV
1,97,낫개,N,N,상대식,35.06543602,128.9796806,4,E-0097-04,승강장,지하,3,대합실,지하,1,양방향,"다대포해수욕장행 열차 이용, 다대포항역 하차, 반대방향 노포행 열차 이용, 낫개역 하차, 5호기 이용(대합실 이동)",Y,10,복잡,역 복귀 이동,ALT_BACK
1,97,낫개,N,N,상대식,35.06543602,128.9796806,4,E-0097-04,대합실,지하,1,승강장,지하,3,양방향,"노포행 열차 이용, 신장림역 하차, 반대방향 다대포해수욕장행 열차 이용",Y,8,복잡,타 역 환승,ALT_STN
1,97,낫개,N,N,상대식,35.06543602,128.9796806,5,E-0097-05,승강장,지하,3,대합실,지하,1,양방향,"노포행 열차 이용, 신장림역 하차, 반대방향 다대포해수욕장행 열차 이용, 낫개역 하차, 4호기 이용(대합실 이동)",Y,10,복잡,역 복귀 이동,ALT_BACK
1,97,낫개,N,N,상대식,35.06543602,128.9796806,5,E-0097-05,대합실,지하,1,승강장,지하,3,양방향,"다대포해수욕장행 열차 이용, 다대포항역 하차, 반대방향 노포행 열차 이용",Y,8,복잡,타 역 환승,ALT_STN
1,98,신장림,N,N,상대식,35.0748044,128.9766486,1,E-0098-01,대합실,지하,1,역사 외부,지상,1,양방향,2호기 이용,Y,1,단순,대체 엘리베이터 이용,ALT_ELV
1,98,신장림,N,N,상대식,35.0748044,128.9766486,1,E-0098-01,역사 외부,지상,1,대합실,지하,1,양방향,2호기 이용,Y,1,단순,대체 엘리베이터 이용,ALT_ELV
1,98,신장림,N,N,상대식,35.0748044,128.9766486,2,E-0098-02,대합실,지하,1,역사 외부,지상,1,양방향,1호기 이용,Y,1,단순,대체 엘리베이터 이용,ALT_ELV
1,98,신장림,N,N,상대식,35.0748044,128.9766486,2,E-0098-02,역사 외부,지상,1,대합실,지하,1,양방향,1호기 이용,Y,1,단순,대체 엘리베이터 이용,ALT_ELV
1,98,신장림,N,N,상대식,35.0748044,128.9766486,3,E-0098-03,승강장,지하,2,대합실,지하,1,양방향,"다대포해수욕장행 열차 이용, 낫개역 하차, 반대방향 노포행 열차 이용, 신장림역 하차, 4호기 이용(대합실 이동)",Y,10,복잡,역 복귀 이동,ALT_BACK
1,98,신장림,N,N,상대식,35.0748044,128.9766486,3,E-0098-03,대합실,지하,1,승강장,지하,2,양방향,"노포행 열차 이용, 괴정역 하차, 반대방향 다대포해수욕장행 열차 이용",Y,7,복잡,타 역 환승,ALT_STN
1,98,신장림,N,N,상대식,35.0748044,128.9766486,4,E-0098-04,승강장,지하,2,대합실,지하,1,양방향,"노포행 열차 이용, 괴정역 하차, 반대방향 다대포해수욕장행 열차 이용, 신장림역 하차, 3호기 이용(대합실 이동)",Y,10,복잡,역 복귀 이동,ALT_BACK
1,98,신장림,N,N,상대식,35.0748044,128.9766486,4,E-0098-04,대합실,지하,1,승강장,지하,2,양방향,"다대포해수욕장행 열차 이용, 낫개역 하차, 반대방향 노포행 열차 이용",Y,7,복잡,타 역 환승,ALT_STN
1,99,장림,N,N,상대식,35.08209633,128.9773589,1,E-0099-01,대합실,지하,1,역사 외부,지상,1,양방향,2호기 이용,Y,1,단순,대체 엘리베이터 이용,ALT_ELV
1,99,장림,N,N,상대식,35.08209633,128.9773589,1,E-0099-01,역사 외부,지상,1,대합실,지하,1,양방향,2호기 이용,Y,1,단순,대체 엘리베이터 이용,ALT_ELV
1,99,장림,N,N,상대식,35.08209633,128.9773589,2,E-0099-02,대합실,지하,1,역사 외부,지상,1,양방향,1호기 이용,Y,1,단순,대체 엘리베이터 이용,ALT_ELV
1,99,장림,N,N,상대식,35.08209633,128.9773589,2,E-0099-02,역사 외부,지상,1,대합실,지하,1,양방향,1호기 이용,Y,1,단순,대체 엘리베이터 이용,ALT_ELV
1,99,장림,N,N,상대식,35.08209633,128.9773589,3,E-0099-03,승강장,지하,2,대합실,지하,1,양방향,"다대표행 열차 이용, 신장림역 하차, 반대방향 노포행 열차 이용, 장림역 하차, 4호기 이용(대합실 이동)",Y,10,복잡,역 복귀 이동,ALT_BACK
1,99,장림,N,N,상대식,35.08209633,128.9773589,3,E-0099-03,대합실,지하,1,승강장,지하,2,양방향,"노포행 열차 이용, 동매역 하차, 반대방향 다대포해수욕장행 열차 이용",Y,7,복잡,타 역 환승,ALT_STN
1,99,장림,N,N,상대식,35.08209633,128.9773589,4,E-0099-04,승강장,지하,2,대합실,지하,1,양방향,"노포행 열차 이용, 동매역 하차, 반대방향 다대포해수욕장행 열차 이용, 장림역 하차, 3호기 이용(대합실 이동)",Y,10,복잡,역 복귀 이동,ALT_BACK
1,99,장림,N,N,상대식,35.08209633,128.9773589,4,E-0099-04,대합실,지하,1,승강장,지하,2,양방향,"다대표행 열차 이용, 신장림역 하차, 반대방향 노포행 열차 이용",Y,7,복잡,타 역 환승,ALT_STN
1,100,동매,N,N,상대식,35.092883,128.976828,1,E-0100-01,대합실,지하,1,역사 외부,지상,1,양방향,2호기 이용,Y,1,단순,대체 엘리베이터 이용,ALT_ELV
1,100,동매,N,N,상대식,35.092883,128.976828,1,E-0100-01,역사 외부,지상,1,대합실,지하,1,양방향,2호기 이용,Y,1,단순,대체 엘리베이터 이용,ALT_ELV
1,100,동매,N,N,상대식,35.092883,128.976828,2,E-0100-02,대합실,지하,1,역사 외부,지상,1,양방향,1호기 이용,Y,1,단순,대체 엘리베이터 이용,ALT_ELV
1,100,동매,N,N,상대식,35.092883,128.976828,2,E-0100-02,역사 외부,지상,1,대합실,지하,1,양방향,1호기 이용,Y,1,단순,대체 엘리베이터 이용,ALT_ELV
1,100,동매,N,N,상대식,35.092883,128.976828,3,E-0100-03,대합실,지하,1,역사 외부,지상,1,양방향,1호기 이용 또는 2호기 이용 또는 5호기 이용,Y,1,단순,대체 엘리베이터 이용,ALT_ELV
1,100,동매,N,N,상대식,35.092883,128.976828,3,E-0100-03,역사 외부,지상,1,대합실,지하,1,양방향,1호기 이용 또는 2호기 이용 또는 5호기 이용,Y,1,단순,대체 엘리베이터 이용,ALT_ELV
1,100,동매,N,N,상대식,35.092883,128.976828,4,E-0100-04,대합실,지하,1,역사 외부,지상,1,양방향,6호기 이용 또는 7호기 이용 또는 8호기 이용,Y,1,단순,대체 엘리베이터 이용,ALT_ELV
1,100,동매,N,N,상대식,35.092883,128.976828,4,E-0100-04,역사 외부,지상,1,대합실,지하,1,양방향,6호기 이용 또는 7호기 이용 또는 8호기 이용,Y,1,단순,대체 엘리베이터 이용,ALT_ELV
1,100,동매,N,N,상대식,35.092883,128.976828,5,E-0100-05,대합실,지하,1,역사 외부,지상,1,양방향,3호기 이용 또는 6호기 이용 또는 7호기 이용 또는 8호기 이용,Y,1,단순,대체 엘리베이터 이용,ALT_ELV
1,100,동매,N,N,상대식,35.092883,128.976828,5,E-0100-05,역사 외부,지상,1,대합실,지하,1,양방향,3호기 이용 또는 6호기 이용 또는 7호기 이용 또는 8호기 이용,Y,1,단순,대체 엘리베이터 이용,ALT_ELV
1,100,동매,N,N,상대식,35.092883,128.976828,6,E-0100-06,대합실,지하,1,역사 외부,지상,1,양방향,7호기 이용 또는 8호기 이용,Y,1,단순,대체 엘리베이터 이용,ALT_ELV
1,100,동매,N,N,상대식,35.092883,128.976828,6,E-0100-06,역사 외부,지상,1,대합실,지하,1,양방향,7호기 이용 또는 8호기 이용,Y,1,단순,대체 엘리베이터 이용,ALT_ELV
1,100,동매,N,N,상대식,35.092883,128.976828,7,E-0100-07,대합실,지하,1,역사 외부,지상,1,양방향,6호기 이용 또는 8호기 이용,Y,1,단순,대체 엘리베이터 이용,ALT_ELV
1,100,동매,N,N,상대식,35.092883,128.976828,7,E-0100-07,역사 외부,지상,1,대합실,지하,1,양방향,6호기 이용 또는 8호기 이용,Y,1,단순,대체 엘리베이터 이용,ALT_ELV
1,100,동매,N,N,상대식,35.092883,128.976828,8,E-0100-08,대합실,지하,1,역사 외부,지상,1,양방향,7호기 이용 또는 8호기 이용,Y,1,단순,대체 엘리베이터 이용,ALT_ELV
1,100,동매,N,N,상대식,35.092883,128.976828,8,E-0100-08,역사 외부,지상,1,대합실,지하,1,양방향,7호기 이용 또는 8호기 이용,Y,1,단순,대체 엘리베이터 이용,ALT_ELV
1,100,동매,N,N,상대식,35.092883,128.976828,9,E-0100-09,승강장,지하,2,대합실,지하,1,양방향,"다대포해수욕장행 열차 이용, 장림역 하차, 반대방향 노포행 열차 이용, 동매역 하차, 10호기 이용(대합실 이동)",Y,10,복잡,역 복귀 이동,ALT_BACK
1,100,동매,N,N,상대식,35.092883,128.976828,9,E-0100-09,대합실,지하,1,승강장,지하,2,양방향,"노포행 열차 이용, 신평역 하차, 반대방향 다대포해수욕장행 열차 이용",Y,7,복잡,타 역 환승,ALT_STN
1,100,동매,N,N,상대식,35.092883,128.976828,10,E-0100-10,승강장,지하,2,대합실,지하,1,양방향,"노포행 열차 이용, 신평역 하차, 반대방향 다대포해수욕장행 열차 이용, 동매역 하차, 9호기 이용(대합실 이동)",Y,10,복잡,역 복귀 이동,ALT_BACK
1,100,동매,N,N,상대식,35.092883,128.976828,10,E-0100-10,대합실,지하,1,승강장,지하,2,양방향,"다대포해수욕장행 열차 이용, 장림역 하차, 반대방향 노포행 열차 이용",Y,7,복잡,타 역 환승,ALT_STN
1,101,신평,N,N,상대식,35.09517943,128.9605638,1,E-0101-01,대합실,지하,1,역사 외부,지상,1,양방향,2호기 이용,Y,1,단순,대체 엘리베이터 이용,ALT_ELV
1,101,신평,N,N,상대식,35.09517943,128.9605638,1,E-0101-01,역사 외부,지상,1,대합실,지하,1,양방향,2호기 이용,Y,1,단순,대체 엘리베이터 이용,ALT_ELV
1,101,신평,N,N,상대식,35.09517943,128.9605638,1,E-0101-01,대합실,지상,1,연계시설(임대시설),지상,2,양방향,대체 경로 없음,N,,이동 불가,이동 불가,ALT_NONE
1,101,신평,N,N,상대식,35.09517943,128.9605638,1,E-0101-01,연계시설(임대시설),지상,2,대합실,지상,1,양방향,대체 경로 없음,N,,이동 불가,이동 불가,ALT_NONE
1,101,신평,N,N,상대식,35.09517943,128.9605638,2,E-0101-02,대합실,지하,1,역사 외부,지상,1,양방향,1호기 이용,Y,1,단순,대체 엘리베이터 이용,ALT_ELV
1,101,신평,N,N,상대식,35.09517943,128.9605638,2,E-0101-02,역사 외부,지상,1,대합실,지하,1,양방향,1호기 이용,Y,1,단순,대체 엘리베이터 이용,ALT_ELV
1,101,신평,N,N,상대식,35.09517943,128.9605638,3,E-0101-03,대합실,지하,1,승강장,지상,1,양방향,"1호기 이용(지상으로 이동), 7-1번 지상 출구로 이동, 다대포해수욕장행 열차 이용",Y,6,복잡,타 역 환승,ALT_STN
1,101,신평,N,N,상대식,35.09517943,128.9605638,3,E-0101-03,승강장,지상,1,대합실,지하,1,양방향,"7-1번 지상 출구 이용, 1호기 이용(대합실로 이동)",Y,2,단순,대체 엘리베이터 이용,ALT_ELV
1,101,신평,N,N,상대식,35.09517943,128.9605638,4,E-0101-04,대합실,지하,1,승강장,지상,1,양방향,"다대포해수욕장행 열차 이용, 동매역 하차, 반대방향 노포행 열차 이용",Y,6,복잡,타 역 환승,ALT_STN
1,101,신평,N,N,상대식,35.09517943,128.9605638,4,E-0101-04,승강장,지상,1,대합실,지하,1,양방향,"노포행 열차 이용, 하단역 하차, 반대방향 다대포해수욕장행 열차 이용, 신평역 하차, 3호기 이용(대합실 이동)",Y,9,복잡,역 복귀 이동,ALT_BACK
1,102,하단,N,N,상대식,35.1061801,128.9668027,1,E-0102-01,대합실,지하,1,역사 외부,지상,1,양방향,2호기 이용 또는 3호기 이용,Y,1,단순,대체 엘리베이터 이용,ALT_ELV
1,102,하단,N,N,상대식,35.1061801,128.9668027,1,E-0102-01,역사 외부,지상,1,대합실,지하,1,양방향,2호기 이용 또는 3호기 이용,Y,1,단순,대체 엘리베이터 이용,ALT_ELV
1,102,하단,N,N,상대식,35.1061801,128.9668027,2,E-0102-02,대합실,지하,1,역사 외부,지상,1,양방향,1호기 이용 또는 3호기 이용,Y,1,단순,대체 엘리베이터 이용,ALT_ELV
1,102,하단,N,N,상대식,35.1061801,128.9668027,2,E-0102-02,역사 외부,지상,1,대합실,지하,1,양방향,1호기 이용 또는 3호기 이용,Y,1,단순,대체 엘리베이터 이용,ALT_ELV
1,102,하단,N,N,상대식,35.1061801,128.9668027,3,E-0102-03,대합실,지하,1,역사 외부,지상,1,양방향,1호기 이용 또는 2호기 이용,Y,1,단순,대체 엘리베이터 이용,ALT_ELV
1,102,하단,N,N,상대식,35.1061801,128.9668027,3,E-0102-03,역사 외부,지상,1,대합실,지하,1,양방향,1호기 이용 또는 2호기 이용,Y,1,단순,대체 엘리베이터 이용,ALT_ELV
1,102,하단,N,N,상대식,35.1061801,128.9668027,4,E-0102-04,승강장,지하,2,대합실,지하,1,양방향,"다대포해수욕장행 열차 이용, 신평역 하차, 반대방향 노포행 열차 이용, 하단역 하차, 5호기 이용(대합실 이동)",Y,10,복잡,역 복귀 이동,ALT_BACK
1,102,하단,N,N,상대식,35.1061801,128.9668027,4,E-0102-04,대합실,지하,1,승강장,지하,2,양방향,"5호기 이용(노포행 승강장 이동), 노포행 열차 이용, 당리역 하차, 반대방향 다대포해수욕장행 열차 이용",Y,8,복잡,타 역 환승,ALT_STN
1,102,하단,N,N,상대식,35.1061801,128.9668027,5,E-0102-05,승강장,지하,2,대합실,지하,1,양방향,"노포행 열차 이용, 당리역 하차, 반대방향 다대포해수욕장행 열차 이용, 하단역 하차, 4호기 이용(대합실 이동)",Y,10,복잡,역 복귀 이동,ALT_BACK
1,102,하단,N,N,상대식,35.1061801,128.9668027,5,E-0102-05,대합실,지하,1,승강장,지하,2,양방향,"4호기 이용(다대포해수욕장행 승강장 이동), 다대포해수욕장행 열차 이용, 신평역 하차, 반대방향 노포행 열차 이용",Y,8,복잡,타 역 환승,ALT_STN
1,103,당리,N,N,상대식,35.10353156,128.9738461,1,E-0103-01,대합실,지하,1,역사 외부,지상,1,양방향,2호기 이용 또는 3호기 이용,Y,1,단순,대체 엘리베이터 이용,ALT_ELV
1,103,당리,N,N,상대식,35.10353156,128.9738461,1,E-0103-01,역사 외부,지상,1,대합실,지하,1,양방향,2호기 이용 또는 3호기 이용,Y,1,단순,대체 엘리베이터 이용,ALT_ELV
1,103,당리,N,N,상대식,35.10353156,128.9738461,2,E-0103-02,대합실,지하,1,역사 외부,지상,1,양방향,1호기 이용 또는 3호기 이용,Y,1,단순,대체 엘리베이터 이용,ALT_ELV
1,103,당리,N,N,상대식,35.10353156,128.9738461,2,E-0103-02,역사 외부,지상,1,대합실,지하,1,양방향,1호기 이용 또는 3호기 이용,Y,1,단순,대체 엘리베이터 이용,ALT_ELV
1,103,당리,N,N,상대식,35.10353156,128.9738461,3,E-0103-03,대합실,지하,1,역사 외부,지상,1,양방향,1호기 이용 또는 2호기 이용,Y,1,단순,대체 엘리베이터 이용,ALT_ELV
1,103,당리,N,N,상대식,35.10353156,128.9738461,3,E-0103-03,역사 외부,지상,1,대합실,지하,1,양방향,1호기 이용 또는 2호기 이용,Y,1,단순,대체 엘리베이터 이용,ALT_ELV
1,103,당리,N,N,상대식,35.10353156,128.9738461,4,E-0103-04,승강장,지하,2,대합실,지하,1,양방향,"노포행 열차 이용, 사하역 하차, 반대방향 다대포해수욕장행 열차 이용, 당리역 하차, 5호기 이용(대합실 이동)",Y,10,복잡,역 복귀 이동,ALT_BACK
1,103,당리,N,N,상대식,35.10353156,128.9738461,4,E-0103-04,대합실,지하,1,승강장,지하,2,양방향,"5호기 이용(다대포해수욕장행 승강장 이동), 다대포해수욕장행 열차 이용, 하단역 하차, 반대방향 노포행 열차 이용",Y,8,복잡,타 역 환승,ALT_STN
1,103,당리,N,N,상대식,35.10353156,128.9738461,5,E-0103-05,승강장,지하,2,대합실,지하,1,양방향,"다대포해수욕장행 열차 이용, 하단역 하차, 반대방향 노포행 열차 이용, 당리역 하차, 4호기 이용(대합실 이동)",Y,10,복잡,역 복귀 이동,ALT_BACK
1,103,당리,N,N,상대식,35.10353156,128.9738461,5,E-0103-05,대합실,지하,1,승강장,지하,2,양방향,"4호기 이용(노포행 승강장 이동), 노포행 열차 이용, 사하역 하차, 반대방향 다대포해수욕장행 열차 이용",Y,8,복잡,타 역 환승,ALT_STN
1,104,사하,N,N,상대식,35.09984716,128.9830998,1,E-0104-01,대합실,지하,1,역사 외부,지상,1,양방향,2호기 이용,Y,1,단순,대체 엘리베이터 이용,ALT_ELV
1,104,사하,N,N,상대식,35.09984716,128.9830998,1,E-0104-01,역사 외부,지상,1,대합실,지하,1,양방향,2호기 이용,Y,1,단순,대체 엘리베이터 이용,ALT_ELV
1,104,사하,N,N,상대식,35.09984716,128.9830998,2,E-0104-02,대합실,지하,1,역사 외부,지상,1,양방향,1호기 이용,Y,1,단순,대체 엘리베이터 이용,ALT_ELV
1,104,사하,N,N,상대식,35.09984716,128.9830998,2,E-0104-02,역사 외부,지상,1,대합실,지하,1,양방향,1호기 이용,Y,1,단순,대체 엘리베이터 이용,ALT_ELV
1,104,사하,N,N,상대식,35.09984716,128.9830998,3,E-0104-03,대합실,지하,1,승강장,지하,2,양방향,"노포행 열차 이용, 괴정역 하차, 반대방향 다대포해수욕장행 열차 이용",Y,7,복잡,타 역 환승,ALT_STN
1,104,사하,N,N,상대식,35.09984716,128.9830998,3,E-0104-03,승강장,지하,2,대합실,지하,1,양방향,"다대포해수욕장행 열차 이용, 당리역 하차, 반대방향 노포행 열차 이용, 사하역 하차, 4호기 이용(대합실 이동)",Y,10,복잡,역 복귀 이동,ALT_BACK
1,104,사하,N,N,상대식,35.09984716,128.9830998,4,E-0104-04,대합실,지하,1,승강장,지하,2,양방향,"다대포해수욕장행 열차 이용, 당리역 하차, 반대방향 노포행 열차 이용",Y,7,복잡,타 역 환승,ALT_STN
1,104,사하,N,N,상대식,35.09984716,128.9830998,4,E-0104-04,승강장,지하,2,대합실,지하,1,양방향,"노포행 열차 이용, 괴정역 하차, 반대방향 다대포해수욕장행 열차 이용, 사하역 하차, 3호기 이용(대합실 이동)",Y,10,복잡,역 복귀 이동,ALT_BACK
1,105,괴정,N,N,상대식,35.09981644,128.9921442,1,E-0105-01,대합실,지하,1,역사 외부,지상,1,양방향,2호기 이용,Y,1,단순,대체 엘리베이터 이용,ALT_ELV
1,105,괴정,N,N,상대식,35.09981644,128.9921442,1,E-0105-01,역사 외부,지상,1,대합실,지하,1,양방향,2호기 이용,Y,1,단순,대체 엘리베이터 이용,ALT_ELV
1,105,괴정,N,N,상대식,35.09981644,128.9921442,2,E-0105-02,대합실,지하,1,역사 외부,지상,1,양방향,1호기 이용,Y,1,단순,대체 엘리베이터 이용,ALT_ELV
1,105,괴정,N,N,상대식,35.09981644,128.9921442,2,E-0105-02,역사 외부,지상,1,대합실,지하,1,양방향,1호기 이용,Y,1,단순,대체 엘리베이터 이용,ALT_ELV
1,105,괴정,N,N,상대식,35.09981644,128.9921442,3,E-0105-03,승강장,지하,2,대합실,지하,1,양방향,"다대포해수욕장행 열차 이용, 사하역 하차, 반대방향 노포행 열차 이용, 괴정역 하차, 4호기 이용(대합실 이동)",Y,10,복잡,역 복귀 이동,ALT_BACK
1,105,괴정,N,N,상대식,35.09981644,128.9921442,3,E-0105-03,대합실,지하,1,승강장,지하,2,양방향,"노포행 열차 이용, 대티역 하차, 반대방향 다대포해수욕장행 열차 이용",Y,7,복잡,타 역 환승,ALT_STN
1,105,괴정,N,N,상대식,35.09981644,128.9921442,4,E-0105-04,승강장,지하,2,대합실,지하,1,양방향,"노포행 열차 이용, 대티역 하차, 반대방향 다대포해수욕장행 열차 이용, 괴정역 하차, 3호기 이용(대합실 이동)",Y,10,복잡,역 복귀 이동,ALT_BACK
1,105,괴정,N,N,상대식,35.09981644,128.9921442,4,E-0105-04,대합실,지하,1,승강장,지하,2,양방향,"다대포해수욕장행 열차 이용, 사하역 하차, 반대방향 노포행 열차 이용",Y,7,복잡,타 역 환승,ALT_STN
1,106,대티,N,N,섬식,35.10312561,128.999936,1,E-0106-01,대합실,지하,1,역사 외부,지상,1,양방향,2호기 이용,Y,1,단순,대체 엘리베이터 이용,ALT_ELV
1,106,대티,N,N,섬식,35.10312561,128.999936,1,E-0106-01,역사 외부,지상,1,대합실,지하,1,양방향,2호기 이용,Y,1,단순,대체 엘리베이터 이용,ALT_ELV
1,106,대티,N,N,섬식,35.10312561,128.999936,2,E-0106-02,대합실,지하,1,역사 외부,지상,1,양방향,1호기 이용,Y,1,단순,대체 엘리베이터 이용,ALT_ELV
1,106,대티,N,N,섬식,35.10312561,128.999936,2,E-0106-02,역사 외부,지상,1,대합실,지하,1,양방향,1호기 이용,Y,1,단순,대체 엘리베이터 이용,ALT_ELV
1,106,대티,N,N,섬식,35.10312561,128.999936,3,E-0106-03,승강장,지하,5,대합실,지하,1,양방향,4호기 이용,Y,3,보통,대체 엘리베이터 이용,ALT_ELV
1,106,대티,N,N,섬식,35.10312561,128.999936,3,E-0106-03,대합실,지하,1,승강장,지하,5,양방향,4호기 이용,Y,3,보통,대체 엘리베이터 이용,ALT_ELV
1,106,대티,N,N,섬식,35.10312561,128.999936,4,E-0106-04,승강장,지하,5,대합실,지하,1,양방향,3호기 이용,Y,3,보통,대체 엘리베이터 이용,ALT_ELV
1,106,대티,N,N,섬식,35.10312561,128.999936,4,E-0106-04,대합실,지하,1,승강장,지하,5,양방향,3호기 이용,Y,3,보통,대체 엘리베이터 이용,ALT_ELV
1,107,서대신,N,N,섬식,35.11093717,129.0121776,1,E-0107-01,대합실,지하,1,역사 외부,지상,1,양방향,2호기 이용,Y,1,단순,대체 엘리베이터 이용,ALT_ELV
1,107,서대신,N,N,섬식,35.11093717,129.0121776,1,E-0107-01,역사 외부,지상,1,대합실,지하,1,양방향,2호기 이용,Y,1,단순,대체 엘리베이터 이용,ALT_ELV
1,107,서대신,N,N,섬식,35.11093717,129.0121776,2,E-0107-02,대합실,지하,1,역사 외부,지상,1,양방향,1호기 이용,Y,1,단순,대체 엘리베이터 이용,ALT_ELV
1,107,서대신,N,N,섬식,35.11093717,129.0121776,2,E-0107-02,역사 외부,지상,1,대합실,지하,1,양방향,1호기 이용,Y,1,단순,대체 엘리베이터 이용,ALT_ELV
1,107,서대신,N,N,섬식,35.11093717,129.0121776,3,E-0107-03,승강장,지하,4,대합실,지하,1,양방향,"노포행 또는 다대포해수욕장행 열차 이용, 인접역 하차, 엘리베이터 이용",Y,8,복잡,타 역 환승,ALT_STN
1,107,서대신,N,N,섬식,35.11093717,129.0121776,3,E-0107-03,대합실,지하,1,승강장,지하,4,양방향,대체 경로 없음,N,,이동 불가,이동 불가,ALT_NONE
1,108,동대신,N,N,상대식,35.11045226,129.0176842,1,E-0108-01,대합실,지하,1,역사 외부,지상,1,양방향,2호기 이용,Y,1,단순,대체 엘리베이터 이용,ALT_ELV
1,108,동대신,N,N,상대식,35.11045226,129.0176842,1,E-0108-01,역사 외부,지상,1,대합실,지하,1,양방향,2호기 이용,Y,1,단순,대체 엘리베이터 이용,ALT_ELV
1,108,동대신,N,N,상대식,35.11045226,129.0176842,2,E-0108-02,대합실,지하,1,역사 외부,지상,1,양방향,1호기 이용,Y,1,단순,대체 엘리베이터 이용,ALT_ELV
1,108,동대신,N,N,상대식,35.11045226,129.0176842,2,E-0108-02,역사 외부,지상,1,대합실,지하,1,양방향,1호기 이용,Y,1,단순,대체 엘리베이터 이용,ALT_ELV
1,108,동대신,N,N,상대식,35.11045226,129.0176842,3,E-0108-03,승강장,지하,2,대합실,지하,1,양방향,"다대포해수욕장행 열차 이용, 서대신역 하차, 반대방향 노포행 열차 이용, 동대신역 하차, 4호기 이용(대합실 이동)",Y,10,복잡,역 복귀 이동,ALT_BACK
1,108,동대신,N,N,상대식,35.11045226,129.0176842,3,E-0108-03,대합실,지하,1,승강장,지하,2,양방향,"노포행 열차 이용, 토성역 하차, 반대방향 다대포해수욕장행 열차 이용",Y,7,복잡,타 역 환승,ALT_STN
1,108,동대신,N,N,상대식,35.11045226,129.0176842,4,E-0108-04,승강장,지하,2,대합실,지하,1,양방향,"노포행 열차 이용, 토성역 하차, 반대방향 다대포해수욕장행 열차 이용, 동대신역 하차, 3호기 이용(대합실 이동)",Y,10,복잡,역 복귀 이동,ALT_BACK
1,108,동대신,N,N,상대식,35.11045226,129.0176842,4,E-0108-04,대합실,지하,1,승강장,지하,2,양방향,"다대포해수욕장행 열차 이용, 서대신역 하차, 반대방향 노포행 열차 이용",Y,7,복잡,타 역 환승,ALT_STN
1,109,토성,N,N,상대식,35.10072713,129.0197763,1,E-0109-01,대합실,지하,1,역사 외부,지상,1,양방향,2호기 이용,Y,1,단순,대체 엘리베이터 이용,ALT_ELV
1,109,토성,N,N,상대식,35.10072713,129.0197763,1,E-0109-01,역사 외부,지상,1,대합실,지하,1,양방향,2호기 이용,Y,1,단순,대체 엘리베이터 이용,ALT_ELV
1,109,토성,N,N,상대식,35.10072713,129.0197763,2,E-0109-02,대합실,지하,1,역사 외부,지상,1,양방향,1호기 이용,Y,1,단순,대체 엘리베이터 이용,ALT_ELV
1,109,토성,N,N,상대식,35.10072713,129.0197763,2,E-0109-02,역사 외부,지상,1,대합실,지하,1,양방향,1호기 이용,Y,1,단순,대체 엘리베이터 이용,ALT_ELV
1,109,토성,N,N,상대식,35.10072713,129.0197763,2,E-0109-02,대합실,지하,1,연계시설(부산대병원로비),지상,2,양방향,1호기 이용,Y,2,단순,대체 엘리베이터 이용,ALT_ELV
1,109,토성,N,N,상대식,35.10072713,129.0197763,2,E-0109-02,연계시설(부산대병원로비),지상,2,대합실,지하,1,양방향,1호기 이용,Y,2,단순,대체 엘리베이터 이용,ALT_ELV
1,109,토성,N,N,상대식,35.10072713,129.0197763,3,E-0109-03,승강장,지하,2,대합실,지하,1,양방향,"다대포해수욕장행 열차 이용, 동대신역 하차, 반대방향 노포행 열차 이용, 토성역 하차, 4호기 이용(대합실 이동)",Y,10,복잡,역 복귀 이동,ALT_BACK
1,109,토성,N,N,상대식,35.10072713,129.0197763,3,E-0109-03,대합실,지하,1,승강장,지하,2,양방향,"노포행 열차 이용, 자갈치역 하차, 반대방향 다대포해수욕장행 열차 이용",Y,7,복잡,타 역 환승,ALT_STN
1,109,토성,N,N,상대식,35.10072713,129.0197763,4,E-0109-04,승강장,지하,2,대합실,지하,1,양방향,"노포행 열차 이용, 자갈치역 하차, 반대방향 다대포해수욕장행 열차 이용, 토성역 하차, 3호기 이용(대합실 이동)",Y,10,복잡,역 복귀 이동,ALT_BACK
1,109,토성,N,N,상대식,35.10072713,129.0197763,4,E-0109-04,대합실,지하,1,승강장,지하,2,양방향,"다대포해수욕장행 열차 이용, 동대신역 하차, 반대방향 노포행 열차 이용",Y,7,복잡,타 역 환승,ALT_STN
1,110,자갈치,N,N,상대식,35.09737178,129.0266696,1,E-0110-01,대합실,지하,1,역사 외부,지상,1,양방향,2호기 이용,Y,1,단순,대체 엘리베이터 이용,ALT_ELV
1,110,자갈치,N,N,상대식,35.09737178,129.0266696,1,E-0110-01,역사 외부,지상,1,대합실,지하,1,양방향,2호기 이용,Y,1,단순,대체 엘리베이터 이용,ALT_ELV
1,110,자갈치,N,N,상대식,35.09737178,129.0266696,2,E-0110-02,대합실,지하,1,역사 외부,지상,1,양방향,1호기 이용 또는 3호기 이용,Y,1,단순,대체 엘리베이터 이용,ALT_ELV
1,110,자갈치,N,N,상대식,35.09737178,129.0266696,2,E-0110-02,역사 외부,지상,1,대합실,지하,1,양방향,1호기 이용 또는 3호기 이용,Y,1,단순,대체 엘리베이터 이용,ALT_ELV
1,110,자갈치,N,N,상대식,35.09737178,129.0266696,3,E-0110-03,대합실,지하,1,역사 외부,지상,1,양방향,1호기 이용 또는 2호기 이용,Y,1,단순,대체 엘리베이터 이용,ALT_ELV
1,110,자갈치,N,N,상대식,35.09737178,129.0266696,3,E-0110-03,역사 외부,지상,1,대합실,지하,1,양방향,1호기 이용 또는 2호기 이용,Y,1,단순,대체 엘리베이터 이용,ALT_ELV
1,110,자갈치,N,N,상대식,35.09737178,129.0266696,4,E-0110-04,승강장,지하,2,대합실,지하,1,양방향,"다대포해수욕장행 열차 이용, 서대신역 하차, 반대방향 노포행 열차 이용, 자갈치역 하차, 5호기 이용(대합실 이동)",Y,10,복잡,역 복귀 이동,ALT_BACK
1,110,자갈치,N,N,상대식,35.09737178,129.0266696,4,E-0110-04,대합실,지하,1,승강장,지하,2,양방향,"노포행 열차 이용, 중앙역 하차, 반대방향 다대포해수욕장행 열차 이용",Y,7,복잡,타 역 환승,ALT_STN
1,110,자갈치,N,N,상대식,35.09737178,129.0266696,5,E-0110-05,승강장,지하,2,대합실,지하,1,양방향,"노포행 열차 이용, 중앙역 하차, 반대방향 다대포해수욕장행 열차 이용, 자갈치역 하차, 4호기 이용(대합실 이동)",Y,10,복잡,역 복귀 이동,ALT_BACK
1,110,자갈치,N,N,상대식,35.09737178,129.0266696,5,E-0110-05,대합실,지하,1,승강장,지하,2,양방향,"다대포해수욕장행 열차 이용, 서대신역 하차, 반대방향 노포행 열차 이용",Y,7,복잡,타 역 환승,ALT_STN
1,111,남포,N,N,상대식,35.09795332,129.0348691,1,E-0111-01,대합실,지하,1,역사 외부,지상,1,양방향,2호기 이용,Y,1,단순,대체 엘리베이터 이용,ALT_ELV
1,111,남포,N,N,상대식,35.09795332,129.0348691,1,E-0111-01,역사 외부,지상,1,대합실,지하,1,양방향,2호기 이용,Y,1,단순,대체 엘리베이터 이용,ALT_ELV
1,111,남포,N,N,상대식,35.09795332,129.0348691,2,E-0111-02,대합실,지하,1,역사 외부,지상,1,양방향,1호기 이용,Y,1,단순,대체 엘리베이터 이용,ALT_ELV
1,111,남포,N,N,상대식,35.09795332,129.0348691,2,E-0111-02,역사 외부,지상,1,대합실,지하,1,양방향,1호기 이용,Y,1,단순,대체 엘리베이터 이용,ALT_ELV
1,111,남포,N,N,상대식,35.09795332,129.0348691,3,E-0111-03,승강장,지하,2,대합실,지하,1,양방향,"다대포해수욕장행 열차 이용, 자갈치역 하차, 반대방향 노포행 열차 이용, 남포역 하차, 4호기 이용(대합실 이동)",Y,10,복잡,역 복귀 이동,ALT_BACK
1,111,남포,N,N,상대식,35.09795332,129.0348691,3,E-0111-03,대합실,지하,1,승강장,지하,2,양방향,"노포행 열차 이용, 중앙역 하차, 반대방향 다대포해수욕장행 열차 이용",Y,7,복잡,타 역 환승,ALT_STN
1,111,남포,N,N,상대식,35.09795332,129.0348691,4,E-0111-04,승강장,지하,2,대합실,지하,1,양방향,"노포행 열차 이용, 중앙역 하차, 반대방향 다대포해수욕장행 열차 이용, 남포역 하차, 3호기 이용(대합실 이동)",Y,10,복잡,역 복귀 이동,ALT_BACK
1,111,남포,N,N,상대식,35.09795332,129.0348691,4,E-0111-04,대합실,지하,1,승강장,지하,2,양방향,"다대포해수욕장행 열차 이용, 자갈치역 하차, 반대방향 노포행 열차 이용",Y,7,복잡,타 역 환승,ALT_STN
1,112,중앙,N,N,섬식,35.10383658,129.0363711,1,E-0112-01,대합실,지하,1,역사 외부,지상,1,양방향,2호기 이용 또는 3호기 이용,Y,1,단순,대체 엘리베이터 이용,ALT_ELV
1,112,중앙,N,N,섬식,35.10383658,129.0363711,1,E-0112-01,역사 외부,지상,1,대합실,지하,1,양방향,2호기 이용 또는 3호기 이용,Y,1,단순,대체 엘리베이터 이용,ALT_ELV
1,112,중앙,N,N,섬식,35.10383658,129.0363711,2,E-0112-02,대합실,지하,1,역사 외부,지상,1,양방향,1호기 이용 또는 3호기 이용,Y,1,단순,대체 엘리베이터 이용,ALT_ELV
1,112,중앙,N,N,섬식,35.10383658,129.0363711,2,E-0112-02,역사 외부,지상,1,대합실,지하,1,양방향,1호기 이용 또는 3호기 이용,Y,1,단순,대체 엘리베이터 이용,ALT_ELV
1,112,중앙,N,N,섬식,35.10383658,129.0363711,3,E-0112-03,대합실,지하,1,역사 외부,지상,1,양방향,1호기 이용 또는 2호기 이용,Y,1,단순,대체 엘리베이터 이용,ALT_ELV
1,112,중앙,N,N,섬식,35.10383658,129.0363711,3,E-0112-03,역사 외부,지상,1,대합실,지하,1,양방향,1호기 이용 또는 2호기 이용,Y,1,단순,대체 엘리베이터 이용,ALT_ELV
1,112,중앙,N,N,섬식,35.10383658,129.0363711,4,E-0112-04,승강장,지하,2,대합실,지하,1,양방향,대체 경로 없음,N,,이동 불가,이동 불가,ALT_NONE
1,112,중앙,N,N,섬식,35.10383658,129.0363711,4,E-0112-04,대합실,지하,1,승강장,지하,2,양방향,대체 경로 없음,N,,이동 불가,이동 불가,ALT_NONE
1,113,부산,N,N,상대식,35.11522443,129.0396997,1,E-0113-01,대합실,지하,1,역사 외부,지상,1,양방향,2호기 이용,Y,1,단순,대체 엘리베이터 이용,ALT_ELV
1,113,부산,N,N,상대식,35.11522443,129.0396997,1,E-0113-01,역사 외부,지상,1,대합실,지하,1,양방향,2호기 이용,Y,1,단순,대체 엘리베이터 이용,ALT_ELV
1,113,부산,N,N,상대식,35.11522443,129.0396997,2,E-0113-02,대합실,지하,1,역사 외부,지상,1,양방향,1호기 이용,Y,1,단순,대체 엘리베이터 이용,ALT_ELV
1,113,부산,N,N,상대식,35.11522443,129.0396997,2,E-0113-02,역사 외부,지상,1,대합실,지하,1,양방향,1호기 이용,Y,1,단순,대체 엘리베이터 이용,ALT_ELV
1,113,부산,N,N,상대식,35.11522443,129.0396997,3,E-0113-03,승강장,지하,2,대합실,지하,1,양방향,"다대포해수욕장행 열차 이용, 중앙역 하차, 반대방향 노포행 열차 이용, 부산역 하차, 4호기 이용(대합실 이동)",Y,10,복잡,역 복귀 이동,ALT_BACK
1,113,부산,N,N,상대식,35.11522443,129.0396997,3,E-0113-03,대합실,지하,1,승강장,지하,2,양방향,"노포행 열차 이용, 초량역 하차, 반대방향 다대포해수욕장행 열차 이용",Y,7,복잡,타 역 환승,ALT_STN
1,113,부산,N,N,상대식,35.11522443,129.0396997,4,E-0113-04,승강장,지하,2,대합실,지하,1,양방향,"노포행 열차 이용, 초량역 하차, 반대방향 다대포해수욕장행 열차 이용, 부산역 하차, 3호기 이용(대합실 이동)",Y,10,복잡,역 복귀 이동,ALT_BACK
1,113,부산,N,N,상대식,35.11522443,129.0396997,4,E-0113-04,대합실,지하,1,승강장,지하,2,양방향,"다대포해수욕장행 열차 이용, 중앙역 하차, 반대방향 노포행 열차 이용",Y,7,복잡,타 역 환승,ALT_STN
1,114,초량,N,N,상대식,35.12116787,129.0430391,1,E-0114-01,대합실,지하,1,역사 외부,지상,1,양방향,2호기 이용,Y,1,단순,대체 엘리베이터 이용,ALT_ELV
1,114,초량,N,N,상대식,35.12116787,129.0430391,1,E-0114-01,역사 외부,지상,1,대합실,지하,1,양방향,2호기 이용,Y,1,단순,대체 엘리베이터 이용,ALT_ELV
1,114,초량,N,N,상대식,35.12116787,129.0430391,2,E-0114-02,대합실,지하,1,역사 외부,지상,1,양방향,1호기 이용,Y,1,단순,대체 엘리베이터 이용,ALT_ELV
1,114,초량,N,N,상대식,35.12116787,129.0430391,2,E-0114-02,역사 외부,지상,1,대합실,지하,1,양방향,1호기 이용,Y,1,단순,대체 엘리베이터 이용,ALT_ELV
1,114,초량,N,N,상대식,35.12116787,129.0430391,3,E-0114-03,승강장,지하,2,대합실,지하,1,양방향,"다대포해수욕장행 열차 이용, 부산역 하차, 반대방향 노포행 열차 이용, 초량역 하차, 4호기 이용(대합실 이동)",Y,10,복잡,역 복귀 이동,ALT_BACK
1,114,초량,N,N,상대식,35.12116787,129.0430391,3,E-0114-03,대합실,지하,1,승강장,지하,2,양방향,"노포행 열차 이용, 부산진역 하차, 반대방향 다대포해수욕장행 열차 이용",Y,7,복잡,타 역 환승,ALT_STN
1,114,초량,N,N,상대식,35.12116787,129.0430391,4,E-0114-04,승강장,지하,2,대합실,지하,1,양방향,"노포행 열차 이용, 부산진역 하차, 반대방향 다대포해수욕장행 열차 이용, 초량역 하차, 3호기 이용(대합실 이동)",Y,10,복잡,역 복귀 이동,ALT_BACK
1,114,초량,N,N,상대식,35.12116787,129.0430391,4,E-0114-04,대합실,지하,1,승강장,지하,2,양방향,"다대포해수욕장행 열차 이용, 부산역 하차, 반대방향 노포행 열차 이용",Y,7,복잡,타 역 환승,ALT_STN
1,115,부산진,N,N,상대식,35.12778653,129.0478939,1,E-0115-01,대합실,지하,1,역사 외부,지상,1,양방향,2호기 이용,Y,1,단순,대체 엘리베이터 이용,ALT_ELV
1,115,부산진,N,N,상대식,35.12778653,129.0478939,1,E-0115-01,역사 외부,지상,1,대합실,지하,1,양방향,2호기 이용,Y,1,단순,대체 엘리베이터 이용,ALT_ELV
1,115,부산진,N,N,상대식,35.12778653,129.0478939,2,E-0115-02,대합실,지하,1,역사 외부,지상,1,양방향,1호기 이용,Y,1,단순,대체 엘리베이터 이용,ALT_ELV
1,115,부산진,N,N,상대식,35.12778653,129.0478939,2,E-0115-02,역사 외부,지상,1,대합실,지하,1,양방향,1호기 이용,Y,1,단순,대체 엘리베이터 이용,ALT_ELV
1,115,부산진,N,N,상대식,35.12778653,129.0478939,3,E-0115-03,승강장,지하,2,대합실,지하,1,양방향,"다대포해수욕장행 열차 이용, 초량역 하차, 반대방향 노포행 열차 이용, 부산진역 하차, 4호기 이용(대합실 이동)",Y,10,복잡,역 복귀 이동,ALT_BACK
1,115,부산진,N,N,상대식,35.12778653,129.0478939,3,E-0115-03,대합실,지하,1,승강장,지하,2,양방향,"노포행 열차 이용, 좌천역 하차, 반대방향 다대포해수욕장행 열차 이용",Y,7,복잡,타 역 환승,ALT_STN
1,115,부산진,N,N,상대식,35.12778653,129.0478939,4,E-0115-04,승강장,지하,2,대합실,지하,1,양방향,"노포행 열차 이용, 좌천역 하차, 반대방향 다대포해수욕장행 열차 이용, 부산진역 하차, 3호기 이용(대합실 이동)",Y,10,복잡,역 복귀 이동,ALT_BACK
1,115,부산진,N,N,상대식,35.12778653,129.0478939,4,E-0115-04,대합실,지하,1,승강장,지하,2,양방향,"다대포해수욕장행 열차 이용, 초량역 하차, 반대방향 노포행 열차 이용",Y,7,복잡,타 역 환승,ALT_STN
1,116,좌천,N,N,상대식,35.13436078,129.0544546,1,E-0116-01,대합실,지하,1,역사 외부,지상,1,양방향,2호기 이용,Y,1,단순,대체 엘리베이터 이용,ALT_ELV
1,116,좌천,N,N,상대식,35.13436078,129.0544546,1,E-0116-01,역사 외부,지상,1,대합실,지하,1,양방향,2호기 이용,Y,1,단순,대체 엘리베이터 이용,ALT_ELV
1,116,좌천,N,N,상대식,35.13436078,129.0544546,2,E-0116-02,대합실,지하,1,역사 외부,지상,1,양방향,1호기 이용,Y,1,단순,대체 엘리베이터 이용,ALT_ELV
1,116,좌천,N,N,상대식,35.13436078,129.0544546,2,E-0116-02,역사 외부,지상,1,대합실,지하,1,양방향,1호기 이용,Y,1,단순,대체 엘리베이터 이용,ALT_ELV
1,116,좌천,N,N,상대식,35.13436078,129.0544546,3,E-0116-03,승강장,지하,2,대합실,지하,1,양방향,"다대포해수욕장행 열차 이용, 부산진역 하차, 반대방향 노포행 열차 이용, 좌천역 하차, 4호기 이용(대합실 이동)",Y,10,복잡,역 복귀 이동,ALT_BACK
1,116,좌천,N,N,상대식,35.13436078,129.0544546,3,E-0116-03,대합실,지하,1,승강장,지하,2,양방향,"4호기 이용(노포행 승강장 도착), 노포행 열차 이용, 범내골역 하차, 반대방향 다대포해수욕장행 열차 이용",Y,8,복잡,타 역 환승,ALT_STN
1,116,좌천,N,N,상대식,35.13436078,129.0544546,4,E-0116-04,승강장,지하,2,대합실,지하,1,양방향,"노포행 열차 이용, 범내골역 하차, 반대방향 다대포해수욕장행 열차 이용, 좌천역 하차, 3호기 이용(대합실 이동)",Y,10,복잡,역 복귀 이동,ALT_BACK
1,116,좌천,N,N,상대식,35.13436078,129.0544546,4,E-0116-04,대합실,지하,1,승강장,지하,2,양방향,"3호기 이용(다대포해수욕장행 승강장 도착), 다대포해수욕장행 열차 이용, 부산진역 하차, 반대방향 노포행 열차 이용",Y,8,복잡,타 역 환승,ALT_STN
1,117,범일,N,N,상대식,35.14095205,129.0593523,1,E-0117-01,대합실,지하,1,역사 외부,지상,1,양방향,2호기 이용,Y,1,단순,대체 엘리베이터 이용,ALT_ELV
1,117,범일,N,N,상대식,35.14095205,129.0593523,1,E-0117-01,역사 외부,지상,1,대합실,지하,1,양방향,2호기 이용,Y,1,단순,대체 엘리베이터 이용,ALT_ELV
1,117,범일,N,N,상대식,35.14095205,129.0593523,2,E-0117-02,대합실,지하,1,역사 외부,지상,1,양방향,1호기 이용,Y,1,단순,대체 엘리베이터 이용,ALT_ELV
1,117,범일,N,N,상대식,35.14095205,129.0593523,2,E-0117-02,역사 외부,지상,1,대합실,지하,1,양방향,1호기 이용,Y,1,단순,대체 엘리베이터 이용,ALT_ELV
1,117,범일,N,N,상대식,35.14095205,129.0593523,3,E-0117-03,승강장,지하,2,대합실,지하,1,양방향,"다대포해수욕장행 열차 이용, 부산진역 하차, 반대방향 노포행 열차 이용, 범일역 하차, 4호기 이용(대합실 이동)",Y,10,복잡,역 복귀 이동,ALT_BACK
1,117,범일,N,N,상대식,35.14095205,129.0593523,3,E-0117-03,대합실,지하,1,승강장,지하,2,양방향,"노포행 열차 이용, 범내골역 하차, 반대방향 다대포해수욕장행 열차 이용",Y,7,복잡,타 역 환승,ALT_STN
1,117,범일,N,N,상대식,35.14095205,129.0593523,4,E-0117-04,승강장,지하,2,대합실,지하,1,양방향,"노포행 열차 이용, 범내골역 하차, 반대방향 다대포해수욕장행 열차 이용, 범일역 하차, 3호기 이용(대합실 이동)",Y,10,복잡,역 복귀 이동,ALT_BACK
1,117,범일,N,N,상대식,35.14095205,129.0593523,4,E-0117-04,대합실,지하,1,승강장,지하,2,양방향,"다대포해수욕장행 열차 이용, 부산진역 하차, 반대방향 노포행 열차 이용",Y,7,복잡,타 역 환승,ALT_STN
1,118,범내골,N,N,섬식,35.14740024,129.0592611,1,E-0118-01,대합실,지하,1,역사 외부,지상,1,양방향,2호기 이용,Y,1,단순,대체 엘리베이터 이용,ALT_ELV
1,118,범내골,N,N,섬식,35.14740024,129.0592611,1,E-0118-01,역사 외부,지상,1,대합실,지하,1,양방향,2호기 이용,Y,1,단순,대체 엘리베이터 이용,ALT_ELV
1,118,범내골,N,N,섬식,35.14740024,129.0592611,2,E-0118-02,대합실,지하,1,역사 외부,지상,1,양방향,1호기 이용,Y,1,단순,대체 엘리베이터 이용,ALT_ELV
1,118,범내골,N,N,섬식,35.14740024,129.0592611,2,E-0118-02,역사 외부,지상,1,대합실,지하,1,양방향,1호기 이용,Y,1,단순,대체 엘리베이터 이용,ALT_ELV
1,118,범내골,N,N,섬식,35.14740024,129.0592611,3,E-0118-03,대합실,지하,1,역사 외부,지상,1,양방향,4호기 이용,Y,1,단순,대체 엘리베이터 이용,ALT_ELV
1,118,범내골,N,N,섬식,35.14740024,129.0592611,3,E-0118-03,역사 외부,지상,1,대합실,지하,1,양방향,4호기 이용,Y,1,단순,대체 엘리베이터 이용,ALT_ELV
1,118,범내골,N,N,섬식,35.14740024,129.0592611,4,E-0118-04,대합실,지하,1,역사 외부,지상,1,양방향,3호기 이용,Y,1,단순,대체 엘리베이터 이용,ALT_ELV
1,118,범내골,N,N,섬식,35.14740024,129.0592611,4,E-0118-04,역사 외부,지상,1,대합실,지하,1,양방향,3호기 이용,Y,1,단순,대체 엘리베이터 이용,ALT_ELV
1,118,범내골,N,N,섬식,35.14740024,129.0592611,5,E-0118-05,승강장,지하,2,대합실,지하,1,양방향,6호기 이용,Y,2,단순,대체 엘리베이터 이용,ALT_ELV
1,118,범내골,N,N,섬식,35.14740024,129.0592611,5,E-0118-05,대합실,지하,1,승강장,지하,2,양방향,6호기 이용,Y,2,단순,대체 엘리베이터 이용,ALT_ELV
1,118,범내골,N,N,섬식,35.14740024,129.0592611,6,E-0118-06,승강장,지하,2,대합실,지하,1,양방향,5호기 이용,Y,2,단순,대체 엘리베이터 이용,ALT_ELV
1,118,범내골,N,N,섬식,35.14740024,129.0592611,6,E-0118-06,대합실,지하,1,승강장,지하,2,양방향,5호기 이용,Y,2,단순,대체 엘리베이터 이용,ALT_ELV
1,119,서면,N,Y,상대식,35.15828203,129.0595561,1,E-0119-01,대합실,지하,1,역사 외부,지상,1,양방향,"1호선 2호기 이용 또는 2호선 1호기 이용 또는 휠체어리프트 2호기 이용, 2호선 2호기 이용",Y,3,보통,대체 엘리베이터 이용,ALT_ELV
1,119,서면,N,Y,상대식,35.15828203,129.0595561,1,E-0119-01,역사 외부,지상,1,대합실,지하,1,양방향,"1호선 2호기 이용 또는 2호선 1호기 이용 또는 2호선 2호기 이용, 휠체어리프트 2호기 이용",Y,3,보통,대체 엘리베이터 이용,ALT_ELV
1,119,서면,N,Y,상대식,35.15828203,129.0595561,2,E-0119-02,대합실,지하,1,역사 외부,지상,1,양방향,"1호선 1호기 이용 또는 휠체어리프트 2호기 이용, 2호선 1호기 이용 또는 휠체어리프트 2호기 이용, 2호선 2호기 이용",Y,4,보통,대체 엘리베이터 이용,ALT_ELV
1,119,서면,N,Y,상대식,35.15828203,129.0595561,2,E-0119-02,역사 외부,지상,1,대합실,지하,1,양방향,"1호선 1호기 이용 또는 2호선 1호기 이용, 휠체어리프트 2호기 이용 또는 2호선 2호기 이용, 휠체어리프트 2호기 이용",Y,4,보통,대체 엘리베이터 이용,ALT_ELV
1,119,서면,N,Y,상대식,35.15828203,129.0595561,3,E-0119-03,승강장,지하,2,대합실,지하,1,양방향,"2호선 4호기 이용(2호선 승강장 이동), 2호선 5호기 이용(2호선 대합실 이동), 휠체어리프트 2호기 이용(1호선 대합실 이동)",Y,5,보통,대체 엘리베이터 이용,ALT_ELV
1,119,서면,N,Y,상대식,35.15828203,129.0595561,3,E-0119-03,대합실,지하,1,승강장,지하,2,양방향,"휠체어리프트 2호기 이용(2호선 대합실 이동), 2호선 5호기 이용(2호선 승강장 이동), 2호선 4호기 이용(다대포해수욕장행 승강장 이동)",Y,5,보통,대체 엘리베이터 이용,ALT_ELV
1,119,서면,N,Y,상대식,35.15828203,129.0595561,4,E-0119-04,승강장,지하,2,대합실,지하,1,양방향,"휠체어리프트 1호기 이용(중층 이동), 2호선 3호기 이용(2호선 승강장 이동), 2호선 4호기 이용(다대포해수욕장행 승강장 이동), 1호선 3호기 이용(1호선 대합실 이동)",Y,6,복잡,대체 엘리베이터 이용,ALT_ELV
1,119,서면,N,Y,상대식,35.15828203,129.0595561,4,E-0119-04,대합실,지하,1,승강장,지하,2,양방향,"1호선 3호기 이용(다대포해수욕장행 승강장 이동), 2호선 4호기 이용(2호선 승강장 이동), 2호선 3호기 이용(중층 이동), 휠체어리프트 1호기 이용(노포행 승강장 이동)",Y,6,복잡,대체 엘리베이터 이용,ALT_ELV
1,120,부전,N,N,상대식,35.16258653,129.0629518,1,E-0120-01,대합실,지하,1,역사 외부,지상,1,양방향,2호기 이용,Y,1,단순,대체 엘리베이터 이용,ALT_ELV
1,120,부전,N,N,상대식,35.16258653,129.0629518,1,E-0120-01,역사 외부,지상,1,대합실,지하,1,양방향,2호기 이용,Y,1,단순,대체 엘리베이터 이용,ALT_ELV
1,120,부전,N,N,상대식,35.16258653,129.0629518,2,E-0120-02,대합실,지하,1,역사 외부,지상,1,양방향,1호기 이용,Y,1,단순,대체 엘리베이터 이용,ALT_ELV
1,120,부전,N,N,상대식,35.16258653,129.0629518,2,E-0120-02,역사 외부,지상,1,대합실,지하,1,양방향,1호기 이용,Y,1,단순,대체 엘리베이터 이용,ALT_ELV
1,120,부전,N,N,상대식,35.16258653,129.0629518,3,E-0120-03,승강장,지하,2,대합실,지하,1,양방향,"다대포해수욕장행 열차 이용, 서면역 하차, 반대방향 노포행 열차 이용, 부전역 하차, 4호기 이용(대합실 이동)",Y,10,복잡,역 복귀 이동,ALT_BACK
1,120,부전,N,N,상대식,35.16258653,129.0629518,3,E-0120-03,대합실,지하,1,승강장,지하,2,양방향,"노포행 열차 이용, 양정역 하차, 반대방향 다대포해수욕장행 열차 이용",Y,7,복잡,타 역 환승,ALT_STN
1,120,부전,N,N,상대식,35.16258653,129.0629518,4,E-0120-04,승강장,지하,2,대합실,지하,1,양방향,"노포행 열차 이용, 양정역 하차, 반대방향 다대포해수욕장행 열차 이용, 부전역 하차, 3호기 이용(대합실 이동)",Y,10,복잡,역 복귀 이동,ALT_BACK
1,120,부전,N,N,상대식,35.16258653,129.0629518,4,E-0120-04,대합실,지하,1,승강장,지하,2,양방향,"다대포해수욕장행 열차 이용, 서면역 하차, 반대방향 노포행 열차 이용",Y,7,복잡,타 역 환승,ALT_STN
1,121,양정,N,N,상대식,35.17312208,129.0713659,1,E-0121-01,대합실,지하,1,역사 외부,지상,1,양방향,2호기 이용 또는 3호기 이용 또는 4호기 이용,Y,1,단순,대체 엘리베이터 이용,ALT_ELV
1,121,양정,N,N,상대식,35.17312208,129.0713659,1,E-0121-01,역사 외부,지상,1,대합실,지하,1,양방향,2호기 이용 또는 3호기 이용 또는 4호기 이용,Y,1,단순,대체 엘리베이터 이용,ALT_ELV
1,121,양정,N,N,상대식,35.17312208,129.0713659,2,E-0121-02,대합실,지하,1,역사 외부,지상,1,양방향,1호기 이용 또는 3호기 이용 또는 4호기 이용,Y,1,단순,대체 엘리베이터 이용,ALT_ELV
1,121,양정,N,N,상대식,35.17312208,129.0713659,2,E-0121-02,역사 외부,지상,1,대합실,지하,1,양방향,1호기 이용 또는 3호기 이용 또는 4호기 이용,Y,1,단순,대체 엘리베이터 이용,ALT_ELV
1,121,양정,N,N,상대식,35.17312208,129.0713659,3,E-0121-03,대합실,지하,1,역사 외부,지상,1,양방향,1호기 이용 또는 2호기 이용 또는 4호기 이용,Y,1,단순,대체 엘리베이터 이용,ALT_ELV
1,121,양정,N,N,상대식,35.17312208,129.0713659,3,E-0121-03,역사 외부,지상,1,대합실,지하,1,양방향,1호기 이용 또는 2호기 이용 또는 4호기 이용,Y,1,단순,대체 엘리베이터 이용,ALT_ELV
1,121,양정,N,N,상대식,35.17312208,129.0713659,4,E-0121-04,대합실,지하,1,역사 외부,지상,1,양방향,1호기 이용 또는 2호기 이용 또는 3호기 이용,Y,1,단순,대체 엘리베이터 이용,ALT_ELV
1,121,양정,N,N,상대식,35.17312208,129.0713659,4,E-0121-04,역사 외부,지상,1,대합실,지하,1,양방향,1호기 이용 또는 2호기 이용 또는 3호기 이용,Y,1,단순,대체 엘리베이터 이용,ALT_ELV
1,121,양정,N,N,상대식,35.17312208,129.0713659,5,E-0121-05,승강장,지하,2,대합실,지하,1,양방향,"다대포해수욕장행 열차 이용, 부전역 하차, 반대방향 노포행 열차 이용, 양정역 하차, 6호기 이용(대합실 이동)",Y,10,복잡,역 복귀 이동,ALT_BACK
1,121,양정,N,N,상대식,35.17312208,129.0713659,5,E-0121-05,대합실,지하,1,승강장,지하,2,양방향,"6호기 이용(노포행 승강장 이동), 노포행 열차 이용, 시청역 하차, 반대방향 다대포해수욕장행 열차 이용",Y,8,복잡,타 역 환승,ALT_STN
1,121,양정,N,N,상대식,35.17312208,129.0713659,6,E-0121-06,승강장,지하,2,대합실,지하,1,양방향,"노포행 열차 이용, 시청역 하차, 반대방향 다대포해수욕장행 열차 이용, 양정역 하차, 5호기 이용(대합실 이동)",Y,10,복잡,역 복귀 이동,ALT_BACK
1,121,양정,N,N,상대식,35.17312208,129.0713659,6,E-0121-06,대합실,지하,1,승강장,지하,2,양방향,"5호기 이용(다대포해수욕장행 승강장 이동), 다대포해수욕장행 열차 이용, 부전역 하차, 반대방향 노포행 열차 이용",Y,8,복잡,타 역 환승,ALT_STN
1,122,시청,N,N,상대식,35.17983736,129.0766418,1,E-0122-01,대합실,지하,1,역사 외부,지상,1,양방향,2호기 이용,Y,1,단순,대체 엘리베이터 이용,ALT_ELV
1,122,시청,N,N,상대식,35.17983736,129.0766418,1,E-0122-01,역사 외부,지상,1,대합실,지하,1,양방향,2호기 이용,Y,1,단순,대체 엘리베이터 이용,ALT_ELV
1,122,시청,N,N,상대식,35.17983736,129.0766418,2,E-0122-02,대합실,지하,1,역사 외부,지상,1,양방향,1호기 이용,Y,1,단순,대체 엘리베이터 이용,ALT_ELV
1,122,시청,N,N,상대식,35.17983736,129.0766418,2,E-0122-02,역사 외부,지상,1,대합실,지하,1,양방향,1호기 이용,Y,1,단순,대체 엘리베이터 이용,ALT_ELV
1,122,시청,N,N,상대식,35.17983736,129.0766418,3,E-0122-03,승강장,지하,2,대합실,지하,1,양방향,"다대포해수욕장행 열차 이용, 양정역 하차, 반대방향 노포행 열차 이용, 시청역 하차, 4호기 이용(대합실 이동)",Y,10,복잡,역 복귀 이동,ALT_BACK
1,122,시청,N,N,상대식,35.17983736,129.0766418,3,E-0122-03,대합실,지하,1,승강장,지하,2,양방향,"노포행 열차 이용, 연산역 하차, 반대방향 다대포해수욕장행 열차 이용",Y,7,복잡,타 역 환승,ALT_STN
1,122,시청,N,N,상대식,35.17983736,129.0766418,4,E-0122-04,승강장,지하,2,대합실,지하,1,양방향,"노포행 열차 이용, 연산역 하차, 반대방향 다대포해수욕장행 열차 이용, 시청역 하차, 3호기 이용(대합실 이동)",Y,10,복잡,역 복귀 이동,ALT_BACK
1,122,시청,N,N,상대식,35.17983736,129.0766418,4,E-0122-04,대합실,지하,1,승강장,지하,2,양방향,"다대포해수욕장행 열차 이용, 양정역 하차, 반대방향 노포행 열차 이용",Y,7,복잡,타 역 환승,ALT_STN
1,123,연산,N,Y,상대식,35.18616847,129.0815341,1,E-0123-01,대합실,지하,1,역사 외부,지상,1,양방향,1호선 2호기 이용 또는 1호선 3호기 이용 또는 3호선 1호기 이용,Y,2,단순,대체 엘리베이터 이용,ALT_ELV
1,123,연산,N,Y,상대식,35.18616847,129.0815341,1,E-0123-01,역사 외부,지상,1,대합실,지하,1,양방향,1호선 2호기 이용 또는 1호선 3호기 이용 또는 3호선 1호기 이용,Y,2,단순,대체 엘리베이터 이용,ALT_ELV
1,123,연산,N,Y,상대식,35.18616847,129.0815341,2,E-0123-02,대합실,지하,1,역사 외부,지상,1,양방향,1호선 1호기 이용 또는 1호선 3호기 이용 또는 3호선 1호기 이용,Y,2,단순,대체 엘리베이터 이용,ALT_ELV
1,123,연산,N,Y,상대식,35.18616847,129.0815341,2,E-0123-02,역사 외부,지상,1,대합실,지하,1,양방향,1호선 1호기 이용 또는 1호선 3호기 이용 또는 3호선 1호기 이용,Y,2,단순,대체 엘리베이터 이용,ALT_ELV
1,123,연산,N,Y,상대식,35.18616847,129.0815341,3,E-0123-03,대합실,지하,1,역사 외부,지상,1,양방향,1호선 1호기 이용 또는 1호선 2호기 이용 또는 1호선 3호기 이용,Y,2,단순,대체 엘리베이터 이용,ALT_ELV
1,123,연산,N,Y,상대식,35.18616847,129.0815341,3,E-0123-03,역사 외부,지상,1,대합실,지하,1,양방향,1호선 1호기 이용 또는 1호선 2호기 이용 또는 1호선 3호기 이용,Y,2,단순,대체 엘리베이터 이용,ALT_ELV
1,124,교대,N,N,상대식,35.19604997,129.0800348,1,E-0124-01,대합실,지하,1,역사 외부,지상,1,양방향,2호기 이용,Y,1,단순,대체 엘리베이터 이용,ALT_ELV
1,124,교대,N,N,상대식,35.19604997,129.0800348,1,E-0124-01,역사 외부,지상,1,대합실,지하,1,양방향,2호기 이용,Y,1,단순,대체 엘리베이터 이용,ALT_ELV
1,124,교대,N,N,상대식,35.19604997,129.0800348,2,E-0124-02,대합실,지하,1,역사 외부,지상,1,양방향,5호기 이용,Y,1,단순,대체 엘리베이터 이용,ALT_ELV
1,124,교대,N,N,상대식,35.19604997,129.0800348,2,E-0124-02,역사 외부,지상,1,대합실,지하,1,양방향,5호기 이용,Y,1,단순,대체 엘리베이터 이용,ALT_ELV
1,124,교대,N,N,상대식,35.19604997,129.0800348,3,E-0124-03,승강장,지하,1,승강장,지하,1,양방향,"4호기 이용(다대포해수욕장행 승강장 이동), 다대포해수욕장행 열차 이용, 연산역 하차, 반대방향 노포행 열차 이용",Y,7,복잡,타 역 환승,ALT_STN
1,124,교대,N,N,상대식,35.19604997,129.0800348,3,E-0124-03,승강장,지하,1,승강장,지하,1,양방향,"노포행 열차 이용, 동래역 하차, 반대방향 다대포해수욕장행 열차 이용",Y,6,복잡,타 역 환승,ALT_STN
1,124,교대,N,N,상대식,35.19604997,129.0800348,4,E-0124-04,승강장,지하,1,승강장,지하,1,양방향,"3호기 이용(노포행 승강장 이동), 노포행 열차 이용, 동래역 하차, 반대방향 다대포해수욕장행 열차 이용",Y,7,복잡,타 역 환승,ALT_STN
1,124,교대,N,N,상대식,35.19604997,129.0800348,4,E-0124-04,승강장,지하,1,승강장,지하,1,양방향,"다대포해수욕장행 열차 이용, 연산역 하차, 반대방향 노포행 열차 이용",Y,6,복잡,타 역 환승,ALT_STN
1,124,교대,N,N,상대식,35.19604997,129.0800348,5,E-0124-05,대합실,지하,1,역사 외부,지상,1,양방향,2호기 이용,Y,1,단순,대체 엘리베이터 이용,ALT_ELV
1,124,교대,N,N,상대식,35.19604997,129.0800348,5,E-0124-05,역사 외부,지상,1,대합실,지하,1,양방향,2호기 이용,Y,1,단순,대체 엘리베이터 이용,ALT_ELV
1,125,동래,N,Y,상대식,35.20564099,129.0785059,1,E-0125-01,대합실,지상,1,승강장,지상,2,양방향,"노포행 열차 이용, 명륜역 하차, 반대방향 다대포해수욕장행 열차 이용",Y,8,복잡,타 역 환승,ALT_STN
1,125,동래,N,Y,상대식,35.20564099,129.0785059,1,E-0125-01,승강장,지상,2,대합실,지상,1,양방향,"다대포해수욕장행 열차 이용, 교대역 하차, 반대방향 노포행 열차 이용, 동래역 하차, 2호기 이용(대합실 이동)",Y,10,복잡,역 복귀 이동,ALT_BACK
4,125,동래,N,Y,상대식,35.20564099,129.0785059,1,E-0125-01,대합실,지하,1,역사 외부,지상,1,양방향,2호기 이용,Y,2,단순,대체 엘리베이터 이용,ALT_ELV
4,125,동래,N,Y,상대식,35.20564099,129.0785059,1,E-0125-01,역사 외부,지상,1,대합실,지하,1,양방향,2호기 이용,Y,2,단순,대체 엘리베이터 이용,ALT_ELV
1,125,동래,N,Y,상대식,35.20564099,129.0785059,2,E-0125-02,대합실,지상,1,승강장,지상,2,양방향,"다대포해수욕장행 열차 이용, 교대역 하차, 반대방향 노포행 열차 이용",Y,8,복잡,타 역 환승,ALT_STN
1,125,동래,N,Y,상대식,35.20564099,129.0785059,2,E-0125-02,승강장,지상,2,대합실,지상,1,양방향,"노포행 열차 이용, 명륜역 하차, 반대방향 다대포해수욕장행 열차 이용, 동래역 하차, 1호기 이용(대합실 이동)",Y,10,복잡,역 복귀 이동,ALT_BACK
4,125,동래,N,Y,상대식,35.20564099,129.0785059,2,E-0125-02,대합실,지하,1,역사 외부,지상,1,양방향,1호기 이용,Y,2,단순,대체 엘리베이터 이용,ALT_ELV
4,125,동래,N,Y,상대식,35.20564099,129.0785059,2,E-0125-02,역사 외부,지상,1,대합실,지하,1,양방향,1호기 이용,Y,2,단순,대체 엘리베이터 이용,ALT_ELV
4,125,동래,N,Y,상대식,35.20564099,129.0785059,3,E-0125-03,승강장,지하,4,대합실,지하,1,양방향,"미남행 열차 이용, 미남역 하차, 반대방향 안평행 열차 이용, 동래역 하차, 4호기 이용(대합실 이동)",Y,10,복잡,역 복귀 이동,ALT_BACK
4,125,동래,N,Y,상대식,35.20564099,129.0785059,3,E-0125-03,대합실,지하,1,승강장,지하,4,양방향,"안평행 열차 이용, 수안역 하차, 반대방향 미남행 열차 이용",Y,9,복잡,타 역 환승,ALT_STN
4,125,동래,N,Y,상대식,35.20564099,129.0785059,4,E-0125-04,승강장,지하,4,대합실,지하,1,양방향,"안평행 열차 이용, 수안역 하차, 반대방향 미남행 이용, 동래역 하차, 3호기 이용(대합실 이동)",Y,10,복잡,역 복귀 이동,ALT_BACK
4,125,동래,N,Y,상대식,35.20564099,129.0785059,4,E-0125-04,대합실,지하,1,승강장,지하,4,양방향,"미남행 열차 이용, 미남역 하차, 반대방향 안평행 열차 이용",Y,9,복잡,타 역 환승,ALT_STN
1,126,명륜,N,N,상대식,35.21255081,129.0796593,1,E-0126-01,대합실,지상,1,승강장,지상,2,양방향,"다대포해수욕장행 열차 이용, 동래역 하차, 반대방향 노포행 열차 이용",Y,7,복잡,타 역 환승,ALT_STN
1,126,명륜,N,N,상대식,35.21255081,129.0796593,1,E-0126-01,승강장,지상,2,대합실,지상,1,양방향,"노포행 열차 이용, 온천장역 하차, 반대방향 다대포해수욕장행 열차 이용, 명륜역 하차, 5번출구 외부 동래구청 엘리베이터 이용(대합실 이동)",Y,10,복잡,역 복귀 이동,ALT_BACK
1,126,명륜,N,N,상대식,35.21255081,129.0796593,99,E-0126-99,대합실,지상,1,승강장,지상,2,양방향,"노포행 열차 이용, 온천장역 하차, 반대방향 다대포해수욕장행 열차 이용",Y,7,복잡,타 역 환승,ALT_STN
1,126,명륜,N,N,상대식,35.21255081,129.0796593,99,E-0126-99,승강장,지상,2,대합실,지상,1,양방향,"다대포해수욕장행 열차 이용, 동래역 하차, 반대방향 노포행 열차 이용, 명륜역 하차, 1호기 이용(대합실 이동)",Y,10,복잡,역 복귀 이동,ALT_BACK
1,127,온천장,N,N,상대식,35.22024889,129.0864372,1,E-0127-01,대합실,지상,1,승강장,지상,2,양방향,"다대포해수욕장행 열차 이용, 명륜역 하차, 반대방향 노포행 열차 이용",Y,7,복잡,타 역 환승,ALT_STN
1,127,온천장,N,N,상대식,35.22024889,129.0864372,1,E-0127-01,승강장,지상,2,대합실,지상,1,양방향,"노포행 열차 이용, 부산대역 하차, 반대방향 다대포해수욕장행 열차 이용, 온천장역 하차, 5번 7번 연결육교 동래구청 엘리베이터 이용(대합실 이동)",Y,10,복잡,역 복귀 이동,ALT_BACK
1,128,부산대,N,N,상대식,35.22960918,129.0893582,1,E-0128-01,대합실,지상,1,승강장,지상,2,양방향,"노포행 열차 이용, 장전역 하차, 반대방향 다대포해수욕장행 열차 이용",Y,7,복잡,타 역 환승,ALT_STN
1,128,부산대,N,N,상대식,35.22960918,129.0893582,1,E-0128-01,승강장,지상,2,대합실,지상,1,양방향,"다대포해수욕장행 열차 이용, 온천장역 하차, 반대방향 노포행 열차 이용, 부산대역 하차, 2호기 이용(대합실 이동)",Y,10,복잡,역 복귀 이동,ALT_BACK
1,128,부산대,N,N,상대식,35.22960918,129.0893582,2,E-0128-02,대합실,지상,1,승강장,지상,2,양방향,"다대포해수욕장행 열차 이용, 온천장역 하차, 반대방향 노포행 열차 이용",Y,7,복잡,타 역 환승,ALT_STN
1,128,부산대,N,N,상대식,35.22960918,129.0893582,2,E-0128-02,승강장,지상,2,대합실,지상,1,양방향,"노포행 열차 이용, 장전역 하차, 반대방향 다대포해수욕장행 열차 이용, 부산대역 하차, 1호기 이용(대합실 이동)",Y,10,복잡,역 복귀 이동,ALT_BACK
1,129,장전,N,N,상대식,35.23810964,129.0881109,1,E-0129-01,대합실,지상,1,승강장,지상,2,양방향,"노포행 열차 이용, 구서역 하차, 반대방향 다대포해수욕장행 열차 이용",Y,7,복잡,타 역 환승,ALT_STN
1,129,장전,N,N,상대식,35.23810964,129.0881109,1,E-0129-01,승강장,지상,2,대합실,지상,1,양방향,"다대포해수욕장행 열차 이용, 부산대역 하차, 반대방향 노포행 열차 이용, 장전역 하차, 2호기 이용(대합실 이동)",Y,10,복잡,역 복귀 이동,ALT_BACK
1,129,장전,N,N,상대식,35.23810964,129.0881109,2,E-0129-02,대합실,지상,1,승강장,지상,2,양방향,"다대포해수욕장행 열차 이용, 부산대역 하차, 반대방향 노포행 열차 이용",Y,7,복잡,타 역 환승,ALT_STN
1,129,장전,N,N,상대식,35.23810964,129.0881109,2,E-0129-02,승강장,지상,2,대합실,지상,1,양방향,"노포행 열차 이용, 구서역 하차, 반대방향 다대포해수욕장행 열차 이용, 장전역 하차, 1호기 이용(대합실 이동)",Y,10,복잡,역 복귀 이동,ALT_BACK
1,130,구서,N,N,상대식,35.24740654,129.0913269,1,E-0130-01,역사 외부,지상,1,대합실,지하,1,양방향,2호기 이용,Y,1,단순,대체 엘리베이터 이용,ALT_ELV
1,130,구서,N,N,상대식,35.24740654,129.0913269,1,E-0130-01,대합실,지하,1,역사 외부,지상,1,양방향,2호기 이용,Y,1,단순,대체 엘리베이터 이용,ALT_ELV
1,130,구서,N,N,상대식,35.24740654,129.0913269,1,E-0130-01,대합실,지하,1,승강장,지하,3,양방향,"노포행 열차 이용, 두실역 하차, 반대방향 다대포해수욕장행 열차 이용",Y,8,복잡,타 역 환승,ALT_STN
1,130,구서,N,N,상대식,35.24740654,129.0913269,1,E-0130-01,승강장,지하,3,대합실,지하,1,양방향,"다대포해수욕장행 열차 이용, 장전역 하차, 반대방향 노포행 열차 이용, 구서역 하차, 2호기 이용(대합실 이동)",Y,10,복잡,역 복귀 이동,ALT_BACK
1,130,구서,N,N,상대식,35.24740654,129.0913269,1,E-0130-01,역사 외부,지상,1,승강장,지하,3,양방향,"노포행 열차 이용, 두실역 하차, 반대방향 다대포해수욕장행 열차 이용",Y,8,복잡,타 역 환승,ALT_STN
1,130,구서,N,N,상대식,35.24740654,129.0913269,1,E-0130-01,승강장,지하,3,역사 외부,지상,1,양방향,"다대포해수욕장행 열차 이용, 장전역 하차, 반대방향 노포행 열차 이용, 구서역 하차, 2호기 이용(대합실 이동)",Y,10,복잡,역 복귀 이동,ALT_BACK
1,130,구서,N,N,상대식,35.24740654,129.0913269,2,E-0130-02,역사 외부,지상,1,대합실,지하,1,양방향,1호기 이용,Y,1,단순,대체 엘리베이터 이용,ALT_ELV
1,130,구서,N,N,상대식,35.24740654,129.0913269,2,E-0130-02,대합실,지하,1,역사 외부,지상,1,양방향,1호기 이용,Y,1,단순,대체 엘리베이터 이용,ALT_ELV
1,130,구서,N,N,상대식,35.24740654,129.0913269,2,E-0130-02,대합실,지하,1,승강장,지하,3,양방향,"다대포해수욕장행 열차 이용, 장전역 하차, 반대방향 노포행 열차 이용",Y,8,복잡,타 역 환승,ALT_STN
1,130,구서,N,N,상대식,35.24740654,129.0913269,2,E-0130-02,승강장,지하,3,대합실,지하,1,양방향,"노포행 열차 이용, 두실역 하차, 반대방향 다대포해수욕장행 열차 이용, 구서역 하차, 1호기 이용(대합실 이동)",Y,10,복잡,역 복귀 이동,ALT_BACK
1,130,구서,N,N,상대식,35.24740654,129.0913269,2,E-0130-02,역사 외부,지상,1,승강장,지하,3,양방향,"다대포해수욕장행 열차 이용, 장전역 하차, 반대방향 노포행 열차 이용",Y,8,복잡,타 역 환승,ALT_STN
1,130,구서,N,N,상대식,35.24740654,129.0913269,2,E-0130-02,승강장,지하,3,역사 외부,지상,1,양방향,"노포행 열차 이용, 두실역 하차, 반대방향 다대포해수욕장행 열차 이용, 구서역 하차, 1호기 이용(대합실 이동)",Y,10,복잡,역 복귀 이동,ALT_BACK
1,131,두실,N,N,상대식,35.25695863,129.0913859,1,E-0131-01,대합실,지하,1,역사 외부,지상,1,양방향,2호기 이용,Y,1,단순,대체 엘리베이터 이용,ALT_ELV
1,131,두실,N,N,상대식,35.25695863,129.0913859,1,E-0131-01,역사 외부,지상,1,대합실,지하,1,양방향,2호기 이용,Y,1,단순,대체 엘리베이터 이용,ALT_ELV
1,131,두실,N,N,상대식,35.25695863,129.0913859,2,E-0131-02,대합실,지하,1,역사 외부,지상,1,양방향,1호기 이용,Y,1,단순,대체 엘리베이터 이용,ALT_ELV
1,131,두실,N,N,상대식,35.25695863,129.0913859,2,E-0131-02,역사 외부,지상,1,대합실,지하,1,양방향,1호기 이용,Y,1,단순,대체 엘리베이터 이용,ALT_ELV
1,131,두실,N,N,상대식,35.25695863,129.0913859,3,E-0131-03,승강장,지하,2,대합실,지하,1,양방향,"다대포해수욕장행 열차 이용, 구서역 하차, 반대방향 노포행 열차 이용, 두실역 하차, 4호기 이용(대합실 이동)",Y,10,복잡,역 복귀 이동,ALT_BACK
1,131,두실,N,N,상대식,35.25695863,129.0913859,3,E-0131-03,대합실,지하,1,승강장,지하,2,양방향,"노포행 열차 이용, 남산역 하차, 반대방향 다대포해수욕장행 열차 이용",Y,7,복잡,타 역 환승,ALT_STN
1,131,두실,N,N,상대식,35.25695863,129.0913859,4,E-0131-04,승강장,지하,2,대합실,지하,1,양방향,"노포행 열차 이용, 남산역 하차, 반대방향 다대포해수욕장행 열차 이용, 두실역 하차, 3호기 이용(대합실 이동)",Y,10,복잡,역 복귀 이동,ALT_BACK
1,131,두실,N,N,상대식,35.25695863,129.0913859,4,E-0131-04,대합실,지하,1,승강장,지하,2,양방향,"다대포해수욕장행 열차 이용, 구서역 하차, 반대방향 노포행 열차 이용",Y,7,복잡,타 역 환승,ALT_STN
1,132,남산,N,N,상대식,35.26540366,129.0924963,1,E-0132-01,대합실,지하,1,역사 외부,지상,1,양방향,2호기 이용,Y,1,단순,대체 엘리베이터 이용,ALT_ELV
1,132,남산,N,N,상대식,35.26540366,129.0924963,1,E-0132-01,역사 외부,지상,1,대합실,지하,1,양방향,2호기 이용,Y,1,단순,대체 엘리베이터 이용,ALT_ELV
1,132,남산,N,N,상대식,35.26540366,129.0924963,2,E-0132-02,대합실,지하,1,역사 외부,지상,1,양방향,1호기 이용,Y,1,단순,대체 엘리베이터 이용,ALT_ELV
1,132,남산,N,N,상대식,35.26540366,129.0924963,2,E-0132-02,역사 외부,지상,1,대합실,지하,1,양방향,1호기 이용,Y,1,단순,대체 엘리베이터 이용,ALT_ELV
1,132,남산,N,N,상대식,35.26540366,129.0924963,3,E-0132-03,승강장,지하,2,대합실,지하,1,양방향,"다대포해수욕장행 열차 이용, 두실역 하차, 반대방향 노포행 열차 이용, 남산역 하차, 4호기 이용(대합실 이동)",Y,10,복잡,역 복귀 이동,ALT_BACK
1,132,남산,N,N,상대식,35.26540366,129.0924963,3,E-0132-03,대합실,지하,1,승강장,지하,2,양방향,"노포행 열차 이용, 범어사역 하차, 반대방향 다대포해수욕장행 열차 이용",Y,7,복잡,타 역 환승,ALT_STN
1,132,남산,N,N,상대식,35.26540366,129.0924963,4,E-0132-04,승강장,지하,2,대합실,지하,1,양방향,"노포행 열차 이용, 범어사역 하차, 반대방향 다대포해수욕장행 열차 이용, 남산역 하차, 3호기 이용(대합실 이동)",Y,10,복잡,역 복귀 이동,ALT_BACK
1,132,남산,N,N,상대식,35.26540366,129.0924963,4,E-0132-04,대합실,지하,1,승강장,지하,2,양방향,"다대포해수욕장행 열차 이용, 두실역 하차, 반대방향 노포행 열차 이용",Y,7,복잡,타 역 환승,ALT_STN
1,133,범어사,N,N,상대식,35.27310548,129.0926787,1,E-0133-01,대합실,지하,2,역사 외부,지상,1,양방향,2호기 이용,Y,2,단순,대체 엘리베이터 이용,ALT_ELV
1,133,범어사,N,N,상대식,35.27310548,129.0926787,1,E-0133-01,역사 외부,지상,1,대합실,지하,2,양방향,2호기 이용,Y,2,단순,대체 엘리베이터 이용,ALT_ELV
1,133,범어사,N,N,상대식,35.27310548,129.0926787,2,E-0133-02,대합실,지하,2,역사 외부,지상,1,양방향,1호기 이용,Y,2,단순,대체 엘리베이터 이용,ALT_ELV
1,133,범어사,N,N,상대식,35.27310548,129.0926787,2,E-0133-02,역사 외부,지상,1,대합실,지하,2,양방향,1호기 이용,Y,2,단순,대체 엘리베이터 이용,ALT_ELV
1,133,범어사,N,N,상대식,35.27310548,129.0926787,3,E-0133-03,승강장,지하,3,대합실,지하,2,양방향,"다대포해수욕장행 열차 이용, 남산역 하차, 반대방향 노포행 열차 이용, 범어사역 하차, 4호기 이용(대합실 이동)",Y,10,복잡,역 복귀 이동,ALT_BACK
1,133,범어사,N,N,상대식,35.27310548,129.0926787,3,E-0133-03,대합실,지하,2,승강장,지하,3,양방향,"노포행 열차 이용, 노포역 하차, 반대방향 다대포해수욕장행 열차 이용",Y,7,복잡,타 역 환승,ALT_STN
1,133,범어사,N,N,상대식,35.27310548,129.0926787,4,E-0133-04,승강장,지하,3,대합실,지하,2,양방향,"노포행 열차 이용, 노포역 하차, 반대방향 다대포해수욕장행 열차 이용, 범어사역 하차, 3호기 이용(대합실 이동)",Y,10,복잡,역 복귀 이동,ALT_BACK
1,133,범어사,N,N,상대식,35.27310548,129.0926787,4,E-0133-04,대합실,지하,2,승강장,지하,3,양방향,"다대포해수욕장행 열차 이용, 남산역 하차, 반대방향 노포행 열차 이용",Y,7,복잡,타 역 환승,ALT_STN
1,134,노포,Y,N,상대식,35.28365953,129.0949667,1,E-0134-01,승강장,지상,1,대합실,지상,2,양방향,대체 경로 없음,N,,이동 불가,이동 불가,ALT_NONE
1,134,노포,Y,N,상대식,35.28365953,129.0949667,1,E-0134-01,대합실,지상,2,승강장,지상,1,양방향,"2호기 이용(노포행 승강장 이동), 회차선(노포행 열차)을 통해 다대포해수욕장행 열차 탑승(역무원 안내 필요)",Y,6,복잡,역무원 문의,ALT_INFO
1,134,노포,Y,N,상대식,35.28365953,129.0949667,2,E-0134-02,승강장,지상,1,대합실,지상,2,양방향,"회차선(노포행 열차)을 통해 다대포해수욕장행 열차 탑승(역무원 안내 필요), 노포역 하차, 1호기 이용(대합실 이동)",Y,7,복잡,역무원 문의,ALT_INFO
1,134,노포,Y,N,상대식,35.28365953,129.0949667,2,E-0134-02,대합실,지상,2,승강장,지상,1,양방향,대체 경로 없음,N,,이동 불가,이동 불가,ALT_NONE
2,201,장산,Y,N,상대식,35.16991442,129.1769859,1,E-0201-01,대합실,지하,1,역사 외부,지상,1,양방향,2호기 이용,Y,1,단순,대체 엘리베이터 이용,ALT_ELV
2,201,장산,Y,N,상대식,35.16991442,129.1769859,1,E-0201-01,역사 외부,지상,1,대합실,지하,1,양방향,2호기 이용,Y,1,단순,대체 엘리베이터 이용,ALT_ELV
2,201,장산,Y,N,상대식,35.16991442,129.1769859,2,E-0201-02,대합실,지하,1,역사 외부,지상,1,양방향,1호기 이용,Y,1,단순,대체 엘리베이터 이용,ALT_ELV
2,201,장산,Y,N,상대식,35.16991442,129.1769859,2,E-0201-02,역사 외부,지상,1,대합실,지하,1,양방향,1호기 이용,Y,1,단순,대체 엘리베이터 이용,ALT_ELV
2,201,장산,Y,N,섬식,35.16991442,129.1769859,3,E-0201-03,승강장,지하,2,대합실,지하,1,양방향,"양산행 열차 이용, 인접역 하차, 엘리베이터 이용",Y,6,복잡,타 역 환승,ALT_STN
2,201,장산,Y,N,섬식,35.16991442,129.1769859,3,E-0201-03,대합실,지하,1,승강장,지하,2,양방향,대체 경로 없음,N,,이동 불가,이동 불가,ALT_NONE
2,202,중동,N,N,상대식,35.16670005,129.168604,1,E-0202-01,대합실,지하,1,역사 외부,지상,1,양방향,2호기 이용 또는 3호기 이용 또는 4호기 이용,Y,1,단순,대체 엘리베이터 이용,ALT_ELV
2,202,중동,N,N,상대식,35.16670005,129.168604,1,E-0202-01,역사 외부,지상,1,대합실,지하,1,양방향,2호기 이용 또는 3호기 이용 또는 4호기 이용,Y,1,단순,대체 엘리베이터 이용,ALT_ELV
2,202,중동,N,N,상대식,35.16670005,129.168604,2,E-0202-02,대합실,지하,1,역사 외부,지상,1,양방향,1호기 이용 또는 3호기 이용 또는 4호기 이용,Y,1,단순,대체 엘리베이터 이용,ALT_ELV
2,202,중동,N,N,상대식,35.16670005,129.168604,2,E-0202-02,역사 외부,지상,1,대합실,지하,1,양방향,1호기 이용 또는 3호기 이용 또는 4호기 이용,Y,1,단순,대체 엘리베이터 이용,ALT_ELV
2,202,중동,N,N,상대식,35.16670005,129.168604,3,E-0202-03,대합실,지하,1,역사 외부,지상,1,양방향,1호기 이용 또는 2호기 이용 또는 4호기 이용,Y,1,단순,대체 엘리베이터 이용,ALT_ELV
2,202,중동,N,N,상대식,35.16670005,129.168604,3,E-0202-03,역사 외부,지상,1,대합실,지하,1,양방향,1호기 이용 또는 2호기 도는 4호기 이용,Y,1,단순,대체 엘리베이터 이용,ALT_ELV
2,202,중동,N,N,상대식,35.16670005,129.168604,4,E-0202-04,대합실,지하,1,역사 외부,지상,1,양방향,1호기 이용 또는 2호기 이용 또는 3호기 이용,Y,1,단순,대체 엘리베이터 이용,ALT_ELV
2,202,중동,N,N,상대식,35.16670005,129.168604,4,E-0202-04,역사 외부,지상,1,대합실,지하,1,양방향,1호기 이용 또는 2호기 이용 또는 3호기 이용,Y,1,단순,대체 엘리베이터 이용,ALT_ELV
2,202,중동,N,N,상대식,35.16670005,129.168604,5,E-0202-05,승강장,지하,2,대합실,지하,1,양방향,"장산행 열차 이용, 장산역 하차, 반대방향 양산행 열차 이용, 중동역 하차, 6호기 이용(대합실 이동)",Y,10,복잡,역 복귀 이동,ALT_BACK
2,202,중동,N,N,상대식,35.16670005,129.168604,5,E-0202-05,대합실,지하,1,승강장,지하,2,양방향,"양산행 열차 이용, 해운대역 하차, 반대방향 장산행 열차 이용",Y,7,복잡,타 역 환승,ALT_STN
2,202,중동,N,N,상대식,35.16670005,129.168604,6,E-0202-06,승강장,지하,2,대합실,지하,1,양방향,"양산행 열차 이용, 해운대역 하차, 반대방향 장산행 열차 이용, 중동역 하차, 5호기 이용(대합실 이동)",Y,10,복잡,역 복귀 이동,ALT_BACK
2,202,중동,N,N,상대식,35.16670005,129.168604,6,E-0202-06,대합실,지하,1,승강장,지하,2,양방향,"장산행 열차 이용, 장산역 하차, 반대방향 양산행 열차 이용",Y,7,복잡,타 역 환승,ALT_STN
2,203,해운대,N,N,상대식,35.16367194,129.1589078,1,E-0203-01,대합실,지하,1,역사 외부,지상,1,양방향,2호기 이용,Y,1,단순,대체 엘리베이터 이용,ALT_ELV
2,203,해운대,N,N,상대식,35.16367194,129.1589078,1,E-0203-01,역사 외부,지상,1,대합실,지하,1,양방향,2호기 이용,Y,1,단순,대체 엘리베이터 이용,ALT_ELV
2,203,해운대,N,N,상대식,35.16367194,129.1589078,2,E-0203-02,대합실,지하,1,역사 외부,지상,1,양방향,1호기 이용,Y,1,단순,대체 엘리베이터 이용,ALT_ELV
2,203,해운대,N,N,상대식,35.16367194,129.1589078,2,E-0203-02,역사 외부,지상,1,대합실,지하,1,양방향,1호기 이용,Y,1,단순,대체 엘리베이터 이용,ALT_ELV
2,203,해운대,N,N,상대식,35.16367194,129.1589078,3,E-0203-03,승강장,지하,2,대합실,지하,1,양방향,"장산행 열차 이용, 중동역 하차, 반대방향 양산행 열차 이용, 해운대역 하차, 4호기 이용(대합실 이동)",Y,10,복잡,역 복귀 이동,ALT_BACK
2,203,해운대,N,N,상대식,35.16367194,129.1589078,3,E-0203-03,대합실,지하,1,승강장,지하,2,양방향,"양산행 열차 이용, 동백역 하차, 반대방향 장산행 열차 이용",Y,7,복잡,타 역 환승,ALT_STN
2,203,해운대,N,N,상대식,35.16367194,129.1589078,4,E-0203-04,승강장,지하,2,대합실,지하,1,양방향,"양산행 열차 이용, 동백역 하차, 반대방향 장산행 열차 이용, 해운대역 하차, 3호기 이용(대합실 이동)",Y,10,복잡,역 복귀 이동,ALT_BACK
2,203,해운대,N,N,상대식,35.16367194,129.1589078,4,E-0203-04,대합실,지하,1,승강장,지하,2,양방향,"장산행 열차 이용, 동백역 하차, 반대방향 장산행 열차 이용",Y,7,복잡,타 역 환승,ALT_STN
2,204,동백,N,N,상대식,35.16148357,129.1478974,1,E-0204-01,대합실,지하,1,역사 외부,지상,1,양방향,2호기 이용,Y,1,단순,대체 엘리베이터 이용,ALT_ELV
2,204,동백,N,N,상대식,35.16148357,129.1478974,1,E-0204-01,역사 외부,지상,1,대합실,지하,1,양방향,2호기 이용,Y,1,단순,대체 엘리베이터 이용,ALT_ELV
2,204,동백,N,N,상대식,35.16148357,129.1478974,2,E-0204-02,대합실,지하,1,역사 외부,지상,1,양방향,1호기 이용,Y,1,단순,대체 엘리베이터 이용,ALT_ELV
2,204,동백,N,N,상대식,35.16148357,129.1478974,2,E-0204-02,역사 외부,지상,1,대합실,지하,1,양방향,1호기 이용,Y,1,단순,대체 엘리베이터 이용,ALT_ELV
2,204,동백,N,N,상대식,35.16148357,129.1478974,3,E-0204-03,승강장,지하,2,대합실,지하,1,양방향,"장산행 열차 이용, 해운대역 하차, 반대방향 양산행 열차 이용, 동백역 하차, 4호기 이용(대합실 이동)",Y,10,복잡,역 복귀 이동,ALT_BACK
2,204,동백,N,N,상대식,35.16148357,129.1478974,3,E-0204-03,대합실,지하,1,승강장,지하,2,양방향,"양산행 열차 이용, 벡스코역 하차, 반대방향 장산행 열차 이용",Y,7,복잡,타 역 환승,ALT_STN
2,204,동백,N,N,상대식,35.16148357,129.1478974,4,E-0204-04,승강장,지하,2,대합실,지하,1,양방향,"양산행 열차 이용, 벡스코역 하차, 반대방향 장산행 열차 이용, 동백역 하차, 3호기 이용(대합실 이동)",Y,10,복잡,역 복귀 이동,ALT_BACK
2,204,동백,N,N,상대식,35.16148357,129.1478974,4,E-0204-04,대합실,지하,1,승강장,지하,2,양방향,"장산행 열차 이용, 해운대역 하차, 반대방향 양산행 열차 이용",Y,7,복잡,타 역 환승,ALT_STN
2,205,벡스코,N,N,상대식,35.16884444,129.1389334,1,E-0205-01,대합실,지하,1,역사 외부,지상,1,양방향,2호기 이용 또는 3호기 이용 또는 4호기 이용 또는 5호기 이용,Y,1,단순,대체 엘리베이터 이용,ALT_ELV
2,205,벡스코,N,N,상대식,35.16884444,129.1389334,1,E-0205-01,역사 외부,지상,1,대합실,지하,1,양방향,2호기 이용 또는 3호기 이용 또는 4호기 이용 또는 5호기 이용,Y,1,단순,대체 엘리베이터 이용,ALT_ELV
2,205,벡스코,N,N,상대식,35.16884444,129.1389334,2,E-0205-02,대합실,지하,1,역사 외부,지상,1,양방향,1호기 이용 또는 3호기 이용 또는 4호기 이용 또는 5호기 이용,Y,1,단순,대체 엘리베이터 이용,ALT_ELV
2,205,벡스코,N,N,상대식,35.16884444,129.1389334,2,E-0205-02,역사 외부,지상,1,대합실,지하,1,양방향,1호기 이용 또는 3호기 이용 또는 4호기 이용 또는 5호기 이용,Y,1,단순,대체 엘리베이터 이용,ALT_ELV
2,205,벡스코,N,N,상대식,35.16884444,129.1389334,3,E-0205-03,대합실,지하,1,역사 외부,지상,1,양방향,1호기 이용 또는 2호기 이용 또는 4호기 이용 또는 5호기 이용,Y,1,단순,대체 엘리베이터 이용,ALT_ELV
2,205,벡스코,N,N,상대식,35.16884444,129.1389334,3,E-0205-03,역사 외부,지상,1,대합실,지하,1,양방향,1호기 이용 또는 2호기 이용 또는 4호기 이용 또는 5호기 이용,Y,1,단순,대체 엘리베이터 이용,ALT_ELV
2,205,벡스코,N,N,상대식,35.16884444,129.1389334,4,E-0205-04,대합실,지하,1,역사 외부,지상,1,양방향,1호기 이용 또는 2호기 이용 또는 3호기 이용 또는 5호기 이용,Y,1,단순,대체 엘리베이터 이용,ALT_ELV
2,205,벡스코,N,N,상대식,35.16884444,129.1389334,4,E-0205-04,역사 외부,지상,1,대합실,지하,1,양방향,1호기 이용 또는 2호기 이용 또는 3호기 이용 또는 5호기 이용,Y,1,단순,대체 엘리베이터 이용,ALT_ELV
2,205,벡스코,N,N,상대식,35.16884444,129.1389334,5,E-0205-05,대합실,지하,1,역사 외부,지상,1,양방향,1호기 이용 또는 2호기 이용 또는 3호기 이용 또는 4호기 이용,Y,1,단순,대체 엘리베이터 이용,ALT_ELV
2,205,벡스코,N,N,상대식,35.16884444,129.1389334,5,E-0205-05,역사 외부,지상,1,대합실,지하,1,양방향,1호기 이용 또는 2호기 이용 또는 3호기 이용 또는 4호기 이용,Y,1,단순,대체 엘리베이터 이용,ALT_ELV
2,205,벡스코,N,N,상대식,35.16884444,129.1389334,6,E-0205-06,승강장,지하,2,대합실,지하,1,양방향,"장산행 열차 이용, 동백역 하차, 반대방향 양산행 열차 이용, 벡스코역 하차, 7호기 이용(대합실 이동)",Y,10,복잡,역 복귀 이동,ALT_BACK
2,205,벡스코,N,N,상대식,35.16884444,129.1389334,6,E-0205-06,대합실,지하,1,승강장,지하,2,양방향,"양산행 열차 이용, 센텀시티역 하차, 반대방향 장산행 열차 이용",Y,7,복잡,타 역 환승,ALT_STN
2,205,벡스코,N,N,상대식,35.16884444,129.1389334,7,E-0205-07,승강장,지하,2,대합실,지하,1,양방향,"양산행 열차 이용, 센텀시티역 하차, 반대방향 장산행 열차 이용, 벡스코역 하차, 6호기 이용(대합실 이동)",Y,10,복잡,역 복귀 이동,ALT_BACK
2,205,벡스코,N,N,상대식,35.16884444,129.1389334,7,E-0205-07,대합실,지하,1,승강장,지하,2,양방향,"장산행 열차 이용, 동백역 하차, 반대방향 양산행 열차 이용",Y,7,복잡,타 역 환승,ALT_STN
2,206,센텀시티,N,N,상대식,35.1688269,129.1317451,1,E-0206-01,대합실,지하,1,역사 외부,지상,1,양방향,2호기 이용,Y,1,단순,대체 엘리베이터 이용,ALT_ELV
2,206,센텀시티,N,N,상대식,35.1688269,129.1317451,1,E-0206-01,역사 외부,지상,1,대합실,지하,1,양방향,2호기 이용,Y,1,단순,대체 엘리베이터 이용,ALT_ELV
2,206,센텀시티,N,N,상대식,35.1688269,129.1317451,2,E-0206-02,대합실,지하,1,역사 외부,지상,1,양방향,1호기 이용,Y,1,단순,대체 엘리베이터 이용,ALT_ELV
2,206,센텀시티,N,N,상대식,35.1688269,129.1317451,2,E-0206-02,역사 외부,지상,1,대합실,지하,1,양방향,1호기 이용,Y,1,단순,대체 엘리베이터 이용,ALT_ELV
2,206,센텀시티,N,N,상대식,35.1688269,129.1317451,3,E-0206-03,대합실,지하,1,역사 외부,지상,1,양방향,4호기 이용,Y,1,단순,대체 엘리베이터 이용,ALT_ELV
2,206,센텀시티,N,N,상대식,35.1688269,129.1317451,3,E-0206-03,역사 외부,지상,1,대합실,지하,1,양방향,4호기 이용,Y,1,단순,대체 엘리베이터 이용,ALT_ELV
2,206,센텀시티,N,N,상대식,35.1688269,129.1317451,4,E-0206-04,대합실,지하,1,역사 외부,지상,1,양방향,3호기 이용,Y,1,단순,대체 엘리베이터 이용,ALT_ELV
2,206,센텀시티,N,N,상대식,35.1688269,129.1317451,4,E-0206-04,역사 외부,지상,1,대합실,지하,1,양방향,3호기 이용,Y,1,단순,대체 엘리베이터 이용,ALT_ELV
2,206,센텀시티,N,N,상대식,35.1688269,129.1317451,5,E-0206-05,승강장,지하,2,대합실,지하,1,양방향,"장산행 열차 이용, 벡스코역 하차, 반대방향 양산행 열차 이용, 센텀시티역 하차, 6호기 이용(대합실 이동)",Y,10,복잡,역 복귀 이동,ALT_BACK
2,206,센텀시티,N,N,상대식,35.1688269,129.1317451,5,E-0206-05,대합실,지하,1,승강장,지하,2,양방향,"6호기 이용(양산행 승강장 이동), 양산행 열차 이용, 민락역 하차, 반대방향 장산행 열차 이용",Y,8,복잡,타 역 환승,ALT_STN
2,206,센텀시티,N,N,상대식,35.1688269,129.1317451,6,E-0206-06,승강장,지하,2,대합실,지하,1,양방향,"양산행 열차 이용, 수영역 하차, 반대방향 장산행 열차 이용, 센텀시티역 하차, 5호기 이용(대합실 이동)",Y,10,복잡,역 복귀 이동,ALT_BACK
2,206,센텀시티,N,N,상대식,35.1688269,129.1317451,6,E-0206-06,대합실,지하,1,승강장,지하,2,양방향,"5호기 이용(장산행 승강장 이동), 장산행 열차 이용, 벡스코역 하차, 반대방향 양산행 열차 이용",Y,8,복잡,타 역 환승,ALT_STN
2,207,민락,N,N,상대식,35.16722848,129.1219094,1,E-0207-01,대합실,지하,1,역사 외부,지상,1,양방향,2호기 이용,Y,1,단순,대체 엘리베이터 이용,ALT_ELV
2,207,민락,N,N,상대식,35.16722848,129.1219094,1,E-0207-01,역사 외부,지상,1,대합실,지하,1,양방향,2호기 이용,Y,1,단순,대체 엘리베이터 이용,ALT_ELV
2,207,민락,N,N,상대식,35.16722848,129.1219094,2,E-0207-02,대합실,지하,1,역사 외부,지상,1,양방향,1호기 이용,Y,1,단순,대체 엘리베이터 이용,ALT_ELV
2,207,민락,N,N,상대식,35.16722848,129.1219094,2,E-0207-02,역사 외부,지상,1,대합실,지하,1,양방향,1호기 이용,Y,1,단순,대체 엘리베이터 이용,ALT_ELV
2,207,민락,N,N,상대식,35.16722848,129.1219094,3,E-0207-03,승강장,지하,3,대합실,지하,1,양방향,"장산행 열차 이용, 센텀시티역 하차, 반대방향 양산행 열차 이용, 민락역 하차, 4호기 이용(대합실 이동)",Y,10,복잡,타 역 환승,ALT_STN
2,207,민락,N,N,상대식,35.16722848,129.1219094,3,E-0207-03,대합실,지하,1,승강장,지하,3,양방향,"양산행 열차 이용, 수영역 하차, 반대방향 장산행 열차 이용",Y,9,복잡,역 복귀 이동,ALT_BACK
2,207,민락,N,N,상대식,35.16722848,129.1219094,4,E-0207-04,승강장,지하,3,대합실,지하,1,양방향,"양산행 열차 이용, 수영역 하차, 반대방향 장산행 열차 이용, 민락역 하차, 3호기 이용(대합실 이동)",Y,10,복잡,타 역 환승,ALT_STN
2,207,민락,N,N,상대식,35.16722848,129.1219094,4,E-0207-04,대합실,지하,1,승강장,지하,3,양방향,"장산행 열차 이용, 센텀시티역 하차, 반대방향 양산행 열차 이용",Y,9,복잡,역 복귀 이동,ALT_BACK
2,208,수영,N,Y,섬식,35.16522658,129.1147131,1,E-0208-01,대합실,지하,1,역사 외부,지상,1,양방향,2호기 이용 또는 3호기 이용,Y,2,단순,대체 엘리베이터 이용,ALT_ELV
2,208,수영,N,Y,섬식,35.16522658,129.1147131,1,E-0208-01,역사 외부,지상,1,대합실,지하,1,양방향,2호기 이용 또는 3호기 이용,Y,2,단순,대체 엘리베이터 이용,ALT_ELV
2,208,수영,N,Y,섬식,35.16522658,129.1147131,2,E-0208-02,대합실,지하,1,역사 외부,지상,1,양방향,1호기 이용 또는 3호기 이용,Y,2,단순,대체 엘리베이터 이용,ALT_ELV
2,208,수영,N,Y,섬식,35.16522658,129.1147131,2,E-0208-02,역사 외부,지상,1,대합실,지하,1,양방향,1호기 이용 또는 3호기 이용,Y,2,단순,대체 엘리베이터 이용,ALT_ELV
2,208,수영,N,Y,섬식,35.16522658,129.1147131,3,E-0208-03,대합실,지하,1,역사 외부,지상,1,양방향,1호기 이용 또는 2호기 이용,Y,2,단순,대체 엘리베이터 이용,ALT_ELV
2,208,수영,N,Y,섬식,35.16522658,129.1147131,3,E-0208-03,역사 외부,지상,1,대합실,지하,1,양방향,1호기 이용 또는 2호기 이용,Y,2,단순,대체 엘리베이터 이용,ALT_ELV
2,208,수영,Y,Y,섬식,35.16522658,129.1147131,4,E-0208-04,대합실,지하,1,승강장,지하,2,양방향,대체 경로 없음,N,,이동 불가,이동 불가,ALT_NONE
2,208,수영,Y,Y,섬식,35.16522658,129.1147131,4,E-0208-04,승강장,지하,2,대합실,지하,1,양방향,"양산행 또는 장산행 열차 이용, 인접역 하차, 엘리베이터 이용",Y,8,복잡,타 역 환승,ALT_STN
2,208,수영,Y,Y,섬식,35.16522658,129.1147131,4,E-0208-04,대합실,지하,1,승강장,지하,3,양방향,대체 경로 없음,N,,이동 불가,이동 불가,ALT_NONE
2,208,수영,Y,Y,섬식,35.16522658,129.1147131,4,E-0208-04,승강장,지하,3,대합실,지하,1,양방향,"대저행 열차 이용, 인접역 하차, 엘리베이터 이용",Y,9,복잡,타 역 환승,ALT_STN
2,208,수영,Y,Y,섬식,35.16522658,129.1147131,4,E-0208-04,승강장,지하,2,승강장,지하,3,양방향,대체 경로 없음,N,,이동 불가,이동 불가,ALT_NONE
2,208,수영,Y,Y,섬식,35.16522658,129.1147131,4,E-0208-04,승강장,지하,3,승강장,지하,2,양방향,대체 경로 없음,N,,이동 불가,이동 불가,ALT_NONE
2,209,광안,N,N,상대식,35.15791582,129.1131681,1,E-0209-01,대합실,지하,1,역사 외부,지상,1,양방향,"3호기 이용(지하 2층 대합실 이동), 2호기 이용(역사 외부 이동)",Y,2,단순,대체 엘리베이터 이용,ALT_ELV
2,209,광안,N,N,상대식,35.15791582,129.1131681,1,E-0209-01,역사 외부,지상,1,대합실,지하,1,양방향,"2호기 이용(지하 2층 대합실 이동), 3호기 이용(지하 1층 대합실 이동)",Y,2,단순,대체 엘리베이터 이용,ALT_ELV
2,209,광안,N,N,상대식,35.15791582,129.1131681,2,E-0209-02,대합실,지하,2,역사 외부,지상,1,양방향,"3호기 이용(지하 1층 대합실 이동), 1호기 이용(역사 외부 이동)",Y,3,보통,대체 엘리베이터 이용,ALT_ELV
2,209,광안,N,N,상대식,35.15791582,129.1131681,2,E-0209-02,역사 외부,지상,1,대합실,지하,2,양방향,"1호기 이용(지하 1층 대합실 이동), 3호기 이용(지하2층 대합실 이동)",Y,3,보통,대체 엘리베이터 이용,ALT_ELV
2,209,광안,N,N,상대식,35.15791582,129.1131681,3,E-0209-03,대합실,지하,1,대합실,지하,2,양방향,"1호기 이용(역사 외부 이동), 2호기 이용(지하 2층 대합실 이동)",Y,3,보통,대체 엘리베이터 이용,ALT_ELV
2,209,광안,N,N,상대식,35.15791582,129.1131681,3,E-0209-03,대합실,지하,2,대합실,지하,1,양방향,"2호기 이용(역사 외부 이동), 1호기 이용(지하 1층 대합실 이동)",Y,3,보통,대체 엘리베이터 이용,ALT_ELV
2,209,광안,N,N,상대식,35.15791582,129.1131681,4,E-0209-04,대합실,지하,2,승강장,지하,4,양방향,"5호기 이용(양산행 승강장 이동), 양산행 열차 이용, 금련산역 하차, 반대방향 장산행 열차 이용",Y,9,복잡,타 역 환승,ALT_STN
2,209,광안,N,N,상대식,35.15791582,129.1131681,4,E-0209-04,승강장,지하,4,대합실,지하,2,양방향,"장산행 열차 이용, 수영역 하차, 반대방향 양산행 열차 이용, 5호기 이용(대합실 이동)",Y,10,복잡,역 복귀 이동,ALT_BACK
2,209,광안,N,N,상대식,35.15791582,129.1131681,5,E-0209-05,대합실,지하,2,승강장,지하,4,양방향,"4호기 이용(장산행 승강장 이동), 장산행 열차 이용, 수영역 하차, 반대방향 양산행 열차 이용",Y,9,복잡,타 역 환승,ALT_STN
2,209,광안,N,N,상대식,35.15791582,129.1131681,5,E-0209-05,승강장,지하,4,대합실,지하,2,양방향,"양산행 열차 이용, 금련산역 하차, 반대방향 장산행 열차 탑승, 4호기 이용(대합실 이동)",Y,10,복잡,역 복귀 이동,ALT_BACK
2,210,금련산,N,N,상대식,35.14977102,129.1109607,1,E-0210-01,역사 외부,지상,1,대합실,지하,1,양방향,2호기 이용,Y,1,단순,대체 엘리베이터 이용,ALT_ELV
2,210,금련산,N,N,상대식,35.14977102,129.1109607,1,E-0210-01,대합실,지하,1,역사 외부,지상,1,양방향,2호기 이용,Y,1,단순,대체 엘리베이터 이용,ALT_ELV
2,210,금련산,N,N,상대식,35.14977102,129.1109607,1,E-0210-01,역사 외부,지상,1,대합실,지하,2,양방향,대체 경로 없음,N,,이동 불가,이동 불가,ALT_NONE
2,210,금련산,N,N,상대식,35.14977102,129.1109607,1,E-0210-01,대합실,지하,2,역사 외부,지상,1,양방향,"장산행 열차 이용, 광안역 하차, 양산행 열차 이용, 금련산역 하차, 4호기 이용(대합실 이동)",Y,10,복잡,역 복귀 이동,ALT_BACK
2,210,금련산,N,N,상대식,35.14977102,129.1109607,2,E-0210-02,대합실,지하,1,역사 외부,지상,1,양방향,1호기 이용,Y,1,단순,대체 엘리베이터 이용,ALT_ELV
2,210,금련산,N,N,상대식,35.14977102,129.1109607,2,E-0210-02,역사 외부,지상,1,대합실,지하,1,양방향,1호기 이용,Y,1,단순,대체 엘리베이터 이용,ALT_ELV
2,210,금련산,N,N,상대식,35.14977102,129.1109607,3,E-0210-03,승강장,지하,4,대합실,지하,2,양방향,"장산행 열차 이용, 광안역 하차, 반대방향 양산행 열차 이용, 금련산역 하차, 4호기 이용(대합실 이동)",Y,10,복잡,역 복귀 이동,ALT_BACK
2,210,금련산,N,N,상대식,35.14977102,129.1109607,3,E-0210-03,대합실,지하,2,승강장,지하,4,양방향,"양산행 열차 이용, 남천역 하차, 반대방향 장산행 열차 이용",Y,8,복잡,타 역 환승,ALT_STN
2,210,금련산,N,N,상대식,35.14977102,129.1109607,4,E-0210-04,승강장,지하,4,대합실,지하,2,양방향,"양산행 열차 이용, 남천역 하차, 반대방향 장산행 열차 이용, 금련산역 하차, 3호기 이용(대합실 이동)",Y,10,복잡,역 복귀 이동,ALT_BACK
2,210,금련산,N,N,상대식,35.14977102,129.1109607,4,E-0210-04,대합실,지하,2,승강장,지하,4,양방향,"장산행 열차 이용, 광안역 하차, 반대방향 양산행 열차 이용",Y,8,복잡,타 역 환승,ALT_STN
2,211,남천,N,N,상대식,35.14213865,129.107978,1,E-0211-01,대합실,지하,1,역사 외부,지상,1,양방향,2호기 이용,Y,1,단순,대체 엘리베이터 이용,ALT_ELV
2,211,남천,N,N,상대식,35.14213865,129.107978,1,E-0211-01,역사 외부,지상,1,대합실,지하,1,양방향,2호기 이용,Y,1,단순,대체 엘리베이터 이용,ALT_ELV
2,211,남천,N,N,상대식,35.14213865,129.107978,2,E-0211-02,대합실,지하,1,역사 외부,지상,1,양방향,1호기 이용,Y,1,단순,대체 엘리베이터 이용,ALT_ELV
2,211,남천,N,N,상대식,35.14213865,129.107978,2,E-0211-02,역사 외부,지상,1,대합실,지하,1,양방향,1호기 이용,Y,1,단순,대체 엘리베이터 이용,ALT_ELV
2,211,남천,N,N,상대식,35.14213865,129.107978,3,E-0211-03,승강장,지하,3,대합실,지하,1,양방향,"장산행 열차 이용, 금련산역 하차, 반대방향 양산행 열차 이용, 남천역 하차, 4호기 이용(대합실 이동)",Y,10,복잡,역 복귀 이동,ALT_BACK
2,211,남천,N,N,상대식,35.14213865,129.107978,3,E-0211-03,대합실,지하,1,승강장,지하,3,양방향,"양산행 열차 이용, 경성대부경대역 하차, 반대방향 장산행 열차 이용",Y,8,복잡,타 역 환승,ALT_STN
2,211,남천,N,N,상대식,35.14213865,129.107978,4,E-0211-04,승강장,지하,3,대합실,지하,1,양방향,"양산행 열차 이용, 경성대부경대역 하차, 반대방향 장산행 열차 이용, 남천역 하차, 3호기 이용(대합실 이동)",Y,10,복잡,역 복귀 이동,ALT_BACK
2,211,남천,N,N,상대식,35.14213865,129.107978,4,E-0211-04,대합실,지하,1,승강장,지하,3,양방향,"장산행 열차 이용, 금련산역 하차, 반대방향 양산행 열차 이용",Y,8,복잡,타 역 환승,ALT_STN
2,212,경성대부경대,N,N,상대식,35.1375852,129.1005483,1,E-0212-01,대합실,지하,1,역사 외부,지상,1,양방향,2호기 이용,Y,1,단순,대체 엘리베이터 이용,ALT_ELV
2,212,경성대부경대,N,N,상대식,35.1375852,129.1005483,1,E-0212-01,역사 외부,지상,1,대합실,지하,1,양방향,2호기 이용,Y,1,단순,대체 엘리베이터 이용,ALT_ELV
2,212,경성대부경대,N,N,상대식,35.1375852,129.1005483,2,E-0212-02,대합실,지하,1,역사 외부,지상,1,양방향,1호기 이용,Y,1,단순,대체 엘리베이터 이용,ALT_ELV
2,212,경성대부경대,N,N,상대식,35.1375852,129.1005483,2,E-0212-02,역사 외부,지상,1,대합실,지하,1,양방향,1호기 이용,Y,1,단순,대체 엘리베이터 이용,ALT_ELV
2,212,경성대부경대,N,N,상대식,35.1375852,129.1005483,3,E-0212-03,승강장,지하,3,대합실,지하,1,양방향,"장산행 열차 이용, 남천역 하차, 반대방향 양산행 열차 이용, 경성대부경대역 하차, 4호기 이용(대합실 이동)",Y,10,복잡,역 복귀 이동,ALT_BACK
2,212,경성대부경대,N,N,상대식,35.1375852,129.1005483,3,E-0212-03,대합실,지하,1,승강장,지하,3,양방향,"양산행 열차 이용, 대연역 하차, 반대방향 장산행 열차 이용",Y,8,복잡,타 역 환승,ALT_STN
2,212,경성대부경대,N,N,상대식,35.1375852,129.1005483,4,E-0212-04,승강장,지하,3,대합실,지하,1,양방향,"양산행 열차 이용, 대연역 하차, 반대방향 장산행 열차 이용, 경성대부경대역 하차, 3호기 이용(대합실 이동)",Y,10,복잡,역 복귀 이동,ALT_BACK
2,212,경성대부경대,N,N,상대식,35.1375852,129.1005483,4,E-0212-04,대합실,지하,1,승강장,지하,3,양방향,"장산행 열차 이용, 남천역 하차, 반대방향 양산행 열차 이용",Y,8,복잡,타 역 환승,ALT_STN
2,213,대연,N,N,상대식,35.13515264,129.0921611,1,E-0213-01,대합실,지하,1,역사 외부,지상,1,양방향,2호기 이용,Y,1,단순,대체 엘리베이터 이용,ALT_ELV
2,213,대연,N,N,상대식,35.13515264,129.0921611,1,E-0213-01,역사 외부,지상,1,대합실,지하,1,양방향,2호기 이용,Y,1,단순,대체 엘리베이터 이용,ALT_ELV
2,213,대연,N,N,상대식,35.13515264,129.0921611,2,E-0213-02,대합실,지하,1,역사 외부,지상,1,양방향,1호기 이용,Y,1,단순,대체 엘리베이터 이용,ALT_ELV
2,213,대연,N,N,상대식,35.13515264,129.0921611,2,E-0213-02,역사 외부,지상,1,대합실,지하,1,양방향,1호기 이용,Y,1,단순,대체 엘리베이터 이용,ALT_ELV
2,213,대연,N,N,상대식,35.13515264,129.0921611,3,E-0213-03,승강장,지하,3,대합실,지하,1,양방향,"장산행 열차 이용, 경성대부경대역 하차, 반대방향 양산행 열차 이용, 대연역 하차, 4호기 이용(대합실 이동)",Y,10,복잡,역 복귀 이동,ALT_BACK
2,213,대연,N,N,상대식,35.13515264,129.0921611,3,E-0213-03,대합실,지하,1,승강장,지하,3,양방향,"양산행 열차 이용, 못골역 하차, 반대방향 장산행 열차 이용",Y,8,복잡,타 역 환승,ALT_STN
2,213,대연,N,N,상대식,35.13515264,129.0921611,4,E-0213-04,승강장,지하,3,대합실,지하,1,양방향,"양산행 열차 이용, 못골역 하차, 반대방향 장산행 열차 이용, 대연역 하차, 3호기 이용(대합실 이동)",Y,10,복잡,역 복귀 이동,ALT_BACK
2,213,대연,N,N,상대식,35.13515264,129.0921611,4,E-0213-04,대합실,지하,1,승강장,지하,3,양방향,"장산행 열차 이용, 경성대부경대역 하차, 반대방향 양산행 열차 이용",Y,8,복잡,타 역 환승,ALT_STN
2,214,못골,N,N,상대식,35.13473149,129.0844148,1,E-0214-01,대합실,지하,1,역사 외부,지상,1,양방향,2호기 이용,Y,1,단순,대체 엘리베이터 이용,ALT_ELV
2,214,못골,N,N,상대식,35.13473149,129.0844148,1,E-0214-01,역사 외부,지상,1,대합실,지하,1,양방향,2호기 이용,Y,1,단순,대체 엘리베이터 이용,ALT_ELV
2,214,못골,N,N,상대식,35.13473149,129.0844148,2,E-0214-02,대합실,지하,1,역사 외부,지상,1,양방향,1호기 이용,Y,1,단순,대체 엘리베이터 이용,ALT_ELV
2,214,못골,N,N,상대식,35.13473149,129.0844148,2,E-0214-02,역사 외부,지상,1,대합실,지하,1,양방향,1호기 이용,Y,1,단순,대체 엘리베이터 이용,ALT_ELV
2,214,못골,N,N,상대식,35.13473149,129.0844148,3,E-0214-03,승강장,지하,3,대합실,지하,1,양방향,"장산행 열차 이용, 대연역 하차, 반대방향 양산행 열차 이용, 못골역 하차, 4호기 이용(대합실 이동)",Y,10,복잡,역 복귀 이동,ALT_BACK
2,214,못골,N,N,상대식,35.13473149,129.0844148,3,E-0214-03,대합실,지하,1,승강장,지하,3,양방향,"양산행 열차 이용, 지게골역 하차, 반대방향 장산행 열차 이용",Y,8,복잡,타 역 환승,ALT_STN
2,214,못골,N,N,상대식,35.13473149,129.0844148,4,E-0214-04,승강장,지하,3,대합실,지하,1,양방향,"양산행 열차 이용, 지게골역 하차, 반대방향 장산행 열차 이용, 못골역 하차, 3호기 이용(대합실 이동)",Y,10,복잡,역 복귀 이동,ALT_BACK
2,214,못골,N,N,상대식,35.13473149,129.0844148,4,E-0214-04,대합실,지하,1,승강장,지하,3,양방향,"장산행 열차 이용, 대연역 하차, 반대방향 양산행 열차 이용",Y,8,복잡,타 역 환승,ALT_STN
2,215,지게골,N,N,상대식,35.13557379,129.0743646,1,E-0215-01,대합실,지하,1,역사 외부,지상,1,양방향,2호기 이용,Y,1,단순,대체 엘리베이터 이용,ALT_ELV
2,215,지게골,N,N,상대식,35.13557379,129.0743646,1,E-0215-01,역사 외부,지상,1,대합실,지하,1,양방향,2호기 이용,Y,1,단순,대체 엘리베이터 이용,ALT_ELV
2,215,지게골,N,N,상대식,35.13557379,129.0743646,2,E-0215-02,대합실,지하,1,역사 외부,지상,1,양방향,1호기 이용,Y,1,단순,대체 엘리베이터 이용,ALT_ELV
2,215,지게골,N,N,상대식,35.13557379,129.0743646,2,E-0215-02,역사 외부,지상,1,대합실,지하,1,양방향,1호기 이용,Y,1,단순,대체 엘리베이터 이용,ALT_ELV
2,215,지게골,N,N,상대식,35.13557379,129.0743646,3,E-0215-03,승강장,지하,4,대합실,지하,1,양방향,대체 경로 없음,N,,이동 불가,이동 불가,ALT_NONE
2,215,지게골,N,N,상대식,35.13557379,129.0743646,3,E-0215-03,대합실,지하,1,승강장,지하,4,양방향,대체 경로 없음,N,,이동 불가,이동 불가,ALT_NONE
2,215,지게골,N,N,상대식,35.13557379,129.0743646,4,E-0215-04,승강장,지하,4,대합실,지하,2,양방향,"양산행 열차 이용, 문현역 하차, 반대방향 장산행 열차 이용, 지게골역 하차, 3호기 이용(대합실 이동)",Y,10,복잡,역 복귀 이동,ALT_BACK
2,215,지게골,N,N,상대식,35.13557379,129.0743646,4,E-0215-04,대합실,지하,2,승강장,지하,4,양방향,"장산행 열차 이용, 못골역 하차, 반대방향 양산행 열차 이용",Y,8,복잡,타 역 환승,ALT_STN
2,216,문현,N,N,섬식,35.1391513,129.0673989,1,E-0216-01,대합실,지하,1,역사 외부,지상,1,양방향,2호기 이용,Y,1,단순,대체 엘리베이터 이용,ALT_ELV
2,216,문현,N,N,섬식,35.1391513,129.0673989,1,E-0216-01,역사 외부,지상,1,대합실,지하,1,양방향,2호기 이용,Y,1,단순,대체 엘리베이터 이용,ALT_ELV
2,216,문현,N,N,섬식,35.1391513,129.0673989,2,E-0216-02,대합실,지하,1,역사 외부,지상,1,양방향,1호기 이용,Y,1,단순,대체 엘리베이터 이용,ALT_ELV
2,216,문현,N,N,섬식,35.1391513,129.0673989,2,E-0216-02,역사 외부,지상,1,대합실,지하,1,양방향,1호기 이용,Y,1,단순,대체 엘리베이터 이용,ALT_ELV
2,216,문현,N,N,섬식,35.1391513,129.0673989,3,E-0216-03,승강장,지하,3,대합실,지하,1,양방향,"장산행 열차 이용, 지게골역 하차, 반대방향 양산행 열차 이용, 문현역 하차, 4호기 이용(대합실 이동)",Y,10,복잡,역 복귀 이동,ALT_BACK
2,216,문현,N,N,섬식,35.1391513,129.0673989,3,E-0216-03,대합실,지하,1,승강장,지하,3,양방향,"양산행 열차 이용, 국제금융센터부산은행역 하차, 반대방향 장산행 열차 이용",Y,8,복잡,타 역 환승,ALT_STN
2,216,문현,N,N,섬식,35.1391513,129.0673989,4,E-0216-04,승강장,지하,3,대합실,지하,1,양방향,"양산행 열차 이용, 국제금융센터부산은행역 하차, 반대방향 장산행 열차 이용, 문현역 하차, 3호기 이용(대합실 이동)",Y,10,복잡,역 복귀 이동,ALT_BACK
2,216,문현,N,N,섬식,35.1391513,129.0673989,4,E-0216-04,대합실,지하,1,승강장,지하,3,양방향,"장산행 열차 이용, 지게골역 하차, 반대방향 양산행 열차 이용",Y,8,복잡,타 역 환승,ALT_STN
2,217,국제금융센터부산은행,N,N,섬식,35.14581675,129.0667552,1,E-0217-01,대합실,지하,1,역사 외부,지상,1,양방향,2호기 이용,Y,1,단순,대체 엘리베이터 이용,ALT_ELV
2,217,국제금융센터부산은행,N,N,섬식,35.14581675,129.0667552,1,E-0217-01,역사 외부,지상,1,대합실,지하,1,양방향,2호기 이용,Y,1,단순,대체 엘리베이터 이용,ALT_ELV
2,217,국제금융센터부산은행,N,N,섬식,35.14581675,129.0667552,2,E-0217-02,대합실,지하,1,역사 외부,지상,1,양방향,1호기 이용,Y,1,단순,대체 엘리베이터 이용,ALT_ELV
2,217,국제금융센터부산은행,N,N,섬식,35.14581675,129.0667552,2,E-0217-02,역사 외부,지상,1,대합실,지하,1,양방향,1호기 이용,Y,1,단순,대체 엘리베이터 이용,ALT_ELV
2,217,국제금융센터부산은행,N,N,섬식,35.14581675,129.0667552,3,E-0217-03,승강장,지하,2,대합실,지하,1,양방향,"장산행 또는 양산행 열차 이용, 인접역 하차, 엘리베이터 이용",Y,7,복잡,타 역 환승,ALT_STN
2,217,국제금융센터부산은행,N,N,섬식,35.14581675,129.0667552,3,E-0217-03,대합실,지하,1,승강장,지하,1,양방향,대체 경로 없음,N,,이동 불가,이동 불가,ALT_NONE
2,218,전포,N,N,상대식,35.15310228,129.0653738,1,E-0218-01,대합실,지하,1,역사 외부,지상,1,양방향,2호기 이용,Y,1,단순,대체 엘리베이터 이용,ALT_ELV
2,218,전포,N,N,상대식,35.15310228,129.0653738,1,E-0218-01,역사 외부,지상,1,대합실,지하,1,양방향,2호기 이용,Y,1,단순,대체 엘리베이터 이용,ALT_ELV
2,218,전포,N,N,상대식,35.15310228,129.0653738,2,E-0218-02,대합실,지하,1,역사 외부,지상,1,양방향,1호기 이용,Y,1,단순,대체 엘리베이터 이용,ALT_ELV
2,218,전포,N,N,상대식,35.15310228,129.0653738,2,E-0218-02,역사 외부,지상,1,대합실,지하,1,양방향,1호기 이용,Y,1,단순,대체 엘리베이터 이용,ALT_ELV
2,218,전포,N,N,상대식,35.15310228,129.0653738,3,E-0218-03,승강장,지하,3,대합실,지하,1,양방향,"장산행 열차 이용, 국제금융센터부산은행역 하차, 반대방향 양산행 열차 이용, 전포역 하차, 4호기 이용(대합실 이동)",Y,10,복잡,역 복귀 이동,ALT_BACK
2,218,전포,N,N,상대식,35.15310228,129.0653738,3,E-0218-03,대합실,지하,1,승강장,지하,1,양방향,"양산행 열차 이용, 서면역 하차, 반대방향 장산역 열차 이용",Y,6,복잡,타 역 환승,ALT_STN
2,218,전포,N,N,상대식,35.15310228,129.0653738,4,E-0218-04,승강장,지하,3,대합실,지하,1,양방향,"양산행 열차 이용, 서면역 하차, 반대방향 장산역 열차 이용, 전포역 하차, 3호기 이용(대합실 이동)",Y,10,복잡,역 복귀 이동,ALT_BACK
2,218,전포,N,N,상대식,35.15310228,129.0653738,4,E-0218-04,대합실,지하,1,승강장,지하,1,양방향,"장산행 열차 이용, 국제금융센터부산은행역 하차, 반대방향 양산행 열차 이용",Y,6,복잡,타 역 환승,ALT_STN
2,219,서면,N,Y,섬식,35.15774038,129.0590841,1,E-0219-01,대합실,지하,1,역사 외부,지상,1,양방향,2호선 2호기 이용,Y,2,단순,대체 엘리베이터 이용,ALT_ELV
2,219,서면,N,Y,섬식,35.15774038,129.0590841,1,E-0219-01,역사 외부,지상,1,대합실,지하,1,양방향,2호선 2호기 이용,Y,2,단순,대체 엘리베이터 이용,ALT_ELV
2,219,서면,N,Y,섬식,35.15774038,129.0590841,2,E-0219-02,대합실,지하,1,역사 외부,지상,1,양방향,2호선 1호기 이용,Y,2,단순,대체 엘리베이터 이용,ALT_ELV
2,219,서면,N,Y,섬식,35.15774038,129.0590841,2,E-0219-02,역사 외부,지상,1,대합실,지하,1,양방향,2호선 1호기 이용,Y,2,단순,대체 엘리베이터 이용,ALT_ELV
2,219,서면,N,Y,섬식,35.15774038,129.0590841,3,E-0219-03,승강장,지하,2,승강장,지하,2,양방향,"1호선 4호기 이용(1호선 대합실 이동), 1호선 3호기 이용(다대포해수욕장행 승강장 이동), 2호선 4호기 이용(2호선 승강장 이동)",Y,4,보통,대체 엘리베이터 이용,ALT_ELV
2,219,서면,N,Y,섬식,35.15774038,129.0590841,3,E-0219-03,승강장,지하,3,승강장,지하,3,양방향,"2호선 4호기 이용(다대포해수욕장행 승강장 이동), 1호선 3호기 이용(1호선 대합실 이동), 1호선 4호기 이용(노포행 승강장 이동)",Y,4,보통,대체 엘리베이터 이용,ALT_ELV
2,219,서면,N,Y,섬식,35.15774038,129.0590841,4,E-0219-04,승강장,지하,3,승강장,지하,2,양방향,"5호기 이용(2호선 대합실 이동), 휠체어리프트 2호기 이용(1호선 대합실 이동), 1호선 3호기 이용(다대포해수욕장행 승강장 이동)",Y,5,보통,대체 엘리베이터 이용,ALT_ELV
2,219,서면,N,Y,섬식,35.15774038,129.0590841,4,E-0219-04,승강장,지하,2,승강장,지하,3,양방향,"3호기 이용(1호선 대합실 이동), 휠체어리프트 2호기 이용(2호선 대합실 이동), 5호기 이용(2호선 승강장 이동)",Y,5,보통,대체 엘리베이터 이용,ALT_ELV
2,219,서면,N,Y,섬식,35.15774038,129.0590841,5,E-0219-05,승강장,지하,3,대합실,지하,1,양방향,"2호선 4호기 이용(다대포해수욕장행 승강장 이동), 1호선 3호기 이용(1호선 대합실 이동), 휠체어리프트 2호기 이용(2호선 대합실 이동)",Y,6,복잡,대체 엘리베이터 이용,ALT_ELV
2,219,서면,N,Y,섬식,35.15774038,129.0590841,5,E-0219-05,대합실,지하,1,승강장,지하,3,양방향,"휠체어리프트 2호기 이용(1호선 대합실 이동), 1호선 3호기 이용(다대포해수욕장행 승강장 이동), 2호선 4호기 이용(2호선 승강장 이동)",Y,6,복잡,대체 엘리베이터 이용,ALT_ELV
2,220,부암,N,N,상대식,35.15744434,129.0501845,1,E-0220-01,대합실,지하,1,역사 외부,지상,1,양방향,2호기 이용,Y,1,단순,대체 엘리베이터 이용,ALT_ELV
2,220,부암,N,N,상대식,35.15744434,129.0501845,1,E-0220-01,역사 외부,지상,1,대합실,지하,1,양방향,2호기 이용,Y,1,단순,대체 엘리베이터 이용,ALT_ELV
2,220,부암,N,N,상대식,35.15744434,129.0501845,2,E-0220-02,대합실,지하,1,역사 외부,지상,1,양방향,1호기 이용,Y,1,단순,대체 엘리베이터 이용,ALT_ELV
2,220,부암,N,N,상대식,35.15744434,129.0501845,2,E-0220-02,역사 외부,지상,1,대합실,지하,1,양방향,1호기 이용,Y,1,단순,대체 엘리베이터 이용,ALT_ELV
2,220,부암,N,N,상대식,35.15744434,129.0501845,3,E-0220-03,승강장,지하,3,대합실,지하,1,양방향,"장산행 열차 이용, 서면역 하차, 반대방향 양산행 열차 이용, 부암역 하차, 4호기 이용(대합실 이동)",Y,10,복잡,역 복귀 이동,ALT_BACK
2,220,부암,N,N,상대식,35.15744434,129.0501845,3,E-0220-03,대합실,지하,1,승강장,지하,3,양방향,"양산행 열차 이용, 가야역 하차, 반대방향 장산행 열차 이용",Y,8,복잡,타 역 환승,ALT_STN
2,220,부암,N,N,상대식,35.15744434,129.0501845,4,E-0220-04,승강장,지하,3,대합실,지하,1,양방향,"양산행 열차 이용, 가야역 하차, 반대방향 장산행 열차 이용, 부암역 하차, 3호기 이용(대합실 이동)",Y,10,복잡,역 복귀 이동,ALT_BACK
2,220,부암,N,N,상대식,35.15744434,129.0501845,4,E-0220-04,대합실,지하,1,승강장,지하,3,양방향,"장산행 열차 이용, 서면역 하차, 반대방향 양산행 열차 이용",Y,8,복잡,타 역 환승,ALT_STN
2,221,가야,N,N,상대식,35.15588298,129.0428165,1,E-0221-01,대합실,지하,1,역사 외부,지상,1,양방향,2호기 이용,Y,1,단순,대체 엘리베이터 이용,ALT_ELV
2,221,가야,N,N,상대식,35.15588298,129.0428165,1,E-0221-01,역사 외부,지상,1,대합실,지하,1,양방향,2호기 이용,Y,1,단순,대체 엘리베이터 이용,ALT_ELV
2,221,가야,N,N,상대식,35.15588298,129.0428165,2,E-0221-02,대합실,지하,1,역사 외부,지상,1,양방향,1호기 이용,Y,1,단순,대체 엘리베이터 이용,ALT_ELV
2,221,가야,N,N,상대식,35.15588298,129.0428165,2,E-0221-02,역사 외부,지상,1,대합실,지하,1,양방향,1호기 이용,Y,1,단순,대체 엘리베이터 이용,ALT_ELV
2,221,가야,N,N,상대식,35.15588298,129.0428165,3,E-0221-03,승강장,지하,3,대합실,지하,1,양방향,"장산행 열차 이용, 부암역 하차, 반대방향 양산행 열차 이용, 가야역 하차, 4호기 이용(대합실 이동)",Y,10,복잡,역 복귀 이동,ALT_BACK
2,221,가야,N,N,상대식,35.15588298,129.0428165,3,E-0221-03,대합실,지하,1,승강장,지하,3,양방향,"양산행 열차 이용, 동의대역 하차, 반대방향 장산행 열차 이용",Y,8,복잡,타 역 환승,ALT_STN
2,221,가야,N,N,상대식,35.15588298,129.0428165,4,E-0221-04,승강장,지하,3,대합실,지하,1,양방향,"양산행 열차 이용, 동의대역 하차, 반대방향 장산행 열차 이용, 가야역 하차, 3호기 이용(대합실 이동)",Y,10,복잡,역 복귀 이동,ALT_BACK
2,221,가야,N,N,상대식,35.15588298,129.0428165,4,E-0221-04,대합실,지하,1,승강장,지하,3,양방향,"장산행 열차 이용, 부암역 하차, 반대방향 양산행 열차 이용",Y,8,복잡,타 역 환승,ALT_STN
2,222,동의대,N,N,상대식,35.15398606,129.0327501,1,E-0222-01,대합실,지하,1,역사 외부,지상,1,양방향,3호기 이용,Y,1,단순,대체 엘리베이터 이용,ALT_ELV
2,222,동의대,N,N,상대식,35.15398606,129.0327501,1,E-0222-01,역사 외부,지상,1,대합실,지하,1,양방향,3호기 이용,Y,1,단순,대체 엘리베이터 이용,ALT_ELV
2,222,동의대,N,N,상대식,35.15398606,129.0327501,2,E-0222-02,대합실,지하,1,역사 외부,지상,1,양방향,3호기 이용,Y,1,단순,대체 엘리베이터 이용,ALT_ELV
2,222,동의대,N,N,상대식,35.15398606,129.0327501,2,E-0222-02,역사 외부,지상,1,대합실,지하,1,양방향,3호기 이용,Y,1,단순,대체 엘리베이터 이용,ALT_ELV
2,222,동의대,N,N,상대식,35.15398606,129.0327501,3,E-0222-03,대합실,지하,1,역사 외부,지상,1,양방향,2호기 이용,Y,1,단순,대체 엘리베이터 이용,ALT_ELV
2,222,동의대,N,N,상대식,35.15398606,129.0327501,3,E-0222-03,역사 외부,지상,1,대합실,지하,1,양방향,2호기 이용,Y,1,단순,대체 엘리베이터 이용,ALT_ELV
2,222,동의대,N,N,상대식,35.15398606,129.0327501,4,E-0222-04,승강장,지하,4,대합실,지하,1,양방향,"양산행 열차 이용, 개금역 하차, 반대방향 장산행 열차 이용, 동의대역 하차, 5호기 이용(대합실 이동)",Y,10,복잡,역 복귀 이동,ALT_BACK
2,222,동의대,N,N,상대식,35.15398606,129.0327501,4,E-0222-04,대합실,지하,1,승강장,지하,4,양방향,"장산행 열차 이용, 가야역 하차, 반대방향 양산행 열차 이용",Y,8,복잡,타 역 환승,ALT_STN
2,222,동의대,N,N,상대식,35.15398606,129.0327501,5,E-0222-05,승강장,지하,4,대합실,지하,1,양방향,"장산행 열차 이용, 가야역 하차, 반대방향 양산행 열차 이용, 동의대역 하차, 4호기 이용(대합실 이동)",Y,10,복잡,역 복귀 이동,ALT_BACK
2,222,동의대,N,N,상대식,35.15398606,129.0327501,5,E-0222-05,대합실,지하,1,승강장,지하,4,양방향,"양산행 열차 이용, 개금역 하차, 반대방향 장산행 열차 이용",Y,8,복잡,타 역 환승,ALT_STN
2,223,개금,N,N,상대식,35.1532843,129.0205327,1,E-0223-01,대합실,지하,1,역사 외부,지상,1,양방향,2호기 이용,Y,1,단순,대체 엘리베이터 이용,ALT_ELV
2,223,개금,N,N,상대식,35.1532843,129.0205327,1,E-0223-01,역사 외부,지상,1,대합실,지하,1,양방향,2호기 이용,Y,1,단순,대체 엘리베이터 이용,ALT_ELV
2,223,개금,N,N,상대식,35.1532843,129.0205327,2,E-0223-02,대합실,지하,1,역사 외부,지상,1,양방향,1호기 이용,Y,1,단순,대체 엘리베이터 이용,ALT_ELV
2,223,개금,N,N,상대식,35.1532843,129.0205327,2,E-0223-02,역사 외부,지상,1,대합실,지하,1,양방향,1호기 이용,Y,1,단순,대체 엘리베이터 이용,ALT_ELV
2,223,개금,N,N,상대식,35.1532843,129.0205327,3,E-0223-03,승강장,지하,3,대합실,지하,1,양방향,"장산행 열차 이용, 동의대역 하차, 반대방향 양산행 열차 이용, 개금역 하차, 4호기 이용(대합실 이동)",Y,10,복잡,역 복귀 이동,ALT_BACK
2,223,개금,N,N,상대식,35.1532843,129.0205327,3,E-0223-03,대합실,지하,1,승강장,지하,3,양방향,"양산행 열차 이용, 냉정역 하차, 반대방향 장산행 열차 이용",Y,8,복잡,타 역 환승,ALT_STN
2,223,개금,N,N,상대식,35.1532843,129.0205327,4,E-0223-04,승강장,지하,3,대합실,지하,1,양방향,"양산행 열차 이용, 냉정역 하차, 반대방향 장산행 열차 이용, 개금역 하차, 3호기 이용(대합실 이동)",Y,10,복잡,역 복귀 이동,ALT_BACK
2,223,개금,N,N,상대식,35.1532843,129.0205327,4,E-0223-04,대합실,지하,1,승강장,지하,3,양방향,"장산행 열차 이용, 동의대역 하차, 반대방향 양산행 열차 이용",Y,8,복잡,타 역 환승,ALT_STN
2,224,냉정,N,N,상대식,35.15125355,129.0122554,1,E-0224-01,대합실,지하,1,역사 외부,지상,1,양방향,2호기 이용 또는 3호기 이용,Y,1,단순,대체 엘리베이터 이용,ALT_ELV
2,224,냉정,N,N,상대식,35.15125355,129.0122554,1,E-0224-01,역사 외부,지상,1,대합실,지하,1,양방향,2호기 이용 또는 3호기 이용,Y,1,단순,대체 엘리베이터 이용,ALT_ELV
2,224,냉정,N,N,상대식,35.15125355,129.0122554,2,E-0224-02,대합실,지하,1,역사 외부,지상,1,양방향,1호기 이용 또는 3호기 이용,Y,1,단순,대체 엘리베이터 이용,ALT_ELV
2,224,냉정,N,N,상대식,35.15125355,129.0122554,2,E-0224-02,역사 외부,지상,1,대합실,지하,1,양방향,1호기 이용 또는 3호기 이용,Y,1,단순,대체 엘리베이터 이용,ALT_ELV
2,224,냉정,N,N,상대식,35.15125355,129.0122554,3,E-0224-03,대합실,지하,1,역사 외부,지상,1,양방향,1호기 이용 또는 2호기 이용,Y,1,단순,대체 엘리베이터 이용,ALT_ELV
2,224,냉정,N,N,상대식,35.15125355,129.0122554,3,E-0224-03,역사 외부,지상,1,대합실,지하,1,양방향,1호기 이용 또는 2호기 이용,Y,1,단순,대체 엘리베이터 이용,ALT_ELV
2,224,냉정,N,N,상대식,35.15125355,129.0122554,4,E-0224-04,승강장,지하,2,대합실,지하,1,양방향,"양산행 열차 이용, 주례역 하차, 반대방향 장산행 열차 이용, 냉정역 하차, 5호기 이용(대합실 이동)",Y,10,복잡,역 복귀 이동,ALT_BACK
2,224,냉정,N,N,상대식,35.15125355,129.0122554,4,E-0224-04,대합실,지하,1,승강장,지하,2,양방향,"장산행 열차 이용, 개금역 하차, 반대방향 양산행 열차 이용",Y,7,복잡,타 역 환승,ALT_STN
2,224,냉정,N,N,상대식,35.15125355,129.0122554,5,E-0224-05,승강장,지하,2,대합실,지하,1,양방향,"장산행 열차 이용, 개금역 하차, 반대방향 양산행 열차 이용, 냉정역 하차, 4호기 이용(대합실 이동)",Y,10,복잡,역 복귀 이동,ALT_BACK
2,224,냉정,N,N,상대식,35.15125355,129.0122554,5,E-0224-05,대합실,지하,1,승강장,지하,2,양방향,"양산행 열차 이용, 주례역 하차, 반대방향 장산행 열차 이용",Y,7,복잡,타 역 환승,ALT_STN
2,225,주례,N,N,상대식,35.1505079,129.0030769,1,E-0225-01,대합실,지하,1,역사 외부,지상,1,양방향,2호기 이용,Y,1,단순,대체 엘리베이터 이용,ALT_ELV
2,225,주례,N,N,상대식,35.1505079,129.0030769,1,E-0225-01,역사 외부,지상,1,대합실,지하,1,양방향,2호기 이용,Y,1,단순,대체 엘리베이터 이용,ALT_ELV
2,225,주례,N,N,상대식,35.1505079,129.0030769,2,E-0225-02,대합실,지하,1,역사 외부,지상,1,양방향,1호기 이용,Y,1,단순,대체 엘리베이터 이용,ALT_ELV
2,225,주례,N,N,상대식,35.1505079,129.0030769,3,E-0225-03,역사 외부,지상,1,대합실,지하,1,양방향,1호기 이용,Y,1,단순,대체 엘리베이터 이용,ALT_ELV
2,225,주례,N,N,상대식,35.1505079,129.0030769,3,E-0225-03,승강장,지하,2,대합실,지하,1,양방향,"장산행 열차 이용, 냉정역 하차, 반대방향 양산행 열차 이용, 주례역 하차, 4호기 이용(대합실 이동)",Y,10,복잡,역 복귀 이동,ALT_BACK
2,225,주례,N,N,상대식,35.1505079,129.0030769,3,E-0225-03,대합실,지하,1,승강장,지하,2,양방향,"양산행 열차 이용, 감전역 하차, 반대방향 장산행 열차 이용",Y,7,복잡,타 역 환승,ALT_STN
2,225,주례,N,N,상대식,35.1505079,129.0030769,4,E-0225-04,승강장,지하,2,대합실,지하,1,양방향,"양산행 열차 이용, 감전역 하차, 반대방향 장산행 열차 이용, 주례역 하차, 3호기 이용(대합실 이동)",Y,10,복잡,역 복귀 이동,ALT_BACK
2,225,주례,N,N,상대식,35.1505079,129.0030769,4,E-0225-04,대합실,지하,1,승강장,지하,2,양방향,"장산행 열차 이용, 냉정역 하차, 반대방향 양산행 열차 이용",Y,7,복잡,타 역 환승,ALT_STN
2,226,감전,N,N,상대식,35.15552772,128.9911464,1,E-0226-01,대합실,지하,1,역사 외부,지상,1,양방향,2호기 이용,Y,1,단순,대체 엘리베이터 이용,ALT_ELV
2,226,감전,N,N,상대식,35.15552772,128.9911464,1,E-0226-01,역사 외부,지상,1,대합실,지하,1,양방향,2호기 이용,Y,1,단순,대체 엘리베이터 이용,ALT_ELV
2,226,감전,N,N,상대식,35.15552772,128.9911464,2,E-0226-02,대합실,지하,1,역사 외부,지상,1,양방향,1호기 이용,Y,1,단순,대체 엘리베이터 이용,ALT_ELV
2,226,감전,N,N,상대식,35.15552772,128.9911464,2,E-0226-02,역사 외부,지상,1,대합실,지하,1,양방향,1호기 이용,Y,1,단순,대체 엘리베이터 이용,ALT_ELV
2,226,감전,N,N,상대식,35.15552772,128.9911464,3,E-0226-03,승강장,지하,2,대합실,지하,1,양방향,"장산행 열차 이용, 주례역 하차, 반대방향 양산행 열차 이용, 감전역 하차, 4호기 이용(대합실 이동)",Y,10,복잡,역 복귀 이동,ALT_BACK
2,226,감전,N,N,상대식,35.15552772,128.9911464,3,E-0226-03,대합실,지하,1,승강장,지하,2,양방향,"양산행 열차 이용, 사상역 하차, 반대방향 장산행 열차 이용",Y,7,복잡,타 역 환승,ALT_STN
2,226,감전,N,N,상대식,35.15552772,128.9911464,4,E-0226-04,승강장,지하,2,대합실,지하,1,양방향,"양산행 열차 이용, 사상역 하차, 반대방향 장산행 열차 이용, 감전역 하차, 3호기 이용(대합실 이동)",Y,10,복잡,역 복귀 이동,ALT_BACK
2,226,감전,N,N,상대식,35.15552772,128.9911464,4,E-0226-04,대합실,지하,1,승강장,지하,2,양방향,"장산행 열차 이용, 주례역 하차, 반대방향 양산행 열차 이용",Y,7,복잡,타 역 환승,ALT_STN
2,227,사상,N,N,상대식,35.16236068,128.9846206,1,E-0227-01,대합실,지하,1,역사 외부,지상,1,양방향,2호기 이용,Y,1,단순,대체 엘리베이터 이용,ALT_ELV
2,227,사상,N,N,상대식,35.16236068,128.9846206,1,E-0227-01,역사 외부,지상,1,대합실,지하,1,양방향,2호기 이용,Y,1,단순,대체 엘리베이터 이용,ALT_ELV
2,227,사상,N,N,상대식,35.16236068,128.9846206,2,E-0227-02,대합실,지하,1,역사 외부,지상,1,양방향,1호기 이용,Y,1,단순,대체 엘리베이터 이용,ALT_ELV
2,227,사상,N,N,상대식,35.16236068,128.9846206,2,E-0227-02,역사 외부,지상,1,대합실,지하,1,양방향,1호기 이용,Y,1,단순,대체 엘리베이터 이용,ALT_ELV
2,227,사상,N,N,상대식,35.16236068,128.9846206,3,E-0227-03,대합실,지하,1,승강장,지하,2,양방향,"양산행 열차 이용, 덕포역 하차, 반대방향 장산행 열차 이용",Y,7,복잡,타 역 환승,ALT_STN
2,227,사상,N,N,상대식,35.16236068,128.9846206,3,E-0227-03,승강장,지하,2,대합실,지하,1,양방향,"장산행 열차 이용, 감전역 하차, 반대방향 양산행 열차 이용, 사상역 하차, 4호기 이용(대합실 이동)",Y,10,복잡,역 복귀 이동,ALT_BACK
2,227,사상,N,N,상대식,35.16236068,128.9846206,4,E-0227-04,대합실,지하,1,승강장,지하,2,양방향,"장산행 열차 이용, 감전역 하차, 반대방향 양산행 열차 이용",Y,7,복잡,타 역 환승,ALT_STN
2,227,사상,N,N,상대식,35.16236068,128.9846206,4,E-0227-04,승강장,지하,2,대합실,지하,1,양방향,"양산행 열차 이용, 덕포역 하차, 반대방향 장산행 열차 이용, 사상역 하차, 3호기 이용(대합실 이동)",Y,10,복잡,역 복귀 이동,ALT_BACK
2,228,덕포,N,N,상대식,35.17375351,128.9839554,1,E-0228-01,대합실,지하,1,역사 외부,지상,1,양방향,2호기 이용,Y,1,단순,대체 엘리베이터 이용,ALT_ELV
2,228,덕포,N,N,상대식,35.17375351,128.9839554,1,E-0228-01,역사 외부,지상,1,대합실,지하,1,양방향,2호기 이용,Y,1,단순,대체 엘리베이터 이용,ALT_ELV
2,228,덕포,N,N,상대식,35.17375351,128.9839554,2,E-0228-02,대합실,지하,1,역사 외부,지상,1,양방향,1호기 이용,Y,1,단순,대체 엘리베이터 이용,ALT_ELV
2,228,덕포,N,N,상대식,35.17375351,128.9839554,2,E-0228-02,역사 외부,지상,1,대합실,지하,1,양방향,1호기 이용,Y,1,단순,대체 엘리베이터 이용,ALT_ELV
2,228,덕포,N,N,상대식,35.17375351,128.9839554,3,E-0228-03,승강장,지하,2,대합실,지하,1,양방향,"장산행 열차 이용, 사상역 하차, 반대방향 양산행 열차 이용, 덕포역 하차, 4호기 이용(대합실 이동)",Y,10,복잡,역 복귀 이동,ALT_BACK
2,228,덕포,N,N,상대식,35.17375351,128.9839554,3,E-0228-03,대합실,지하,1,승강장,지하,2,양방향,"양산행 열차 이용, 모덕역 하차, 반대방향 장산행 열차 이용",Y,7,복잡,타 역 환승,ALT_STN
2,228,덕포,N,N,상대식,35.17375351,128.9839554,4,E-0228-04,승강장,지하,2,대합실,지하,1,양방향,"양산행 열차 이용, 모덕역 하차, 반대방향 장산행 열차 이용, 덕포역 하차, 3호기 이용(대합실 이동)",Y,10,복잡,역 복귀 이동,ALT_BACK
2,228,덕포,N,N,상대식,35.17375351,128.9839554,4,E-0228-04,대합실,지하,1,승강장,지하,2,양방향,"장산행 열차 이용, 사상역 하차, 반대방향 양산행 열차 이용",Y,7,복잡,타 역 환승,ALT_STN
2,229,모덕,N,N,상대식,35.1803657,128.985621,1,E-0229-01,대합실,지하,1,역사 외부,지상,1,양방향,대체 경로 없음,N,,이동 불가,이동 불가,ALT_NONE
2,229,모덕,N,N,상대식,35.1803657,128.985621,1,E-0229-01,역사 외부,지상,1,대합실,지하,1,양방향,대체 경로 없음,N,,이동 불가,이동 불가,ALT_NONE
2,229,모덕,N,N,상대식,35.1803657,128.985621,2,E-0229-02,승강장,지하,2,대합실,지하,1,양방향,"장산행 열차 이용, 덕포역 하차, 반대방향 양산행 열차 이용, 모덕역 하차, 3호기 이용(대합실 이동)",Y,10,복잡,역 복귀 이동,ALT_BACK
2,229,모덕,N,N,상대식,35.1803657,128.985621,2,E-0229-02,대합실,지하,1,승강장,지하,2,양방향,"양산행 열차 이용, 모라역 하차, 반대방향 장산행 열차 이용",Y,7,복잡,타 역 환승,ALT_STN
2,229,모덕,N,N,상대식,35.1803657,128.985621,3,E-0229-03,승강장,지하,2,대합실,지하,1,양방향,"양산행 열차 이용, 모라역 하차, 반대방향 장산행 열차 이용, 모덕역 하차, 2호기 이용(대합실 이동)",Y,10,복잡,역 복귀 이동,ALT_BACK
2,229,모덕,N,N,상대식,35.1803657,128.985621,3,E-0229-03,대합실,지하,1,승강장,지하,2,양방향,"장산행 열차 이용, 덕포역 하차, 반대방향 양산행 열차 이용",Y,7,복잡,타 역 환승,ALT_STN
2,230,모라,N,N,상대식,35.18966264,128.9886546,1,E-0230-01,대합실,지하,1,역사 외부,지상,1,양방향,2호기 이용,Y,1,단순,대체 엘리베이터 이용,ALT_ELV
2,230,모라,N,N,상대식,35.18966264,128.9886546,1,E-0230-01,역사 외부,지상,1,대합실,지하,1,양방향,2호기 이용,Y,1,단순,대체 엘리베이터 이용,ALT_ELV
2,230,모라,N,N,상대식,35.18966264,128.9886546,2,E-0230-02,대합실,지하,1,역사 외부,지상,1,양방향,1호기 이용,Y,1,단순,대체 엘리베이터 이용,ALT_ELV
2,230,모라,N,N,상대식,35.18966264,128.9886546,2,E-0230-02,역사 외부,지상,1,대합실,지하,1,양방향,1호기 이용,Y,1,단순,대체 엘리베이터 이용,ALT_ELV
2,230,모라,N,N,상대식,35.18966264,128.9886546,3,E-0230-03,승강장,지하,2,대합실,지하,1,양방향,"장산행 열차 이용, 모덕역 하차, 반대방향 양산행 열차 이용, 모라역 하차, 4호기 이용(대합실 이동)",Y,10,복잡,역 복귀 이동,ALT_BACK
2,230,모라,N,N,상대식,35.18966264,128.9886546,3,E-0230-03,대합실,지하,1,승강장,지하,2,양방향,"양산행 열차 이용, 구남역 하차, 반대방향 장산행 열차 이용",Y,7,복잡,타 역 환승,ALT_STN
2,230,모라,N,N,상대식,35.18966264,128.9886546,4,E-0230-04,승강장,지하,2,대합실,지하,1,양방향,"양산행 열차 이용, 구남역 하차, 반대방향 장산행 열차 이용, 모라역 하차, 3호기 이용(대합실 이동)",Y,10,복잡,역 복귀 이동,ALT_BACK
2,230,모라,N,N,상대식,35.18966264,128.9886546,4,E-0230-04,대합실,지하,1,승강장,지하,2,양방향,"장산행 열차 이용, 모덕역 하차, 반대방향 양산행 열차 이용",Y,7,복잡,타 역 환승,ALT_STN
2,231,구남,N,N,상대식,35.19680397,128.9949283,1,E-0231-01,대합실,지하,1,역사 외부,지상,1,양방향,2호기 이용,Y,1,단순,대체 엘리베이터 이용,ALT_ELV
2,231,구남,N,N,상대식,35.19680397,128.9949283,1,E-0231-01,역사 외부,지상,1,대합실,지하,1,양방향,2호기 이용,Y,1,단순,대체 엘리베이터 이용,ALT_ELV
2,231,구남,N,N,상대식,35.19680397,128.9949283,2,E-0231-02,대합실,지하,1,역사 외부,지상,1,양방향,1호기 이용,Y,1,단순,대체 엘리베이터 이용,ALT_ELV
2,231,구남,N,N,상대식,35.19680397,128.9949283,2,E-0231-02,역사 외부,지상,1,대합실,지하,1,양방향,1호기 이용,Y,1,단순,대체 엘리베이터 이용,ALT_ELV
2,231,구남,N,N,상대식,35.19680397,128.9949283,3,E-0231-03,승강장,지하,3,대합실,지하,1,양방향,"장산행 열차 이용, 모라역 하차, 반대방향 양산행 열차 이용, 구남역 하차, 4호기 이용(대합실 이동)",Y,10,복잡,역 복귀 이동,ALT_BACK
2,231,구남,N,N,상대식,35.19680397,128.9949283,3,E-0231-03,대합실,지하,1,승강장,지하,3,양방향,"양산행 열차 이용, 구명역 하차, 반대방향 장산행 열차 이용",Y,8,복잡,타 역 환승,ALT_STN
2,231,구남,N,N,상대식,35.19680397,128.9949283,4,E-0231-04,승강장,지하,3,대합실,지하,1,양방향,"양산행 열차 이용, 구명역 하차, 반대방향 장산행 열차 이용, 구남역 하차, 3호기 이용(대합실 이동)",Y,10,복잡,역 복귀 이동,ALT_BACK
2,231,구남,N,N,상대식,35.19680397,128.9949283,4,E-0231-04,대합실,지하,1,승강장,지하,3,양방향,"장산행 열차 이용, 모라역 하차, 반대방향 양산행 열차 이용",Y,8,복잡,타 역 환승,ALT_STN
2,232,구명,N,N,상대식,35.20252009,128.9993218,1,E-0232-01,대합실,지하,1,역사 외부,지상,1,양방향,2호기 이용,Y,1,단순,대체 엘리베이터 이용,ALT_ELV
2,232,구명,N,N,상대식,35.20252009,128.9993218,1,E-0232-01,역사 외부,지상,1,대합실,지하,1,양방향,2호기 이용,Y,1,단순,대체 엘리베이터 이용,ALT_ELV
2,232,구명,N,N,상대식,35.20252009,128.9993218,2,E-0232-02,대합실,지하,1,역사 외부,지상,1,양방향,1호기 이용,Y,1,단순,대체 엘리베이터 이용,ALT_ELV
2,232,구명,N,N,상대식,35.20252009,128.9993218,2,E-0232-02,역사 외부,지상,1,대합실,지하,1,양방향,1호기 이용,Y,1,단순,대체 엘리베이터 이용,ALT_ELV
2,232,구명,N,N,상대식,35.20252009,128.9993218,3,E-0232-03,승강장,지하,3,대합실,지하,1,양방향,"장산행 열차 이용, 구남역 하차, 반대방향 양산행 열차 이용, 구명역 하차, 4호기 이용(대합실 이동)",Y,10,복잡,역 복귀 이동,ALT_BACK
2,232,구명,N,N,상대식,35.20252009,128.9993218,3,E-0232-03,대합실,지하,1,승강장,지하,3,양방향,"양산행 열차 이용, 덕천역 하차, 반대방향 장산행 열차 이용",Y,8,복잡,타 역 환승,ALT_STN
2,232,구명,N,N,상대식,35.20252009,128.9993218,4,E-0232-04,승강장,지하,3,대합실,지하,1,양방향,"양산행 열차 이용, 덕천역 하차, 반대방향 장산행 열차 이용, 구명역 하차, 3호기 이용(대합실 이동)",Y,10,복잡,역 복귀 이동,ALT_BACK
2,232,구명,N,N,상대식,35.20252009,128.9993218,4,E-0232-04,대합실,지하,1,승강장,지하,3,양방향,"장산행 열차 이용, 구남역 하차, 반대방향 양산행 열차 이용",Y,8,복잡,타 역 환승,ALT_STN
2,233,덕천,N,Y,상대식,35.21021911,129.0056732,1,E-0233-01,대합실,지하,1,역사 외부,지상,1,양방향,2호기 이용,Y,2,단순,대체 엘리베이터 이용,ALT_ELV
2,233,덕천,N,Y,상대식,35.21021911,129.0056732,1,E-0233-01,역사 외부,지상,1,대합실,지하,1,양방향,2호기 이용,Y,2,단순,대체 엘리베이터 이용,ALT_ELV
2,233,덕천,N,Y,상대식,35.21021911,129.0056732,2,E-0233-02,대합실,지하,1,역사 외부,지상,1,양방향,1호기 이용,Y,2,단순,대체 엘리베이터 이용,ALT_ELV
2,233,덕천,N,Y,상대식,35.21021911,129.0056732,2,E-0233-02,역사 외부,지상,1,대합실,지하,1,양방향,1호기 이용,Y,2,단순,대체 엘리베이터 이용,ALT_ELV
2,234,수정,N,N,상대식,35.22335596,129.0091977,1,E-0234-01,대합실,지하,2,역사 외부,지상,1,양방향,2호기 이용 또는 3호기 이용,Y,2,단순,대체 엘리베이터 이용,ALT_ELV
2,234,수정,N,N,상대식,35.22335596,129.0091977,1,E-0234-01,역사 외부,지상,1,대합실,지하,2,양방향,2호기 이용 또는 3호기 이용,Y,2,단순,대체 엘리베이터 이용,ALT_ELV
2,234,수정,N,N,상대식,35.22335596,129.0091977,2,E-0234-02,대합실,지하,2,역사 외부,지상,1,양방향,1호기 이용 또는 3호기 이용,Y,2,단순,대체 엘리베이터 이용,ALT_ELV
2,234,수정,N,N,상대식,35.22335596,129.0091977,2,E-0234-02,역사 외부,지상,1,대합실,지하,2,양방향,1호기 이용 또는 3호기 이용,Y,2,단순,대체 엘리베이터 이용,ALT_ELV
2,234,수정,N,N,상대식,35.22335596,129.0091977,3,E-0234-03,대합실,지하,2,역사 외부,지상,1,양방향,1호기 이용 또는 2호기 이용,Y,2,단순,대체 엘리베이터 이용,ALT_ELV
2,234,수정,N,N,상대식,35.22335596,129.0091977,3,E-0234-03,역사 외부,지상,1,대합실,지하,2,양방향,1호기 이용 또는 2호기 이용,Y,2,단순,대체 엘리베이터 이용,ALT_ELV
2,234,수정,N,N,상대식,35.22335596,129.0091977,4,E-0234-04,승강장,지하,3,대합실,지하,2,양방향,"장산행 열차 이용, 덕천역 하차, 반대방향 양산행 열차 이용, 수정역 하차, 5호기 이용(대합실 이동)",Y,10,복잡,역 복귀 이동,ALT_BACK
2,234,수정,N,N,상대식,35.22335596,129.0091977,4,E-0234-04,대합실,지하,2,승강장,지하,3,양방향,"5호기 이용(양산행 승강장 이동), 양산행 열차 이용, 화명역 하차, 반대방향 장산행 열차 이용",Y,8,복잡,타 역 환승,ALT_STN
2,234,수정,N,N,상대식,35.22335596,129.0091977,5,E-0234-05,승강장,지하,3,대합실,지하,2,양방향,"양산행 열차 이용, 화명역 하차, 반대방향 장산행 열차 이용, 수정역 하차, 4호기 이용(대합실 이동)",Y,10,복잡,역 복귀 이동,ALT_BACK
2,234,수정,N,N,상대식,35.22335596,129.0091977,5,E-0234-05,대합실,지하,2,승강장,지하,3,양방향,"4호기 이용(장산행 승강장 이동), 장산행 열차 이용, 덕천역 하차, 반대방향 양산행 열차 이용",Y,8,복잡,타 역 환승,ALT_STN
2,235,화명,N,N,상대식,35.23627817,129.0139183,1,E-0235-01,대합실,지하,1,역사 외부,지상,1,양방향,2호기 이용,Y,1,단순,대체 엘리베이터 이용,ALT_ELV
2,235,화명,N,N,상대식,35.23627817,129.0139183,1,E-0235-01,역사 외부,지상,1,대합실,지하,1,양방향,2호기 이용,Y,1,단순,대체 엘리베이터 이용,ALT_ELV
2,235,화명,N,N,상대식,35.23627817,129.0139183,2,E-0235-02,대합실,지하,1,역사 외부,지상,1,양방향,1호기 이용,Y,1,단순,대체 엘리베이터 이용,ALT_ELV
2,235,화명,N,N,상대식,35.23627817,129.0139183,2,E-0235-02,역사 외부,지상,1,대합실,지하,1,양방향,1호기 이용,Y,1,단순,대체 엘리베이터 이용,ALT_ELV
2,235,화명,N,N,상대식,35.23627817,129.0139183,3,E-0235-03,승강장,지하,2,대합실,지하,1,양방향,"장산행 열차 이용, 수정역 하차, 반대방향 양산행 열차 이용, 화명역 하차, 4호기 이용(대합실 이동)",Y,10,복잡,역 복귀 이동,ALT_BACK
2,235,화명,N,N,상대식,35.23627817,129.0139183,3,E-0235-03,대합실,지하,1,승강장,지하,2,양방향,"양산행 열차 이용, 율리역 하차, 반대방향 장산행 열차 이용",Y,7,복잡,타 역 환승,ALT_STN
2,235,화명,N,N,상대식,35.23627817,129.0139183,4,E-0235-04,승강장,지하,2,대합실,지하,1,양방향,"양산행 열차 이용, 율리역 하차, 반대방향 장산행 열차 이용, 화명역 하차, 3호기 이용(대합실 이동)",Y,10,복잡,역 복귀 이동,ALT_BACK
2,235,화명,N,N,상대식,35.23627817,129.0139183,4,E-0235-04,대합실,지하,1,승강장,지하,2,양방향,"장산행 열차 이용, 수정역 하차, 반대방향 양산행 열차 이용",Y,7,복잡,타 역 환승,ALT_STN
2,236,율리,N,N,상대식,35.24671435,129.0129179,1,E-0236-01,대합실,지하,1,역사 외부,지상,1,양방향,2호기 이용,Y,1,단순,대체 엘리베이터 이용,ALT_ELV
2,236,율리,N,N,상대식,35.24671435,129.0129179,1,E-0236-01,역사 외부,지상,1,대합실,지하,1,양방향,2호기 이용,Y,1,단순,대체 엘리베이터 이용,ALT_ELV
2,236,율리,N,N,상대식,35.24671435,129.0129179,2,E-0236-02,대합실,지하,1,역사 외부,지상,1,양방향,1호기 이용,Y,1,단순,대체 엘리베이터 이용,ALT_ELV
2,236,율리,N,N,상대식,35.24671435,129.0129179,2,E-0236-02,역사 외부,지상,1,대합실,지하,1,양방향,1호기 이용,Y,1,단순,대체 엘리베이터 이용,ALT_ELV
2,236,율리,N,N,상대식,35.24671435,129.0129179,3,E-0236-03,승강장,지하,2,대합실,지하,1,양방향,"장산행 열차 이용, 화명역 하차, 반대방향 양산행 열차 이용, 율리역 하차, 4호기 이용(대합실 이동)",Y,10,복잡,역 복귀 이동,ALT_BACK
2,236,율리,N,N,상대식,35.24671435,129.0129179,3,E-0236-03,대합실,지하,1,승강장,지하,2,양방향,"양산행 열차 이용, 동원역 하차, 반대방향 장산행 열차 이용",Y,7,복잡,타 역 환승,ALT_STN
2,236,율리,N,N,상대식,35.24671435,129.0129179,4,E-0236-04,승강장,지하,2,대합실,지하,1,양방향,"양산행 열차 이용, 동원역 하차, 반대방향 장산행 열차 이용, 율리역 하차, 3호기 이용(대합실 이동)",Y,10,복잡,역 복귀 이동,ALT_BACK
2,236,율리,N,N,상대식,35.24671435,129.0129179,4,E-0236-04,대합실,지하,1,승강장,지하,2,양방향,"장산행 열차 이용, 화명역 하차, 반대방향 양산행 열차 이용",Y,7,복잡,타 역 환승,ALT_STN
2,237,동원,N,N,상대식,35.25865603,129.0123922,1,E-0237-01,승강장,지하,1,대합실,지상,1,양방향,"장산행 열차 이용, 율리역 하차, 반대방향 양산행 열차 이용, 동원역 하차, 2호기 이용(대합실 이동)",Y,9,복잡,역 복귀 이동,ALT_BACK
2,237,동원,N,N,상대식,35.25865603,129.0123922,1,E-0237-01,대합실,지상,1,승강장,지하,1,양방향,"양산행 열차 이용, 금곡역 하차, 반대방향 장산행 열차 이용",Y,6,복잡,타 역 환승,ALT_STN
2,237,동원,N,N,상대식,35.25865603,129.0123922,2,E-0237-02,승강장,지하,1,대합실,지상,1,양방향,"양산행 열차 이용, 금곡역 하차, 반대방향 장산행 열차 이용, 동원역 하차, 1호기 이용(대합실 이동)",Y,9,복잡,역 복귀 이동,ALT_BACK
2,237,동원,N,N,상대식,35.25865603,129.0123922,2,E-0237-02,대합실,지상,1,승강장,지하,1,양방향,"장산행 열차 이용, 율리역 하차, 반대방향 양산행 열차 이용",Y,6,복잡,타 역 환승,ALT_STN
2,238,금곡,N,N,상대식,35.26724761,129.0166703,1,E-0238-01,대합실,지상,1,승강장,지상,2,양방향,"양산행 열차 이용, 호포역 하차, 반대방향 장산행 열차 이용",Y,7,복잡,타 역 환승,ALT_STN
2,238,금곡,N,N,상대식,35.26724761,129.0166703,1,E-0238-01,승강장,지상,2,대합실,지상,1,양방향,"장산행 열차 이용, 동원역 하차, 반대방향 양산행 열차 이용, 금곡역 하차, 2호기 이용(대합실 이동)",Y,10,복잡,역 복귀 이동,ALT_BACK
2,238,금곡,N,N,상대식,35.26724761,129.0166703,2,E-0238-02,대합실,지상,1,승강장,지상,2,양방향,"장산행 열차 이용, 동원역 하차, 반대방향 양산행 열차 이용",Y,7,복잡,타 역 환승,ALT_STN
2,238,금곡,N,N,상대식,35.26724761,129.0166703,2,E-0238-02,승강장,지상,2,대합실,지상,1,양방향,"양산행 열차 이용, 호포역 하차, 반대방향 장산행 열차 이용, 금곡역 하차, 1호기 이용(대합실 이동)",Y,10,복잡,역 복귀 이동,ALT_BACK
2,239,호포,N,N,섬식,35.28040587,129.0170968,1,E-0239-01,대합실,지상,1,대합실,지상,4,양방향,대체 경로 없음,N,,이동 불가,이동 불가,ALT_NONE
2,239,호포,N,N,섬식,35.28040587,129.0170968,1,E-0239-01,대합실,지상,4,대합실,지상,1,양방향,대체 경로 없음,N,,이동 불가,이동 불가,ALT_NONE
2,239,호포,N,N,섬식,35.28040587,129.0170968,3,E-0239-03,대합실,지상,4,승강장,지상,5,양방향,대체 경로 없음,N,,이동 불가,이동 불가,ALT_NONE
2,239,호포,N,N,섬식,35.28040587,129.0170968,3,E-0239-03,승강장,지상,5,대합실,지상,4,양방향,대체 경로 없음,N,,이동 불가,이동 불가,ALT_NONE
2,240,증산,N,N,상대식,35.30830212,129.0102461,1,E-0240-01,대합실,지상,1,승강장,지상,2,양방향,"양산행 열차 이용, 부산대양산캠퍼스역 하차, 반대방향 장산행 열차 이용",Y,7,복잡,타 역 환승,ALT_STN
2,240,증산,N,N,상대식,35.30830212,129.0102461,1,E-0240-01,승강장,지상,2,대합실,지상,1,양방향,"장산행 열차 이용, 호포역 하차, 반대방향 양산행 열차 이용, 증산역 하차, 2호기 이용(대합실 이동)",Y,10,복잡,역 복귀 이동,ALT_BACK
2,240,증산,N,N,상대식,35.30830212,129.0102461,2,E-0240-02,대합실,지상,1,승강장,지상,2,양방향,"장산행 열차 이용, 호포역 하차, 반대방향 양산행 열차 이용",Y,7,복잡,타 역 환승,ALT_STN
2,240,증산,N,N,상대식,35.30830212,129.0102461,2,E-0240-02,승강장,지상,2,대합실,지상,1,양방향,"양산행 열차 이용, 부산대양산캠퍼스역 하차, 반대방향 장산행 열차 이용, 증산역 하차, 1호기 이용(대합실 이동)",Y,10,복잡,역 복귀 이동,ALT_BACK
2,241,부산대양산캠퍼스,N,N,상대식,35.31695487,129.0138996,1,E-0241-01,대합실(1층),지상,1,연계시설(육고),지상,2,양방향,2호기 이용,Y,2,단순,대체 엘리베이터 이용,ALT_ELV
2,241,부산대양산캠퍼스,N,N,상대식,35.31695487,129.0138996,1,E-0241-01,연계시설(육고),지상,2,대합실(1층),지상,1,양방향,2호기 이용,Y,2,단순,대체 엘리베이터 이용,ALT_ELV
2,241,부산대양산캠퍼스,N,N,상대식,35.31695487,129.0138996,2,E-0241-02,역사 외부,지하,1,대합실(1층),지상,1,양방향,대체 경로 없음,N,,이동 불가,이동 불가,ALT_NONE
2,241,부산대양산캠퍼스,N,N,상대식,35.31695487,129.0138996,2,E-0241-02,대합실(1층),지상,1,역사 외부,지하,1,양방향,대체 경로 없음,N,,이동 불가,이동 불가,ALT_NONE
2,241,부산대양산캠퍼스,N,N,상대식,35.31695487,129.0138996,2,E-0241-02,역사 외부,지하,1,연계시설(육고),지상,2,양방향,1호기 이용,Y,2,단순,대체 엘리베이터 이용,ALT_ELV
2,241,부산대양산캠퍼스,N,N,상대식,35.31695487,129.0138996,2,E-0241-02,연계시설(육고),지상,2,역사 외부,지하,1,양방향,1호기 이용,Y,2,단순,대체 엘리베이터 이용,ALT_ELV
2,241,부산대양산캠퍼스,N,N,상대식,35.31695487,129.0138996,2,E-0241-02,대함실(1층),지상,1,연계시설(육고),지상,2,양방향,대체 경로 없음,N,,이동 불가,이동 불가,ALT_NONE
2,241,부산대양산캠퍼스,N,N,상대식,35.31695487,129.0138996,2,E-0241-02,연계시설(육고),지상,2,대합실(1층),지상,1,양방향,대체 경로 없음,N,,이동 불가,이동 불가,ALT_NONE
2,241,부산대양산캠퍼스,N,N,상대식,35.31695487,129.0138996,3,E-0241-03,승강장,지상,1,대합실(2층),지상,2,양방향,"장산행 열차 이용, 증산역 하차, 반대방향 양산행 열차 이용, 부산대양산캠퍼스역 하차, 4호기 이용(대합실 이동)",Y,10,복잡,역 복귀 이동,ALT_BACK
2,241,부산대양산캠퍼스,N,N,상대식,35.31695487,129.0138996,3,E-0241-03,대합실(2층),지상,2,승강장,지상,1,양방향,"4호기 이용(양산행 승강장 이동), 양산행 열차 이용, 남양산역 하차, 반대방향 장산행 열차 이용",Y,8,복잡,타 역 환승,ALT_STN
2,241,부산대양산캠퍼스,N,N,상대식,35.31695487,129.0138996,4,E-0241-04,승강장,지상,1,대합실(2층),지상,2,양방향,"양산행 열차 이용, 남양산역 하차, 반대방향 장산행 열차 이용, 부산대양산캠퍼스역 하차, 3호기 이용(대합실 이동)",Y,10,복잡,역 복귀 이동,ALT_BACK
2,241,부산대양산캠퍼스,N,N,상대식,35.31695487,129.0138996,4,E-0241-04,대합실(2층),지상,2,승강장,지상,1,양방향,"3호기 이용(장산행 승강장 이동), 장산행 열차 이용, 증산역 하차, 반대방향 양산행 열차 이용",Y,8,복잡,타 역 환승,ALT_STN
2,242,남양산,N,N,상대식,35.32535863,129.0194571,1,E-0242-01,역사 외부,지상,1,대합실,지상,2,양방향,2호기 이용,Y,2,단순,대체 엘리베이터 이용,ALT_ELV
2,242,남양산,N,N,상대식,35.32535863,129.0194571,1,E-0242-01,대합실,지상,2,역사 외부,지상,1,양방향,2호기 이용,Y,2,단순,대체 엘리베이터 이용,ALT_ELV
2,242,남양산,N,N,상대식,35.32535863,129.0194571,2,E-0242-02,역사 외부,지상,1,대합실,지상,2,양방향,1호기 이용,Y,2,단순,대체 엘리베이터 이용,ALT_ELV
2,242,남양산,N,N,상대식,35.32535863,129.0194571,2,E-0242-02,대합실,지상,2,역사 외부,지상,1,양방향,1호기 이용,Y,2,단순,대체 엘리베이터 이용,ALT_ELV
2,242,남양산,N,N,상대식,35.32535863,129.0194571,3,E-0242-03,대합실,지상,2,승강장,지상,3,양방향,"양산행 열차 이용, 양산역 하차, 반대방향 장산행 열차 이용",Y,7,복잡,타 역 환승,ALT_STN
2,242,남양산,N,N,상대식,35.32535863,129.0194571,3,E-0242-03,승강장,지상,3,대합실,지상,2,양방향,"장산행 열차 이용, 부산대양산캠퍼스역 하차, 반대방향 양산행 열차 이용, 남양산역 하차, 4호기 이용(대합실 이동)",Y,10,복잡,역 복귀 이동,ALT_BACK
2,242,남양산,N,N,상대식,35.32535863,129.0194571,4,E-0242-04,대합실,지상,2,승강장,지상,3,양방향,"장산행 열차 이용, 부산대양산캠퍼스역 하차, 반대방향 양산행 열차 이용",Y,7,복잡,타 역 환승,ALT_STN
2,242,남양산,N,N,상대식,35.32535863,129.0194571,4,E-0242-04,승강장,지상,3,대합실,지상,2,양방향,"양산행 열차 이용, 양산역 하차, 반대방향 장산행 열차 이용, 남양산역 하차, 3호기 이용(대합실 이동)",Y,10,복잡,역 복귀 이동,ALT_BACK
2,243,양산,Y,N,상대식,35.33864967,129.0263906,1,E-0243-01,대합실,지상,1,대합실,지상,2,양방향,4호기 이용,Y,2,단순,대체 엘리베이터 이용,ALT_ELV
2,243,양산,Y,N,상대식,35.33864967,129.0263906,1,E-0243-01,대합실,지상,2,대합실,지상,1,양방향,4호기 이용,Y,2,단순,대체 엘리베이터 이용,ALT_ELV
2,243,양산,Y,N,상대식,35.33864967,129.0263906,2,E-0243-02,대합실,지상,2,승강장,지상,3,양방향,"3호기 이용(양산행 승강장 이동), 회차선(양산행 열차)을 통해 장산행 열차 탑승(역무원 안내 필요)",Y,6,복잡,역무원 문의,ALT_INFO
2,243,양산,Y,N,상대식,35.33864967,129.0263906,2,E-0243-02,승강장,지상,3,대합실,지상,2,양방향,대체 경로 없음,N,,이동 불가,이동 불가,ALT_NONE
2,243,양산,Y,N,상대식,35.33864967,129.0263906,3,E-0243-03,대합실,지상,2,승강장,지상,3,양방향,대체 경로 없음,N,,이동 불가,이동 불가,ALT_NONE
2,243,양산,Y,N,상대식,35.33864967,129.0263906,3,E-0243-03,승강장,지상,3,대합실,지상,2,양방향,"회차선(양산행 열차)을 통해 장산행 탑승(역무원 안내 필요), 양산역 하차, 2호기 이용(대합실 이동)",Y,7,복잡,역무원 문의,ALT_INFO
2,243,양산,Y,N,상대식,35.33864967,129.0263906,4,E-0243-04,대합실,지상,1,대합실,지상,2,양방향,1호기 이용,Y,2,단순,대체 엘리베이터 이용,ALT_ELV
2,243,양산,Y,N,상대식,35.33864967,129.0263906,4,E-0243-04,대합실,지상,2,대합실,지상,1,양방향,1호기 이용,Y,2,단순,대체 엘리베이터 이용,ALT_ELV
3,302,망미,N,N,상대식,35.21257711,128.9689699,1,E-0302-01,대합실,지하,1,역사 외부,지상,1,양방향,2호기 이용,Y,1,단순,대체 엘리베이터 이용,ALT_ELV
3,302,망미,N,N,상대식,35.21257711,128.9689699,1,E-0302-01,역사 외부,지상,1,대합실,지하,1,양방향,2호기 이용,Y,1,단순,대체 엘리베이터 이용,ALT_ELV
3,302,망미,N,N,상대식,35.21257711,128.9689699,2,E-0302-02,대합실,지하,1,역사 외부,지상,1,양방향,1호기 이용,Y,1,단순,대체 엘리베이터 이용,ALT_ELV
3,302,망미,N,N,상대식,35.21257711,128.9689699,2,E-0302-02,역사 외부,지상,1,대합실,지하,1,양방향,1호기 이용,Y,1,단순,대체 엘리베이터 이용,ALT_ELV
3,302,망미,N,N,상대식,35.21257711,128.9689699,3,E-0302-03,승강장,지하,6,대합실,지하,1,양방향,5호기 이용,Y,3,보통,대체 엘리베이터 이용,ALT_ELV
3,302,망미,N,N,상대식,35.21257711,128.9689699,3,E-0302-03,대합실,지하,1,승강장,지하,6,양방향,5호기 이용,Y,3,보통,대체 엘리베이터 이용,ALT_ELV
3,302,망미,N,N,상대식,35.21257711,128.9689699,4,E-0302-04,승강장,지하,6,대합실,지하,1,양방향,6호기 이용,Y,3,보통,대체 엘리베이터 이용,ALT_ELV
3,302,망미,N,N,상대식,35.21257711,128.9689699,4,E-0302-04,대합실,지하,1,승강장,지하,6,양방향,6호기 이용,Y,3,보통,대체 엘리베이터 이용,ALT_ELV
3,302,망미,N,N,상대식,35.21257711,128.9689699,5,E-0302-05,승강장,지하,6,대합실,지하,1,양방향,3호기 이용,Y,3,보통,대체 엘리베이터 이용,ALT_ELV
3,302,망미,N,N,상대식,35.21257711,128.9689699,5,E-0302-05,대합실,지하,1,승강장,지하,6,양방향,3호기 이용,Y,3,보통,대체 엘리베이터 이용,ALT_ELV
3,302,망미,N,N,상대식,35.21257711,128.9689699,6,E-0302-06,승강장,지하,6,대합실,지하,1,양방향,4호기 이용,Y,3,보통,대체 엘리베이터 이용,ALT_ELV
3,302,망미,N,N,상대식,35.21257711,128.9689699,6,E-0302-06,대합실,지하,1,승강장,지하,6,양방향,4호기 이용,Y,3,보통,대체 엘리베이터 이용,ALT_ELV
3,303,배산,N,N,상대식,35.21124691,128.981756,1,E-0303-01,대합실,지하,1,역사 외부,지상,1,양방향,2호기 이용,Y,1,단순,대체 엘리베이터 이용,ALT_ELV
3,303,배산,N,N,상대식,35.21124691,128.981756,1,E-0303-01,역사 외부,지상,1,대합실,지하,1,양방향,2호기 이용,Y,1,단순,대체 엘리베이터 이용,ALT_ELV
3,303,배산,N,N,상대식,35.21124691,128.981756,2,E-0303-02,대합실,지하,1,역사 외부,지상,1,양방향,1호기 이용,Y,1,단순,대체 엘리베이터 이용,ALT_ELV
3,303,배산,N,N,상대식,35.21124691,128.981756,2,E-0303-02,역사 외부,지상,1,대합실,지하,1,양방향,1호기 이용,Y,1,단순,대체 엘리베이터 이용,ALT_ELV
3,303,배산,N,N,상대식,35.21124691,128.981756,3,E-0303-03,승강장,지하,8,대합실,지하,1,양방향,5호기 이용,Y,3,보통,대체 엘리베이터 이용,ALT_ELV
3,303,배산,N,N,상대식,35.21124691,128.981756,3,E-0303-03,대합실,지하,1,승강장,지하,8,양방향,5호기 이용,Y,3,보통,대체 엘리베이터 이용,ALT_ELV
3,303,배산,N,N,상대식,35.21124691,128.981756,4,E-0303-04,승강장,지하,8,대합실,지하,1,양방향,6호기 이용,Y,3,보통,대체 엘리베이터 이용,ALT_ELV
3,303,배산,N,N,상대식,35.21124691,128.981756,4,E-0303-04,대합실,지하,1,승강장,지하,8,양방향,6호기 이용,Y,3,보통,대체 엘리베이터 이용,ALT_ELV
3,303,배산,N,N,상대식,35.21124691,128.981756,5,E-0303-05,승강장,지하,8,대합실,지하,1,양방향,3호기 이용,Y,3,보통,대체 엘리베이터 이용,ALT_ELV
3,303,배산,N,N,상대식,35.21124691,128.981756,5,E-0303-05,대합실,지하,1,승강장,지하,8,양방향,3호기 이용,Y,3,보통,대체 엘리베이터 이용,ALT_ELV
3,303,배산,N,N,상대식,35.21124691,128.981756,6,E-0303-06,승강장,지하,8,대합실,지하,1,양방향,4호기 이용,Y,3,보통,대체 엘리베이터 이용,ALT_ELV
3,303,배산,N,N,상대식,35.21124691,128.981756,6,E-0303-06,대합실,지하,1,승강장,지하,8,양방향,4호기 이용,Y,3,보통,대체 엘리베이터 이용,ALT_ELV
3,304,물만골,N,N,상대식,35.20669733,128.996366,1,E-0304-01,대합실,지하,2,역사 외부,지상,1,양방향,2호기 이용,Y,2,단순,대체 엘리베이터 이용,ALT_ELV
3,304,물만골,N,N,상대식,35.20669733,128.996366,1,E-0304-01,역사 외부,지상,1,대합실,지하,2,양방향,2호기 이용,Y,2,단순,대체 엘리베이터 이용,ALT_ELV
3,304,물만골,N,N,상대식,35.20669733,128.996366,2,E-0304-02,대합실,지하,2,역사 외부,지상,1,양방향,1호기 이용,Y,2,단순,대체 엘리베이터 이용,ALT_ELV
3,304,물만골,N,N,상대식,35.20669733,128.996366,2,E-0304-02,역사 외부,지상,1,대합실,지하,2,양방향,1호기 이용,Y,2,단순,대체 엘리베이터 이용,ALT_ELV
3,304,물만골,N,N,상대식,35.20669733,128.996366,3,E-0304-03,승강장,지하,5,대합실,지하,2,양방향,"수영행 열차 이용, 수영역 하차, 반대방향 대저행 열차 이용, 물만골역 하차, 4호기 이용(대합실 이동)",Y,10,복잡,역 복귀 이동,ALT_BACK
3,304,물만골,N,N,상대식,35.20669733,128.996366,3,E-0304-03,대합실,지하,2,승강장,지하,5,양방향,"4호기 이용(대저행 승강장 이동), 대저행 열차 이용, 거제역 하차, 반대방향 수영행 열차 이용",Y,9,복잡,타 역 환승,ALT_STN
3,304,물만골,N,N,상대식,35.20669733,128.996366,4,E-0304-04,승강장,지하,5,대합실,지하,2,양방향,"대저행 열차 이용, 거제역 하차, 반대방향 수영행 열차 이용, 물만골역 하차, 3호기 이용(대합실 이동)",Y,10,복잡,역 복귀 이동,ALT_BACK
3,304,물만골,N,N,상대식,35.20669733,128.996366,4,E-0304-04,대합실,지하,2,승강장,지하,5,양방향,"3호기 이용(수영행 승강장 이동), 수영행 열차 이용, 수영역 하차, 반대방향 대저행 열차 이용",Y,9,복잡,타 역 환승,ALT_STN
3,305,연산,N,Y,상대식,35.21021473,129.0056705,1,E-0305-01,대합실,지하,1,역사 외부,지상,1,양방향,1호선 1호기 이용 또는 1호선 2호기 이용 또는 1호선 3호기 이용,Y,2,단순,대체 엘리베이터 이용,ALT_ELV
3,305,연산,N,Y,상대식,35.21021473,129.0056705,1,E-0305-01,역사 외부,지하,1,대합실,지하,1,양방향,1호선 1호기 이용 또는 1호선 2호기 이용 또는 1호선 3호기 이용,Y,2,단순,대체 엘리베이터 이용,ALT_ELV
3,305,연산,N,Y,상대식,35.21021473,129.0056705,2,E-0305-02,대합실,지하,1,승강장,지하,2,양방향,"3호선 3호기 이용(노포행 승강장 이동), 노포행 열차 이용, 교대역 하차, 반대방향 다대포해수욕장행 열차 이용",Y,9,복잡,타 역 환승,ALT_STN
3,305,연산,N,Y,상대식,35.21021473,129.0056705,2,E-0305-02,승강장,지하,2,대합실,지하,1,양방향,"다대포해수욕장행 열차 이용, 시청역 하차, 노포행 열차 이용, 연산역 하차, 3호선 3호기 이용(대합실 이동)",Y,10,복잡,역 복귀 이동,ALT_BACK
3,305,연산,N,Y,상대식,35.21021473,129.0056705,2,E-0305-02,대합실,지하,1,승강장,지하,4,양방향,"3호선 3호기 이용(대저행 승강장 이동), 대저행 열차 이용, 거제역 하차, 반대방향 수영행 열차 이용",Y,10,복잡,타 역 환승,ALT_STN
3,305,연산,N,Y,상대식,35.21021473,129.0056705,2,E-0305-02,승강장,지하,4,대합실,지하,1,양방향,"수영행 열차 이용, 물만골역 하차, 반대방향 대저행 열차 이용, 연산역 하차, 3호선 3호기 이용(대합실 이동)",Y,10,복잡,역 복귀 이동,ALT_BACK
3,305,연산,N,Y,상대식,35.21021473,129.0056705,2,E-0305-02,승강장,지하,2,승강장,지하,4,양방향,"다대포해수욕장행 열차 이용, 시청역 하차, 노포행 열차 이용, 연산역 하차, 3호선 3호기 이용(대저행 승강장 이동), 대저행 열차 이용, 거제역 하차, 반대방향 수영행 열차 이용",Y,10,복잡,타 역 환승,ALT_STN
3,305,연산,N,Y,상대식,35.21021473,129.0056705,2,E-0305-02,승강장,지하,4,승강장,지하,2,양방향,"수영행 열차 이용, 물만골역 하차, 반대방향 대저행 열차 이용, 연산역 하차, 3호선 3호기 이용(노포행 승강장 이동)",Y,10,복잡,역 복귀 이동,ALT_BACK
3,305,연산,N,Y,상대식,35.21021473,129.0056705,3,E-0305-03,대합실,지하,1,승강장,지하,2,양방향,"3호선 2호기 이용(다대포해수욕장행 승강장 이동), 다대포해수욕장행 열차 이용, 시청역 하차, 반대방향 노포행 열차 이용",Y,9,복잡,타 역 환승,ALT_STN
3,305,연산,N,Y,상대식,35.21021473,129.0056705,3,E-0305-03,승강장,지하,2,대합실,지하,1,양방향,"노포행 열차 이용, 교대역 하차, 반대방향 다대포해수욕장행 열차 이용, 연산역 하차, 3호선 2호기 이용(대합실 이동)",Y,10,복잡,역 복귀 이동,ALT_BACK
3,305,연산,N,Y,상대식,35.21021473,129.0056705,3,E-0305-03,대합실,지하,1,승강장,지하,4,양방향,"3호선 2호기 이용(수영행 승강장 이동), 수영행 열차 이용, 물만골역 하차, 반대방향 대저행 열차 이용",Y,10,복잡,타 역 환승,ALT_STN
3,305,연산,N,Y,상대식,35.21021473,129.0056705,3,E-0305-03,승강장,지하,4,대합실,지하,1,양방향,"대저행 열차 이용, 거제역 하차, 반대방향 수영행 열차 이용, 연산역 하차, 3호선 2호기 이용(대합실 이동)",Y,10,복잡,역 복귀 이동,ALT_BACK
3,305,연산,N,Y,상대식,35.21021473,129.0056705,3,E-0305-03,승강장,지하,2,승강장,지하,4,양방향,"노포행 열차 이용, 교대역 하차, 반대방향 다대포해수욕장행 열차 이용, 연산역 하차, 3호선 2호기 이용(수영행 승강장 이동), 수영행 열차 이용, 물만골역 하차, 반대방향 대저행 열차 이용",Y,10,복잡,타 역 환승,ALT_STN
3,305,연산,N,Y,상대식,35.21021473,129.0056705,3,E-0305-03,승강장,지하,4,승강장,지하,2,양방향,"대저행 열차 이용, 거제역 하차, 반대방향 수영행 열차 이용, 연산역 하차, 3호선 2호기 이용(다대포해수욕장행 승강장 이동), 다대포해수욕장행 열차 이용, 시청역 하차, 반대방향 노포행 열차 이용",Y,10,복잡,타 역 환승,ALT_STN
3,306,거제,N,N,상대식,35.21197008,129.0127489,1,E-0306-01,대합실,지하,1,역사 외부,지상,1,양방향,3호기 이용,Y,1,단순,대체 엘리베이터 이용,ALT_ELV
3,306,거제,N,N,상대식,35.21197008,129.0127489,1,E-0306-01,역사 외부,지상,1,대합실,지하,1,양방향,3호기 이용,Y,1,단순,대체 엘리베이터 이용,ALT_ELV
3,306,거제,N,N,상대식,35.21197008,129.0127489,2,E-0306-02,대합실,지하,1,역사 외부,지상,1,양방향,1호기 이용 또는 4호기 이용,Y,1,단순,대체 엘리베이터 이용,ALT_ELV
3,306,거제,N,N,상대식,35.21197008,129.0127489,2,E-0306-02,역사 외부,지상,1,대합실,지하,1,양방향,1호기 이용 또는 4호기 이용,Y,1,단순,대체 엘리베이터 이용,ALT_ELV
3,306,거제,N,N,상대식,35.21197008,129.0127489,3,E-0306-03,대합실,지하,1,역사 외부,지상,1,양방향,1호기 이용,Y,1,단순,대체 엘리베이터 이용,ALT_ELV
3,306,거제,N,N,상대식,35.21197008,129.0127489,3,E-0306-03,역사 외부,지상,1,대합실,지하,1,양방향,1호기 이용,Y,1,단순,대체 엘리베이터 이용,ALT_ELV
3,306,거제,N,N,상대식,35.21197008,129.0127489,4,E-0306-04,대합실,지하,1,역사 외부,지상,1,양방향,2호기 이용,Y,1,단순,대체 엘리베이터 이용,ALT_ELV
3,306,거제,N,N,상대식,35.21197008,129.0127489,4,E-0306-04,역사 외부,지상,1,대합실,지하,1,양방향,2호기 이용,Y,1,단순,대체 엘리베이터 이용,ALT_ELV
3,306,거제,N,N,상대식,35.21197008,129.0127489,5,E-0306-05,승강장,지하,2,대합실,지하,1,양방향,"수영행 열차 이용, 연산역 하차, 반대방향 대저행 열차 이용, 거제역 하차, 6호기 이용(대합실 이동)",Y,10,복잡,역 복귀 이동,ALT_BACK
3,306,거제,N,N,상대식,35.21197008,129.0127489,5,E-0306-05,대합실,지하,1,승강장,지하,2,양방향,"대저행 열차 이용, 종합운동장역 하차, 반대방향 수영행 열차 이용",Y,7,복잡,타 역 환승,ALT_STN
3,306,거제,N,N,상대식,35.21197008,129.0127489,6,E-0306-06,승강장,지하,2,대합실,지하,1,양방향,"대저행 열차 이용, 종합운동장역 하차, 반대방향 수영행 열차 이용, 거제역 하차, 5호기 이용(대합실 이동)",Y,10,복잡,역 복귀 이동,ALT_BACK
3,306,거제,N,N,상대식,35.21197008,129.0127489,6,E-0306-06,대합실,지하,1,승강장,지하,2,양방향,"수영행 열차 이용, 연산역 하차, 반대방향 대저행 열차 이용",Y,7,복잡,타 역 환승,ALT_STN
3,307,종합운동장,N,N,상대식,35.21333972,129.0239283,1,E-0307-01,대합실,지하,2,역사 외부,지상,1,양방향,2호기 이용 또는 3호기 이용,Y,2,단순,대체 엘리베이터 이용,ALT_ELV
3,307,종합운동장,N,N,상대식,35.21333972,129.0239283,1,E-0307-01,역사 외부,지상,1,대합실,지하,2,양방향,2호기 이용 또는 3호기 이용,Y,2,단순,대체 엘리베이터 이용,ALT_ELV
3,307,종합운동장,N,N,상대식,35.21333972,129.0239283,2,E-0307-02,대합실,지하,2,역사 외부,지상,1,양방향,1호기 이용 또는 3호기 이용,Y,2,단순,대체 엘리베이터 이용,ALT_ELV
3,307,종합운동장,N,N,상대식,35.21333972,129.0239283,2,E-0307-02,역사 외부,지상,1,대합실,지하,2,양방향,1호기 이용 또는 3호기 이용,Y,2,단순,대체 엘리베이터 이용,ALT_ELV
3,307,종합운동장,N,N,상대식,35.21333972,129.0239283,3,E-0307-03,대합실,지하,2,역사 외부,지상,1,양방향,1호기 이용 또는 2호기 이용,Y,2,단순,대체 엘리베이터 이용,ALT_ELV
3,307,종합운동장,N,N,상대식,35.21333972,129.0239283,3,E-0307-03,역사 외부,지상,1,대합실,지하,2,양방향,1호기 이용 또는 2호기 이용,Y,2,단순,대체 엘리베이터 이용,ALT_ELV
3,307,종합운동장,N,N,상대식,35.21333972,129.0239283,4,E-0307-04,승강장,지하,3,대합실,지하,2,양방향,"대저행 열차 이용, 사직역 하차, 반대방향 수영행 열차 이용, 종합운동장역 하차, 5호기 이용(대합실 이동)",Y,10,복잡,역 복귀 이동,ALT_BACK
3,307,종합운동장,N,N,상대식,35.21333972,129.0239283,4,E-0307-04,대합실,지하,2,승강장,지하,3,양방향,"수영행 열차 이용, 거제역 하차, 반대방향 대저행 열차 이용",Y,7,복잡,타 역 환승,ALT_STN
3,307,종합운동장,N,N,상대식,35.21333972,129.0239283,5,E-0307-05,승강장,지하,3,대합실,지하,2,양방향,"수영행 열차 이용, 거제역 하차, 반대방향 대저행 열차 이용, 종합운동장역 하차, 4호기 이용(대합실 이동)",Y,10,복잡,역 복귀 이동,ALT_BACK
3,307,종합운동장,N,N,상대식,35.21333972,129.0239283,5,E-0307-05,대합실,지하,2,승강장,지하,3,양방향,"대저행 열차 이용, 사직역 하차, 반대방향 수영행 열차 이용",Y,7,복잡,타 역 환승,ALT_STN
3,308,사직,N,N,상대식,35.21300005,129.0365267,1,E-0308-01,대합실,지하,1,역사 외부,지상,1,양방향,2호기 이용,Y,1,단순,대체 엘리베이터 이용,ALT_ELV
3,308,사직,N,N,상대식,35.21300005,129.0365267,1,E-0308-01,역사 외부,지상,1,대합실,지하,1,양방향,2호기 이용,Y,1,단순,대체 엘리베이터 이용,ALT_ELV
3,308,사직,N,N,상대식,35.21300005,129.0365267,2,E-0308-02,대합실,지하,1,역사 외부,지상,1,양방향,1호기 이용,Y,1,단순,대체 엘리베이터 이용,ALT_ELV
3,308,사직,N,N,상대식,35.21300005,129.0365267,2,E-0308-02,역사 외부,지상,1,대합실,지하,1,양방향,1호기 이용,Y,1,단순,대체 엘리베이터 이용,ALT_ELV
3,308,사직,N,N,상대식,35.21300005,129.0365267,3,E-0308-03,승강장,지하,2,대합실,지하,1,양방향,"수영행 열차 이용, 종합운동장역 하차, 반대방향 대저행 열차 이용, 사직역 하차, 4호기 이용(대합실 이동)",Y,10,복잡,역 복귀 이동,ALT_BACK
3,308,사직,N,N,상대식,35.21300005,129.0365267,3,E-0308-03,대합실,지하,1,승강장,지하,2,양방향,"대저행 열차 이용, 미남역 하차, 반대방향 수영행 열차 이용",Y,7,복잡,타 역 환승,ALT_STN
3,308,사직,N,N,상대식,35.21300005,129.0365267,4,E-0308-04,승강장,지하,2,대합실,지하,1,양방향,"대저행 열차 이용, 미남역 하차, 반대방향 수영행 열차 이용, 사직역 하차, 3호기 이용(대합실 이동)",Y,10,복잡,역 복귀 이동,ALT_BACK
3,308,사직,N,N,상대식,35.21300005,129.0365267,4,E-0308-04,대합실,지하,1,승강장,지하,2,양방향,"수영행 열차 이용, 종합운동장역 하차, 반대방향 대저행 열차 이용",Y,7,복잡,타 역 환승,ALT_STN
3,309,미남,N,Y,섬식,35.20550292,129.0680614,1,E-0309-01,대합실,지하,1,역사 외부,지상,1,양방향,2호기 이용,Y,2,단순,대체 엘리베이터 이용,ALT_ELV
3,309,미남,N,Y,섬식,35.20550292,129.0680614,1,E-0309-01,역사 외부,지상,1,대합실,지하,1,양방향,2호기 이용,Y,2,단순,대체 엘리베이터 이용,ALT_ELV
3,309,미남,N,Y,섬식,35.20550292,129.0680614,2,E-0309-02,대합실,지하,1,역사 외부,지상,1,양방향,1호기 이용,Y,2,단순,대체 엘리베이터 이용,ALT_ELV
3,309,미남,N,Y,섬식,35.20550292,129.0680614,2,E-0309-02,역사 외부,지상,1,대합실,지하,1,양방향,1호기 이용,Y,2,단순,대체 엘리베이터 이용,ALT_ELV
3,309,미남,Y,Y,섬식,35.20550292,129.0680614,3,E-0309-03,대합실,지하,1,승강장,지하,2,양방향,대체 경로 없음,N,,이동 불가,이동 불가,ALT_NONE
3,309,미남,Y,Y,섬식,35.20550292,129.0680614,3,E-0309-03,승강장,지하,2,대합실,지하,1,양방향,대체 경로 없음,N,,이동 불가,이동 불가,ALT_NONE
3,309,미남,Y,Y,섬식,35.20550292,129.0680614,3,E-0309-03,대합실,지하,1,승강장,지하,3,양방향,대체 경로 없음,N,,이동 불가,이동 불가,ALT_NONE
3,309,미남,Y,Y,섬식,35.20550292,129.0680614,3,E-0309-03,승강장,지하,3,대합실,지하,1,양방향,대체 경로 없음,N,,이동 불가,이동 불가,ALT_NONE
3,309,미남,Y,Y,섬식,35.20550292,129.0680614,3,E-0309-03,승강장,지하,2,승강장,지하,3,양방향,"수영행 열차 이용, 연산역 하차, 노포행 열차 이용, 동래역 하차, 도보 이동(4호선 동래역 이동), 미남행 또는 안평행 열차 이용",Y,10,복잡,타 역 환승,ALT_STN
3,309,미남,Y,Y,섬식,35.20550292,129.0680614,3,E-0309-03,승강장,지하,3,승강장,지하,2,양방향,"동래행 열차 이용, 동래역 하차, 도보 이동(1호선 동래역 이동), 다대포해수욕장행 열차 이용, 연산역 하차, 수영행 또는 대저행 열차 이용",Y,10,복잡,타 역 환승,ALT_STN
3,310,만덕,N,N,섬식,35.19899797,129.0649956,1,E-0310-01,대합실,지하,1,역사 외부,지상,1,양방향,2호기 이용,Y,1,단순,대체 엘리베이터 이용,ALT_ELV
3,310,만덕,N,N,섬식,35.19899797,129.0649956,1,E-0310-01,역사 외부,지상,1,대합실,지하,1,양방향,2호기 이용,Y,1,단순,대체 엘리베이터 이용,ALT_ELV
3,310,만덕,N,N,섬식,35.19899797,129.0649956,2,E-0310-02,대합실,지하,1,역사 외부,지상,1,양방향,1호기 이용,Y,1,단순,대체 엘리베이터 이용,ALT_ELV
3,310,만덕,N,N,섬식,35.19899797,129.0649956,2,E-0310-02,역사 외부,지상,1,대합실,지하,1,양방향,1호기 이용,Y,1,단순,대체 엘리베이터 이용,ALT_ELV
3,310,만덕,N,N,섬식,35.19899797,129.0649956,3,E-0310-03,승강장,지하,9,대합실,지하,1,양방향,4호기 이용 또는 5호기 이용 또는 6호기 이용 또는 7호기 이용,Y,3,보통,대체 엘리베이터 이용,ALT_ELV
3,310,만덕,N,N,섬식,35.19899797,129.0649956,3,E-0310-03,대합실,지하,1,승강장,지하,9,양방향,4호기 이용 또는 5호기 이용 또는 6호기 이용 또는 7호기 이용,Y,3,보통,대체 엘리베이터 이용,ALT_ELV
3,310,만덕,N,N,섬식,35.19899797,129.0649956,4,E-0310-04,승강장,지하,9,대합실,지하,1,양방향,3호기 이용 또는 5호기 이용 또는 6호기 이용 또는 7호기 이용,Y,3,보통,대체 엘리베이터 이용,ALT_ELV
3,310,만덕,N,N,섬식,35.19899797,129.0649956,4,E-0310-04,대합실,지하,1,승강장,지하,9,양방향,3호기 이용 또는 5호기 이용 또는 6호기 이용 또는 7호기 이용,Y,3,보통,대체 엘리베이터 이용,ALT_ELV
3,310,만덕,N,N,섬식,35.19899797,129.0649956,5,E-0310-05,승강장,지하,9,대합실,지하,1,양방향,3호기 이용 또는 4호기 이용 또는 6호기 이용 또는 7호기 이용,Y,3,보통,대체 엘리베이터 이용,ALT_ELV
3,310,만덕,N,N,섬식,35.19899797,129.0649956,5,E-0310-05,대합실,지하,1,승강장,지하,9,양방향,3호기 이용 또는 4호기 이용 또는 6호기 이용 또는 7호기 이용,Y,3,보통,대체 엘리베이터 이용,ALT_ELV
3,310,만덕,N,N,섬식,35.19899797,129.0649956,6,E-0310-06,승강장,지하,9,대합실,지하,1,양방향,3호기 이용 또는 4호기 이용 또는 5호기 이용 또는 7호기 이용,Y,3,보통,대체 엘리베이터 이용,ALT_ELV
3,310,만덕,N,N,섬식,35.19899797,129.0649956,6,E-0310-06,대합실,지하,1,승강장,지하,9,양방향,3호기 이용 또는 4호기 이용 또는 5호기 이용 또는 7호기 이용,Y,3,보통,대체 엘리베이터 이용,ALT_ELV
3,310,만덕,N,N,섬식,35.19899797,129.0649956,7,E-0310-07,승강장,지하,9,대합실,지하,1,양방향,3호기 이용 또는 4호기 이용 또는 5호기 이용 또는 6호기 이용,Y,3,보통,대체 엘리베이터 이용,ALT_ELV
3,310,만덕,N,N,섬식,35.19899797,129.0649956,7,E-0310-07,대합실,지하,1,승강장,지하,9,양방향,3호기 이용 또는 4호기 이용 또는 5호기 이용 또는 6호기 이용,Y,3,보통,대체 엘리베이터 이용,ALT_ELV
3,311,남산정,N,N,상대식,35.19124966,129.0675035,1,E-0311-01,대합실,지하,1,역사 외부,지상,1,양방향,2호기 이용,Y,1,단순,대체 엘리베이터 이용,ALT_ELV
3,311,남산정,N,N,상대식,35.19124966,129.0675035,1,E-0311-01,역사 외부,지상,1,대합실,지하,1,양방향,2호기 이용,Y,1,단순,대체 엘리베이터 이용,ALT_ELV
3,311,남산정,N,N,상대식,35.19124966,129.0675035,2,E-0311-02,대합실,지하,1,역사 외부,지상,1,양방향,1호기 이용,Y,1,단순,대체 엘리베이터 이용,ALT_ELV
3,311,남산정,N,N,상대식,35.19124966,129.0675035,2,E-0311-02,역사 외부,지상,1,대합실,지하,1,양방향,1호기 이용,Y,1,단순,대체 엘리베이터 이용,ALT_ELV
3,311,남산정,N,N,상대식,35.19124966,129.0675035,3,E-0311-03,승강장,지하,2,대합실,지하,1,양방향,"수영행 열차 이용, 만덕역 하차, 반대방향 대저행 열차 이용, 남산정역 하차, 4호기 이용(대합실 이동)",Y,10,복잡,역 복귀 이동,ALT_BACK
3,311,남산정,N,N,상대식,35.19124966,129.0675035,3,E-0311-03,대합실,지하,1,승강장,지하,2,양방향,"대저행 열차 이용, 숙등역 하차, 반대방향 수영행 열차 이용",Y,7,복잡,타 역 환승,ALT_STN
3,311,남산정,N,N,상대식,35.19124966,129.0675035,4,E-0311-04,승강장,지하,2,대합실,지하,1,양방향,"대저행 열차 이용, 숙등역 하차, 반대방향 수영행 열차 이용, 남산정역 하차, 3호기 이용(대합실 이동)",Y,10,복잡,역 복귀 이동,ALT_BACK
3,311,남산정,N,N,상대식,35.19124966,129.0675035,4,E-0311-04,대합실,지하,1,승강장,지하,2,양방향,"수영행 열차 이용, 만덕역 하차, 반대방향 대저행 열차 이용",Y,7,복잡,타 역 환승,ALT_STN
3,312,숙등,N,N,상대식,35.18858854,129.0739408,1,E-0312-01,대합실,지하,1,역사 외부,지상,1,양방향,2호기 이용,Y,1,단순,대체 엘리베이터 이용,ALT_ELV
3,312,숙등,N,N,상대식,35.18858854,129.0739408,1,E-0312-01,역사 외부,지상,1,대합실,지하,1,양방향,2호기 이용,Y,1,단순,대체 엘리베이터 이용,ALT_ELV
3,312,숙등,N,N,상대식,35.18858854,129.0739408,2,E-0312-02,대합실,지하,1,역사 외부,지상,1,양방향,1호기 이용,Y,1,단순,대체 엘리베이터 이용,ALT_ELV
3,312,숙등,N,N,상대식,35.18858854,129.0739408,2,E-0312-02,역사 외부,지상,1,대합실,지하,1,양방향,1호기 이용,Y,1,단순,대체 엘리베이터 이용,ALT_ELV
3,312,숙등,N,N,상대식,35.18858854,129.0739408,3,E-0312-03,대합실,지하,1,승강장,지하,3,양방향,"대저행 열차 이용, 덕천역 하차, 반대방향 수영행 열차 이용",Y,8,복잡,타 역 환승,ALT_STN
3,312,숙등,N,N,상대식,35.18858854,129.0739408,3,E-0312-03,승강장,지하,3,대합실,지하,1,양방향,"수영행 열차 이용, 남산정역 하차, 반대방향 대저행 열차 이용, 숙등역 하차, 4호기 이용(대합실 이동)",Y,10,복잡,역 복귀 이동,ALT_BACK
3,312,숙등,N,N,상대식,35.18858854,129.0739408,4,E-0312-04,대합실,지하,1,승강장,지하,3,양방향,"수영행 열차 이용, 남산정역 하차, 반대방향 대저행 열차 이용",Y,8,복잡,타 역 환승,ALT_STN
3,312,숙등,N,N,상대식,35.18858854,129.0739408,4,E-0312-04,승강장,지하,3,대합실,지하,1,양방향,"대저행 열차 이용, 덕천역 하차, 덕천역에서 반대방행 수영행 열차 이용, 숙등역 하차, 3호기 이용(대합실 이동)",Y,10,복잡,역 복귀 이동,ALT_BACK
3,313,덕천,N,Y,섬식,35.18617285,129.0815261,1,E-0313-01,대합실,지하,1,역사 외부,지상,1,양방향,2호기 이용,Y,2,단순,대체 엘리베이터 이용,ALT_ELV
3,313,덕천,N,Y,섬식,35.18617285,129.0815261,1,E-0313-01,역사 외부,지상,1,대합실,지하,1,양방향,2호기 이용,Y,2,단순,대체 엘리베이터 이용,ALT_ELV
3,313,덕천,N,Y,섬식,35.18617285,129.0815261,2,E-0313-02,대합실,지하,1,역사 외부,지상,1,양방향,1호기 이용,Y,2,단순,대체 엘리베이터 이용,ALT_ELV
3,313,덕천,N,Y,섬식,35.18617285,129.0815261,2,E-0313-02,역사 외부,지상,1,대합실,지하,1,양방향,1호기 이용,Y,2,단순,대체 엘리베이터 이용,ALT_ELV
3,313,덕천,N,Y,섬식,35.18617285,129.0815261,3,E-0313-03,대합실,지하,1,승강장,지하,2,양방향,4호기 이용,Y,3,보통,대체 엘리베이터 이용,ALT_ELV
3,313,덕천,N,Y,섬식,35.18617285,129.0815261,3,E-0313-03,승강장,지하,2,대합실,지하,1,양방향,4호기 이용,Y,3,보통,대체 엘리베이터 이용,ALT_ELV
3,313,덕천,N,Y,섬식,35.18617285,129.0815261,3,E-0313-03,대합실,지하,1,승강장,지하,3,양방향,3호기 이용 또는 5호기 이용,Y,4,보통,대체 엘리베이터 이용,ALT_ELV
3,313,덕천,N,Y,섬식,35.18617285,129.0815261,3,E-0313-03,승강장,지하,3,대합실,지하,1,양방향,3호기 이용 또는 5호기 이용,Y,4,보통,대체 엘리베이터 이용,ALT_ELV
3,313,덕천,N,Y,섬식,35.18617285,129.0815261,3,E-0313-03,승강장,지하,2,승강장,지하,3,양방향,4호기 이용,Y,3,보통,대체 엘리베이터 이용,ALT_ELV
3,313,덕천,N,Y,섬식,35.18617285,129.0815261,3,E-0313-03,승강장,지하,3,승강장,지하,2,양방향,4호기 이용,Y,3,보통,대체 엘리베이터 이용,ALT_ELV
3,313,덕천,N,Y,섬식,35.18617285,129.0815261,4,E-0313-04,대합실,지하,1,승강장,지하,2,양방향,3호기 이용,Y,3,보통,대체 엘리베이터 이용,ALT_ELV
3,313,덕천,N,Y,섬식,35.18617285,129.0815261,4,E-0313-04,승강장,지하,2,대합실,지하,1,양방향,3호기 이용,Y,3,보통,대체 엘리베이터 이용,ALT_ELV
3,313,덕천,N,Y,섬식,35.18617285,129.0815261,4,E-0313-04,대합실,지하,1,승강장,지하,3,양방향,3호기 이용 또는 5호기 이용,Y,4,보통,대체 엘리베이터 이용,ALT_ELV
3,313,덕천,N,Y,섬식,35.18617285,129.0815261,4,E-0313-04,승강장,지하,3,대합실,지하,1,양방향,3호기 이용 또는 5호기 이용,Y,4,보통,대체 엘리베이터 이용,ALT_ELV
3,313,덕천,N,Y,섬식,35.18617285,129.0815261,4,E-0313-04,승강장,지하,2,승강장,지하,3,양방향,3호기 이용,Y,3,보통,대체 엘리베이터 이용,ALT_ELV
3,313,덕천,N,Y,섬식,35.18617285,129.0815261,4,E-0313-04,승강장,지하,3,승강장,지하,2,양방향,3호기 이용,Y,3,보통,대체 엘리베이터 이용,ALT_ELV
3,313,덕천,N,Y,섬식,35.18617285,129.0815261,5,E-0313-05,대합실,지하,1,승강장,지하,2,양방향,"3호선 3호기 이용 또는 3호선 4호기 이용(양산행 승강장 이동), 양산행 열차 이용, 수정역 하차, 반대방향 장산행 열차 이용",Y,9,복잡,타 역 환승,ALT_STN
3,313,덕천,N,Y,섬식,35.18617285,129.0815261,5,E-0313-05,승강장,지하,2,대합실,지하,1,양방향,"장산행 열차 이용, 구명역 하차, 반대방향 양산행 열차 이용, 덕천역 하차, 3호선 3호기 이용 또는 3호선 4호기 이용(대합실 이동)",Y,10,복잡,역 복귀 이동,ALT_BACK
3,313,덕천,N,Y,섬식,35.18617285,129.0815261,5,E-0313-05,대합실,지하,1,승강장,지하,3,양방향,3호선 3호기 이용 또는 3호선 4호기 이용,Y,4,보통,대체 엘리베이터 이용,ALT_ELV
3,313,덕천,N,Y,섬식,35.18617285,129.0815261,5,E-0313-05,승강장,지하,3,대합실,지하,1,양방향,3호선 3호기 이용 또는 3호선 4호기 이용,Y,4,보통,대체 엘리베이터 이용,ALT_ELV
3,313,덕천,N,Y,섬식,35.18617285,129.0815261,5,E-0313-05,승강장,지하,2,승강장,지하,3,양방향,"장산행 열차 이용, 구명역 하차, 반대방향 양산행 열차 이용, 덕천역 하차, 3호선 3호기 이용 또는 3호선 4호기 이용(대저행 또는 수영행 승강장 이동)",Y,10,복잡,역 복귀 이동,ALT_BACK
3,313,덕천,N,Y,섬식,35.18617285,129.0815261,5,E-0313-05,승강장,지하,3,승강장,지하,2,양방향,"3호선 3호기 또는 3호선 4호기 이용(양산행 승강장 이동), 양산행 열차 이용, 수정역 하차, 반대방향 장산행 열차 이용",Y,9,복잡,타 역 환승,ALT_STN
3,314,구포,N,N,상대식,35.17680755,129.0857479,1,E-0314-01,역사 외부,지하,1,대합실,지상,2,양방향,"1번 출구에서 약 850m 이동, 덕천역 도착, 대저행 열차 이용, 구포역 하차, 3호기 이용(대합실 이동)",Y,10,복잡,역 복귀 이동,ALT_BACK
3,314,구포,N,N,상대식,35.17680755,129.0857479,1,E-0314-01,역사 외부,지하,1,육교층,지상,1,양방향,"1번 출구로 나가서 약 400m 직진, 횡단보도 이용, 코레일 구포역에서 도시철도 구포역쪽으로 이동, 북구청 육교 엘리베이터 이용",Y,7,복잡,역 복귀 이동,ALT_BACK
3,314,구포,N,N,상대식,35.17680755,129.0857479,2,E-0314-02,승강장,지상,1,대합실,지상,2,양방향,"수영행 승강장 비상출입문 이용(역무원 안내 필요), 1호기 이용(대합실 이동)",Y,5,보통,역무원 문의,ALT_INFO
3,314,구포,N,N,상대식,35.17680755,129.0857479,2,E-0314-02,대합실,지상,2,승강장,지상,1,양방향,"1호기 이용, 육교층 하차, 수영행 승강장 비상출입문 이용(역무원 안내 필요)",Y,6,복잡,역무원 문의,ALT_INFO
3,314,구포,N,N,상대식,35.17680755,129.0857479,3,E-0314-03,승강장,지상,1,대합실,지상,2,양방향,"대저행 열차 이용, 강서구청역 하차, 반대방향 수영행 열차 이용, 구포역 하차, 2호기 이용(대합실 이동)",Y,10,복잡,역 복귀 이동,ALT_BACK
3,314,구포,N,N,상대식,35.17680755,129.0857479,3,E-0314-03,대합실,지상,2,승강장,지상,1,양방향,"2호기 이용, 수영행 열차 이용, 덕천역 하차, 반대방향 대저행 열차 이용",Y,8,복잡,타 역 환승,ALT_STN
3,315,강서구청,N,N,상대식,35.17350357,129.0954977,1,E-0315-01,역사 외부,지상,1,대합실,지상,4,양방향,대체 경로 없음,N,,이동 불가,이동 불가,ALT_NONE
3,315,강서구청,N,N,상대식,35.17350357,129.0954977,2,E-0315-02,승강장,지상,5,대합실,지상,4,양방향,"수영행 열차 이용, 구포역 하차, 반대방향 대저행 열차 이용, 강서구청역 하차, 3호기 이용(대합실 이동)",Y,10,복잡,역 복귀 이동,ALT_BACK
3,315,강서구청,N,N,상대식,35.17350357,129.0954977,2,E-0315-02,대합실,지상,4,승강장,지상,5,양방향,"대저행 열차 이용, 체육공원역 하차, 반대방향 수영행 열차 이용",Y,7,복잡,타 역 환승,ALT_STN
3,315,강서구청,N,N,상대식,35.17350357,129.0954977,3,E-0315-03,승강장,지상,5,대합실,지상,4,양방향,"대저행 열차 이용, 체육공원역 하차, 반대방향 수영행 열차 이용, 강서구청역 하차, 2호기 이용(대합실 이동)",Y,10,복잡,역 복귀 이동,ALT_BACK
3,315,강서구청,N,N,상대식,35.17350357,129.0954977,3,E-0315-03,대합실,지상,4,승강장,지상,5,양방향,"수영행 열차 이용, 구포역 하차, 반대방향 대저행 열차 이용",Y,7,복잡,타 역 환승,ALT_STN
3,316,체육공원,N,N,상대식,35.17152813,129.1082248,1,E-0316-01,역사 외부,지상,1,대합실,지상,3,양방향,대체 경로 없음,N,,이동 불가,이동 불가,ALT_NONE
3,316,체육공원,N,N,상대식,35.17152813,129.1082248,2,E-0316-02,승강장,지상,4,대합실,지상,3,양방향,"수영행 열차 이용, 강서구청역 하차, 반대방향 대저행 열차 이용, 체육공원역 하차, 3호기 이용(대합실 이동)",Y,10,복잡,역 복귀 이동,ALT_BACK
3,316,체육공원,N,N,상대식,35.17152813,129.1082248,2,E-0316-02,대합실,지상,3,승강장,지상,4,양방향,"대저행 열차 이용, 대저역 하차, 반대방향 수영행 열차 이용",Y,7,복잡,타 역 환승,ALT_STN
3,316,체육공원,N,N,상대식,35.17152813,129.1082248,3,E-0316-03,승강장,지상,4,대합실,지상,3,양방향,"대저행 열차 이용, 대저역 하차, 반대방향 수영행 열차 이용, 체육공원역 하차, 2호기 이용(대합실 이동)",Y,10,복잡,역 복귀 이동,ALT_BACK
3,316,체육공원,N,N,상대식,35.17152813,129.1082248,3,E-0316-03,대합실,지상,3,승강장,지상,4,양방향,"수영행 열차 이용, 강서구청역 하차, 반대방향 대저행 열차 이용",Y,7,복잡,타 역 환승,ALT_STN
3,317,대저,Y,N,섬식,35.16775252,129.1145897,1,E-0317-01,대합실,지상,2,역사 외부,지상,1,양방향,"김해경전철 4호기 이용, 김해경전철 대합실 이동, 김해경전철 3호기 이용(역사 외부 이동)",Y,4,보통,대체 엘리베이터 이용,ALT_ELV
3,317,대저,Y,N,섬식,35.16775252,129.1145897,1,E-0317-01,역사 외부,지상,1,대합실,지상,2,양방향,"김해경전철 3호기 이용, 김해경절철 대합실 이동, 김해경전철 4호기 이용(대저역 대합실 이동)",Y,4,보통,대체 엘리베이터 이용,ALT_ELV
3,317,대저,Y,N,섬식,35.16775252,129.1145897,2,E-0317-02,승강장,지상,3,대합실,지상,2,양방향,"수영행 열차 이용, 덕천역 하차, 2호선 장산행 열차 이용, 사상역 하차, 김해경전철 가야대행 이용, 김해대저역 하차",Y,10,복잡,역 복귀 이동,ALT_BACK
3,317,대저,Y,N,섬식,35.16775252,129.1145897,2,E-0317-02,대합실,지상,2,승강장,지상,3,양방향,"김해경전철 사상행 열차 이용, 사상역 하차, 2호선 양산행 열차 이용, 덕천역 하차, 3호선 대저행 또는 수영행 열차 이용",Y,9,복잡,타 역 환승,ALT_STN
4,401,미남,Y,Y,섬식,35.20711592,129.0691718,1,E-0401-01,역사 외부,지상,1,대합실,지하,1,양방향,2호기 이용 또는 3호기 이용 또는 4호기 이용,Y,2,단순,대체 엘리베이터 이용,ALT_ELV
4,401,미남,Y,Y,섬식,35.20711592,129.0691718,1,E-0401-01,대합실,지하,1,역사 외부,지상,1,양방향,2호기 이용 또는 3호기 이용 또는 4호기 이용,Y,2,단순,대체 엘리베이터 이용,ALT_ELV
4,401,미남,Y,Y,섬식,35.20711592,129.0691718,2,E-0401-02,역사 외부,지상,1,대합실,지하,1,양방향,1호기 이용 또는 3호기 이용 또는 4호기 이용,Y,2,단순,대체 엘리베이터 이용,ALT_ELV
4,401,미남,Y,Y,섬식,35.20711592,129.0691718,2,E-0401-02,대합실,지하,1,역사 외부,지상,1,양방향,1호기 이용 또는 3호기 이용 또는 4호기 이용,Y,2,단순,대체 엘리베이터 이용,ALT_ELV
4,401,미남,Y,Y,섬식,35.20711592,129.0691718,3,E-0401-03,역사 외부,지상,1,대합실,지하,1,양방향,1호기 이용 또는 2호기 이용 또는 4호기 이용,Y,2,단순,대체 엘리베이터 이용,ALT_ELV
4,401,미남,Y,Y,섬식,35.20711592,129.0691718,3,E-0401-03,대합실,지하,1,역사 외부,지상,1,양방향,1호기 이용 또는 2호기 이용 또는 4호기 이용,Y,2,단순,대체 엘리베이터 이용,ALT_ELV
4,401,미남,Y,Y,섬식,35.20711592,129.0691718,4,E-0401-04,역사 외부,지상,1,대합실,지하,1,양방향,1호기 이용 또는 2호기 이용 또는 3호기 이용,Y,2,단순,대체 엘리베이터 이용,ALT_ELV
4,401,미남,Y,Y,섬식,35.20711592,129.0691718,4,E-0401-04,대합실,지하,1,역사 외부,지상,1,양방향,1호기 이용 또는 2호기 이용 또는 3호기 이용,Y,2,단순,대체 엘리베이터 이용,ALT_ELV
4,403,수안,N,N,상대식,35.20182751,129.083806,1,E-0403-01,역사 외부,지상,1,대합실,지하,1,양방향,2호기 이용 또는 3호기 이용,Y,1,단순,대체 엘리베이터 이용,ALT_ELV
4,403,수안,N,N,상대식,35.20182751,129.083806,1,E-0403-01,대합실,지하,1,역사 외부,지상,1,양방향,2호기 이용 또는 3호기 이용,Y,1,단순,대체 엘리베이터 이용,ALT_ELV
4,403,수안,N,N,상대식,35.20182751,129.083806,2,E-0403-02,역사 외부,지상,1,대합실,지하,1,양방향,1호기 이용 또는 3호기 이용,Y,1,단순,대체 엘리베이터 이용,ALT_ELV
4,403,수안,N,N,상대식,35.20182751,129.083806,2,E-0403-02,대합실,지하,1,역사 외부,지상,1,양방향,1호기 이용 또는 3호기 이용,Y,1,단순,대체 엘리베이터 이용,ALT_ELV
4,403,수안,N,N,상대식,35.20182751,129.083806,3,E-0403-03,역사 외부,지상,1,대합실,지하,1,양방향,1호기 이용 또는 2호기 이용,Y,1,단순,대체 엘리베이터 이용,ALT_ELV
4,403,수안,N,N,상대식,35.20182751,129.083806,3,E-0403-03,대합실,지하,1,역사 외부,지상,1,양방향,1호기 이용 또는 2호기 이용,Y,1,단순,대체 엘리베이터 이용,ALT_ELV
4,403,수안,N,N,상대식,35.20182751,129.083806,4,E-0403-04,대합실,지하,1,승강장,지하,3,양방향,"안평행 열차 이용, 낙민역 하차, 반대방향 미남행 열차 이용",Y,8,복잡,타 역 환승,ALT_STN
4,403,수안,N,N,상대식,35.20182751,129.083806,4,E-0403-04,승강장,지하,3,대합실,지하,1,양방향,"미남행 열차 이용, 동래역 하차, 반대방향 안평행 열차 이용, 수안역 하차, 5호기 이용(대합실 이동)",Y,10,복잡,역 복귀 이동,ALT_BACK
4,403,수안,N,N,상대식,35.20182751,129.083806,5,E-0403-05,대합실,지하,1,승강장,지하,3,양방향,"미남행 열차 이용, 동래역 하차, 반대방향 안평행 열차 이용",Y,8,복잡,타 역 환승,ALT_STN
4,403,수안,N,N,상대식,35.20182751,129.083806,5,E-0403-05,승강장,지하,3,대합실,지하,1,양방향,"안평행 열차 이용, 낙민역 하차, 반대방향 미남행 열차 이용, 수안역 하차, 4호기 이용(대합실 이동)",Y,10,복잡,역 복귀 이동,ALT_BACK
4,404,낙민,N,N,섬식,35.20025385,129.0907744,1,E-0404-01,대합실,지하,1,역사 외부,지상,1,양방향,2호기 이용,Y,1,단순,대체 엘리베이터 이용,ALT_ELV
4,404,낙민,N,N,섬식,35.20025385,129.0907744,1,E-0404-01,역사 외부,지상,1,대합실,지하,1,양방향,2호기 이용,Y,1,단순,대체 엘리베이터 이용,ALT_ELV
4,404,낙민,N,N,섬식,35.20025385,129.0907744,2,E-0404-02,대합실,지하,1,역사 외부,지상,1,양방향,1호기 이용,Y,1,단순,대체 엘리베이터 이용,ALT_ELV
4,404,낙민,N,N,섬식,35.20025385,129.0907744,2,E-0404-02,역사 외부,지상,1,대합실,지하,1,양방향,1호기 이용,Y,1,단순,대체 엘리베이터 이용,ALT_ELV
4,404,낙민,N,N,섬식,35.20025385,129.0907744,3,E-0404-03,대합실,지하,1,승강장,지하,3,양방향,대체 경로 없음,N,,이동 불가,이동 불가,ALT_NONE
4,404,낙민,N,N,섬식,35.20025385,129.0907744,3,E-0404-03,승강장,지하,3,대합실,지하,1,양방향,"미남행 또는 안평행 열차 이용, 인접역 하차, 엘리베이터 이용",Y,8,복잡,타 역 환승,ALT_STN
4,405,충렬사,N,N,상대식,35.19985934,129.0976354,1,E-0405-01,대합실,지하,1,역사 외부,지상,1,양방향,2호기 이용,Y,1,단순,대체 엘리베이터 이용,ALT_ELV
4,405,충렬사,N,N,상대식,35.19985934,129.0976354,1,E-0405-01,역사 외부,지상,1,대합실,지하,1,양방향,2호기 이용,Y,1,단순,대체 엘리베이터 이용,ALT_ELV
4,405,충렬사,N,N,상대식,35.19985934,129.0976354,2,E-0405-02,대합실,지하,1,역사 외부,지상,1,양방향,1호기 이용,Y,1,단순,대체 엘리베이터 이용,ALT_ELV
4,405,충렬사,N,N,상대식,35.19985934,129.0976354,2,E-0405-02,역사 외부,지상,1,대합실,지하,1,양방향,1호기 이용,Y,1,단순,대체 엘리베이터 이용,ALT_ELV
4,405,충렬사,N,N,상대식,35.19985934,129.0976354,3,E-0405-03,승강장,지하,3,대합실,지하,1,양방향,"미남행 열차 이용, 낙민역 하차, 반대방향 안평행 열차 이용, 충렬사역 하차, 4호기 이용(대합실 이동)",Y,10,복잡,역 복귀 이동,ALT_BACK
4,405,충렬사,N,N,상대식,35.19985934,129.0976354,3,E-0405-03,대합실,지하,1,승강장,지하,3,양방향,"안평행 열차 이용, 명장역 하차, 반대방향 미남행 열차 이용",Y,8,복잡,타 역 환승,ALT_STN
4,405,충렬사,N,N,상대식,35.19985934,129.0976354,4,E-0405-04,승강장,지하,3,대합실,지하,1,양방향,"안평행 열차 이용, 명장역 하차, 반대방향 미남행 열차 이용, 충렬사역 하차, 3호기 이용(대합실 이동)",Y,10,복잡,역 복귀 이동,ALT_BACK
4,405,충렬사,N,N,상대식,35.19985934,129.0976354,4,E-0405-04,대합실,지하,1,승강장,지하,3,양방향,"미남행 열차 이용, 낙민역 하차, 반대방향 안평행 열차 이용",Y,8,복잡,타 역 환승,ALT_STN
4,406,명장,N,N,상대식,35.20514349,129.1015166,1,E-0406-01,대합실,지하,1,역사 외부,지상,1,양방향,2호기 이용,Y,1,단순,대체 엘리베이터 이용,ALT_ELV
5,406,명장,N,N,상대식,35.20514349,129.1015166,1,E-0406-01,역사 외부,지상,1,대합실,지하,1,양방향,2호기 이용,Y,1,단순,대체 엘리베이터 이용,ALT_ELV
6,406,명장,N,N,상대식,35.20514349,129.1015166,2,E-0406-02,대합실,지하,1,역사 외부,지상,1,양방향,1호기 이용,Y,1,단순,대체 엘리베이터 이용,ALT_ELV
7,406,명장,N,N,상대식,35.20514349,129.1015166,2,E-0406-02,역사 외부,지상,1,대합실,지하,1,양방향,1호기 이용,Y,1,단순,대체 엘리베이터 이용,ALT_ELV
8,406,명장,N,N,상대식,35.20514349,129.1015166,3,E-0406-03,승강장,지하,3,대합실,지하,1,양방향,"미남행 열차 이용, 충렬사역 하차, 반대방향 안평행 열차 이용, 명장역 하차, 4호기 이용(대합실 이동)",Y,10,복잡,역 복귀 이동,ALT_BACK
9,406,명장,N,N,상대식,35.20514349,129.1015166,3,E-0406-03,대합실,지하,1,승강장,지하,3,양방향,"4호기 이용(승강장 이동), 안평행 열차 이용, 서동역 하차, 반대방향 미남행 열차 이용",Y,9,복잡,타 역 환승,ALT_STN
10,406,명장,N,N,상대식,35.20514349,129.1015166,4,E-0406-04,승강장,지하,3,대합실,지하,1,양방향,"안평행 열차 이용, 서동역 하차, 반대방향 미남행 열차 이용, 명장역 하차, 3호기 이용(대합실 이동)",Y,10,복잡,역 복귀 이동,ALT_BACK
11,406,명장,N,N,상대식,35.20514349,129.1015166,4,E-0406-04,대합실,지하,1,승강장,지하,3,양방향,"3호기 이용(승강장 이동), 미남행 열차 이용, 충렬사역 하차, 반대방향 안평행 열차 이용",Y,9,복잡,타 역 환승,ALT_STN
4,407,서동,N,N,상대식,35.21333314,129.107683,1,E-0407-01,대합실,지하,1,역사 외부,지상,1,양방향,2호기 이용,Y,1,단순,대체 엘리베이터 이용,ALT_ELV
4,407,서동,N,N,상대식,35.21333314,129.107683,1,E-0407-01,역사 외부,지상,1,대합실,지하,1,양방향,2호기 이용,Y,1,단순,대체 엘리베이터 이용,ALT_ELV
4,407,서동,N,N,상대식,35.21333314,129.107683,2,E-0407-02,대합실,지하,1,역사 외부,지상,1,양방향,1호기 이용,Y,1,단순,대체 엘리베이터 이용,ALT_ELV
5,407,서동,N,N,상대식,35.21333314,129.107683,2,E-0407-02,역사 외부,지상,1,대합실,지하,1,양방향,1호기 이용,Y,1,단순,대체 엘리베이터 이용,ALT_ELV
6,407,서동,N,N,상대식,35.21333314,129.107683,3,E-0407-03,승강장,지하,3,대합실,지하,1,양방향,"미남행 열차 이용, 명장역 하차, 반대방향 안평행 열차 이용, 서동역 하차, 4호기 이용(대합실 이동)",Y,10,복잡,역 복귀 이동,ALT_BACK
7,407,서동,N,N,상대식,35.21333314,129.107683,3,E-0407-03,대합실,지하,1,승강장,지하,3,양방향,"안평행 열차 이용, 금사역 하차, 반대방향 미남행 열차 이용",Y,8,복잡,타 역 환승,ALT_STN
8,407,서동,N,N,상대식,35.21333314,129.107683,4,E-0407-04,승강장,지하,3,대합실,지하,1,양방향,"안평행 열차 이용, 금사역 하차, 반대방향 미남행 열차 이용, 서동역 하차, 3호기 이용(대합실 이동)",Y,10,복잡,역 복귀 이동,ALT_BACK
9,407,서동,N,N,상대식,35.21333314,129.107683,4,E-0407-04,대합실,지하,1,승강장,지하,3,양방향,"미남행 열차 이용, 명장역 하차, 반대방향 안평행 열차 이용",Y,8,복잡,타 역 환승,ALT_STN
4,408,금사,N,N,섬식,35.2158291,129.115153,1,E-0408-01,대합실,지하,1,역사 외부,지상,1,양방향,2호기 이용,Y,1,단순,대체 엘리베이터 이용,ALT_ELV
4,408,금사,N,N,섬식,35.2158291,129.115153,1,E-0408-01,역사 외부,지상,1,대합실,지하,1,양방향,2호기 이용,Y,1,단순,대체 엘리베이터 이용,ALT_ELV
4,408,금사,N,N,섬식,35.2158291,129.115153,2,E-0408-02,대합실,지하,1,역사 외부,지상,1,양방향,1호기 이용,Y,1,단순,대체 엘리베이터 이용,ALT_ELV
4,408,금사,N,N,섬식,35.2158291,129.115153,2,E-0408-02,역사 외부,지상,1,대합실,지하,1,양방향,1호기 이용,Y,1,단순,대체 엘리베이터 이용,ALT_ELV
4,408,금사,N,N,섬식,35.2158291,129.115153,3,E-0408-03,승강장,지하,3,대합실,지하,1,양방향,"미남행 또는 안평행 열차 이용, 인접역 하차, 엘리베이터 이용",Y,8,복잡,타 역 환승,ALT_STN
4,408,금사,N,N,섬식,35.2158291,129.115153,3,E-0408-03,대합실,지하,1,승강장,지하,3,양방향,대체 경로 없음,N,,이동 불가,이동 불가,ALT_NONE
4,409,반여농산물시장,N,N,상대식,35.21777936,129.1240606,1,E-0409-01,승강장,지하,1,대합실,지상,1,양방향,"미남행 열차 이용, 금사역 하차, 반대방향 안평행 열차 이용, 반여농산물시장역 하차, 2호기 이용(대합실 이동)",Y,9,복잡,역 복귀 이동,ALT_BACK
4,409,반여농산물시장,N,N,상대식,35.21777936,129.1240606,1,E-0409-01,대합실,지상,1,승강장,지하,1,양방향,"2호기 이용, 안평행 열차 이용, 석대역 하차, 반대방향 미남행 열차 이용",Y,7,복잡,타 역 환승,ALT_STN
4,409,반여농산물시장,N,N,상대식,35.21777936,129.1240606,2,E-0409-02,승강장,지하,1,대합실,지상,1,양방향,"안평행 열차 이용, 석대역 하차, 반대방향 미남행 열차 이용, 반여농산물시장역 하차, 1호기 이용(대합실 이동)",Y,9,복잡,역 복귀 이동,ALT_BACK
4,409,반여농산물시장,N,N,상대식,35.21777936,129.1240606,2,E-0409-02,대합실,지강,1,승강장,지하,1,양방향,"1호기 이용, 미남행 열차 이용, 금사역 하차, 반대방향 안평행 열차 이용",Y,7,복잡,타 역 환승,ALT_STN
4,410,석대,N,N,섬식,35.2182198,129.1371793,1,E-0410-01,대합실,지상,1,승강장,지상,2,양방향,대체 경로 없음,N,,이동 불가,이동 불가,ALT_NONE
4,410,석대,N,N,섬식,35.2182198,129.1371793,1,E-0410-01,승강장,지상,2,대합실,지상,1,양방향,"미남행 또는 안평행 열차 이용, 인접역 하차, 엘리베이터 이용",Y,7,복잡,타 역 환승,ALT_STN
4,411,영산대,N,N,섬식,35.22577711,129.1461486,1,E-0411-01,대합실,지상,2,역사 외부,지상,1,양방향,2호기 이용,Y,2,단순,대체 엘리베이터 이용,ALT_ELV
4,411,영산대,N,N,섬식,35.22577711,129.1461486,1,E-0411-01,역사 외부,지상,1,대합실,지상,2,양방향,2호기 이용,Y,2,단순,대체 엘리베이터 이용,ALT_ELV
4,411,영산대,N,N,섬식,35.22577711,129.1461486,2,E-0411-02,대합실,지상,2,역사 외부,지상,1,양방향,1호기 이용,Y,2,단순,대체 엘리베이터 이용,ALT_ELV
4,411,영산대,N,N,섬식,35.22577711,129.1461486,2,E-0411-02,역사 외부,지상,1,대합실,지상,2,양방향,1호기 이용,Y,2,단순,대체 엘리베이터 이용,ALT_ELV
4,411,영산대,N,N,섬식,35.22577711,129.1461486,3,E-0411-03,승강장,지상,3,대합실,지상,2,양방향,"미남행 또는 안평행 열차 이용, 인접역 하차, 엘리베이터 이용",Y,7,복잡,타 역 환승,ALT_STN
4,411,영산대,N,N,섬식,35.22577711,129.1461486,3,E-0411-03,대합실,지상,2,승강장,지상,3,양방향,대체 경로 없음,N,,이동 불가,이동 불가,ALT_NONE
4,412,윗반송,N,N,섬식,35.23250557,129.1540235,1,E-0412-01,대합실,지상,2,역사 외부,지상,1,양방향,2호기 이용,Y,2,단순,대체 엘리베이터 이용,ALT_ELV
4,412,윗반송,N,N,섬식,35.23250557,129.1540235,1,E-0412-01,역사 외부,지상,1,대합실,지상,2,양방향,2호기 이용,Y,2,단순,대체 엘리베이터 이용,ALT_ELV
4,412,윗반송,N,N,섬식,35.23250557,129.1540235,2,E-0412-02,대합실,지상,2,역사 외부,지상,1,양방향,1호기 이용,Y,2,단순,대체 엘리베이터 이용,ALT_ELV
4,412,윗반송,N,N,섬식,35.23250557,129.1540235,2,E-0412-02,역사 외부,지상,1,대합실,지상,2,양방향,1호기 이용,Y,2,단순,대체 엘리베이터 이용,ALT_ELV
4,412,윗반송,N,N,섬식,35.23250557,129.1540235,3,E-0412-03,승강장,지상,3,대합실,지상,2,양방향,"미남행 또는 안평행 열차 이용, 인접역 하차, 엘리베이터 이용",Y,7,복잡,타 역 환승,ALT_STN
4,412,윗반송,N,N,섬식,35.23250557,129.1540235,3,E-0412-03,대합실,지상,2,승강장,지상,3,양방향,대체 경로 없음,N,,이동 불가,이동 불가,ALT_NONE
4,413,고촌,N,N,섬식,35.23603061,129.1604903,1,E-0413-01,역사 외부,지상,1,대합실,지상,2,양방향,2호기 이용,Y,2,단순,대체 엘리베이터 이용,ALT_ELV
4,413,고촌,N,N,섬식,35.23603061,129.1604903,1,E-0413-01,대합실,지상,2,역사 외부,지상,1,양방향,2호기 이용,Y,2,단순,대체 엘리베이터 이용,ALT_ELV
4,413,고촌,N,N,섬식,35.23603061,129.1604903,2,E-0413-02,역사 외부,지상,1,대합실,지상,2,양방향,1호기 이용,Y,2,단순,대체 엘리베이터 이용,ALT_ELV
4,413,고촌,N,N,섬식,35.23603061,129.1604903,2,E-0413-02,대합실,지상,2,역사 외부,지상,1,양방향,1호기 이용,Y,2,단순,대체 엘리베이터 이용,ALT_ELV
4,413,고촌,N,N,섬식,35.23603061,129.1604903,3,E-0413-03,대합실,지상,2,승강장,지상,3,양방향,대체 경로 없음,N,,이동 불가,이동 불가,ALT_NONE
4,413,고촌,N,N,섬식,35.23603061,129.1604903,3,E-0413-03,승강장,지상,3,대합실,지상,2,양방향,"미남행 또는 안평행 열차 이용, 인접역 하차, 엘리베이터 이용",Y,7,복잡,타 역 환승,ALT_STN
4,414,안평,Y,N,섬식,35.2373626,129.1718227,1,E-0414-01,역사 외부,지상,1,대합실,지상,2,양방향,2호기 이용,Y,2,단순,대체 엘리베이터 이용,ALT_ELV
4,414,안평,Y,N,섬식,35.2373626,129.1718227,1,E-0414-01,대합실,지상,2,역사 외부,지상,1,양방향,2호기 이용,Y,2,단순,대체 엘리베이터 이용,ALT_ELV
4,414,안평,Y,N,섬식,35.2373626,129.1718227,2,E-0414-02,역사 외부,지상,1,대합실,지상,2,양방향,1호기 이용,Y,2,단순,대체 엘리베이터 이용,ALT_ELV
4,414,안평,Y,N,섬식,35.2373626,129.1718227,2,E-0414-02,대합실,지상,2,역사 외부,지상,1,양방향,1호기 이용,Y,2,단순,대체 엘리베이터 이용,ALT_ELV
4,414,안평,Y,N,섬식,35.2373626,129.1718227,3,E-0414-03,대합실,지상,2,승강장,지상,3,양방향,대체 경로 없음,N,,이동 불가,이동 불가,ALT_NONE
4,414,안평,Y,N,섬식,35.2373626,129.1718227,3,E-0414-03,승강장,지상,3,대합실,지상,2,양방향,"미남행 열차 이용, 고촌역 하차, 3호기 이용(대합실 이동)",Y,7,복잡,타 역 환승,ALT_STN
