호선,역번호,역명,상하선,승강장위치,연단간격,승강장선형
1,95,다대포해수욕장,상선,다대포해수욕장행 1-1,좁음,직선
1,95,다대포해수욕장,상선,다대포해수욕장행 1-2,좁음,직선
1,95,다대포해수욕장,상선,다대포해수욕장행 1-3,좁음,직선
1,95,다대포해수욕장,상선,다대포해수욕장행 2-1,좁음,직선
1,95,다대포해수욕장,상선,다대포해수욕장행 2-2,좁음,직선
1,95,다대포해수욕장,상선,다대포해수욕장행 2-3,좁음,직선
1,95,다대포해수욕장,상선,다대포해수욕장행 3-1,좁음,직선
1,95,다대포해수욕장,상선,다대포해수욕장행 3-2,좁음,직선
1,95,다대포해수욕장,상선,다대포해수욕장행 3-3,좁음,직선
1,95,다대포해수욕장,상선,다대포해수욕장행 4-1,좁음,직선
1,95,다대포해수욕장,상선,다대포해수욕장행 4-2,좁음,직선
1,95,다대포해수욕장,상선,다대포해수욕장행 4-3,좁음,직선
1,95,다대포해수욕장,상선,다대포해수욕장행 5-1,좁음,직선
1,95,다대포해수욕장,상선,다대포해수욕장행 5-2,좁음,직선
1,95,다대포해수욕장,상선,다대포해수욕장행 5-3,좁음,직선
1,95,다대포해수욕장,상선,다대포해수욕장행 6-1,좁음,직선
1,95,다대포해수욕장,상선,다대포해수욕장행 6-2,좁음,직선
1,95,다대포해수욕장,상선,다대포해수욕장행 6-3,좁음,직선
1,95,다대포해수욕장,상선,다대포해수욕장행 7-1,좁음,직선
1,95,다대포해수욕장,상선,다대포해수욕장행 7-2,좁음,직선
1,95,다대포해수욕장,상선,다대포해수욕장행 7-3,좁음,직선
1,95,다대포해수욕장,상선,다대포해수욕장행 8-1,좁음,직선
1,95,다대포해수욕장,상선,다대포해수욕장행 8-2,좁음,직선
1,95,다대포해수욕장,상선,다대포해수욕장행 8-3,좁음,직선
1,95,다대포해수욕장,하선,노포행 1-1,좁음,직선
1,95,다대포해수욕장,하선,노포행 1-2,좁음,직선
1,95,다대포해수욕장,하선,노포행 1-3,좁음,직선
1,95,다대포해수욕장,하선,노포행 2-1,좁음,직선
1,95,다대포해수욕장,하선,노포행 2-2,좁음,직선
1,95,다대포해수욕장,하선,노포행 2-3,좁음,직선
1,95,다대포해수욕장,하선,노포행 3-1,좁음,직선
1,95,다대포해수욕장,하선,노포행 3-2,좁음,직선
1,95,다대포해수욕장,하선,노포행 3-3,좁음,직선
1,95,다대포해수욕장,하선,노포행 4-1,좁음,직선
1,95,다대포해수욕장,하선,노포행 4-2,좁음,직선
1,95,다대포해수욕장,하선,노포행 4-3,좁음,직선
1,95,다대포해수욕장,하선,노포행 5-1,좁음,직선
1,95,다대포해수욕장,하선,노포행 5-2,좁음,직선
1,95,다대포해수욕장,하선,노포행 5-3,좁음,직선
1,95,다대포해수욕장,하선,노포행 6-1,좁음,직선
1,95,다대포해수욕장,하선,노포행 6-2,좁음,직선
1,95,다대포해수욕장,하선,노포행 6-3,좁음,직선
1,95,다대포해수욕장,하선,노포행 7-1,좁음,직선
1,95,다대포해수욕장,하선,노포행 7-2,좁음,직선
1,95,다대포해수욕장,하선,노포행 7-3,좁음,직선
1,95,다대포해수욕장,하선,노포행 8-1,좁음,직선
1,95,다대포해수욕장,하선,노포행 8-2,좁음,직선
1,95,다대포해수욕장,하선,노포행 8-3,좁음,직선
1,96,다대포항,상선,다대포해수욕장행 1-1,좁음,곡선
1,96,다대포항,상선,다대포해수욕장행 1-2,좁음,곡선
1,96,다대포항,상선,다대포해수욕장행 1-3,좁음,곡선
1,96,다대포항,상선,다대포해수욕장행 2-1,좁음,곡선
1,96,다대포항,상선,다대포해수욕장행 2-2,좁음,곡선
1,96,다대포항,상선,다대포해수욕장행 2-3,좁음,곡선
1,96,다대포항,상선,다대포해수욕장행 3-1,좁음,곡선
1,96,다대포항,상선,다대포해수욕장행 3-2,좁음,곡선
1,96,다대포항,상선,다대포해수욕장행 3-3,좁음,곡선
1,96,다대포항,상선,다대포해수욕장행 4-1,좁음,곡선
1,96,다대포항,상선,다대포해수욕장행 4-2,좁음,곡선
1,96,다대포항,상선,다대포해수욕장행 4-3,좁음,곡선
1,96,다대포항,상선,다대포해수욕장행 5-1,좁음,곡선
1,96,다대포항,상선,다대포해수욕장행 5-2,좁음,곡선
1,96,다대포항,상선,다대포해수욕장행 5-3,좁음,곡선
1,96,다대포항,상선,다대포해수욕장행 6-1,좁음,곡선
1,96,다대포항,상선,다대포해수욕장행 6-2,좁음,곡선
1,96,다대포항,상선,다대포해수욕장행 6-3,좁음,곡선
1,96,다대포항,상선,다대포해수욕장행 7-1,좁음,곡선
1,96,다대포항,상선,다대포해수욕장행 7-2,좁음,곡선
1,96,다대포항,상선,다대포해수욕장행 7-3,좁음,곡선
1,96,다대포항,상선,다대포해수욕장행 8-1,좁음,곡선
1,96,다대포항,상선,다대포해수욕장행 8-2,좁음,곡선
1,96,다대포항,상선,다대포해수욕장행 8-3,좁음,곡선
1,96,다대포항,하선,노포행 1-1,좁음,곡선
1,96,다대포항,하선,노포행 1-2,좁음,곡선
1,96,다대포항,하선,노포행 1-3,좁음,곡선
1,96,다대포항,하선,노포행 2-1,좁음,곡선
1,96,다대포항,하선,노포행 2-2,좁음,곡선
1,96,다대포항,하선,노포행 2-3,좁음,곡선
1,96,다대포항,하선,노포행 3-1,좁음,곡선
1,96,다대포항,하선,노포행 3-2,좁음,곡선
1,96,다대포항,하선,노포행 3-3,좁음,곡선
1,96,다대포항,하선,노포행 4-1,좁음,곡선
1,96,다대포항,하선,노포행 4-2,좁음,곡선
1,96,다대포항,하선,노포행 4-3,좁음,곡선
1,96,다대포항,하선,노포행 5-1,좁음,곡선
1,96,다대포항,하선,노포행 5-2,좁음,곡선
1,96,다대포항,하선,노포행 5-3,좁음,곡선
1,96,다대포항,하선,노포행 6-1,좁음,곡선
1,96,다대포항,하선,노포행 6-2,좁음,곡선
1,96,다대포항,하선,노포행 6-3,좁음,곡선
1,96,다대포항,하선,노포행 7-1,좁음,곡선
1,96,다대포항,하선,노포행 7-2,좁음,곡선
1,96,다대포항,하선,노포행 7-3,좁음,곡선
1,96,다대포항,하선,노포행 8-1,좁음,곡선
1,96,다대포항,하선,노포행 8-2,좁음,곡선
1,96,다대포항,하선,노포행 8-3,좁음,곡선
1,97,낫개,상선,다대포해수욕장행 1-1,좁음,(완화)곡선
1,97,낫개,상선,다대포해수욕장행 1-2,좁음,(완화)곡선
1,97,낫개,상선,다대포해수욕장행 1-3,좁음,(완화)곡선
1,97,낫개,상선,다대포해수욕장행 2-1,좁음,(완화)곡선
1,97,낫개,상선,다대포해수욕장행 2-2,좁음,(완화)곡선
1,97,낫개,상선,다대포해수욕장행 2-3,좁음,(완화)곡선
1,97,낫개,상선,다대포해수욕장행 3-1,좁음,(완화)곡선
1,97,낫개,상선,다대포해수욕장행 3-2,좁음,(완화)곡선
1,97,낫개,상선,다대포해수욕장행 3-3,좁음,(완화)곡선
1,97,낫개,상선,다대포해수욕장행 4-1,좁음,(완화)곡선
1,97,낫개,상선,다대포해수욕장행 4-2,좁음,(완화)곡선
1,97,낫개,상선,다대포해수욕장행 4-3,좁음,(완화)곡선
1,97,낫개,상선,다대포해수욕장행 5-1,좁음,(완화)곡선
1,97,낫개,상선,다대포해수욕장행 5-2,좁음,(완화)곡선
1,97,낫개,상선,다대포해수욕장행 5-3,좁음,(완화)곡선
1,97,낫개,상선,다대포해수욕장행 6-1,좁음,(완화)곡선
1,97,낫개,상선,다대포해수욕장행 6-2,좁음,(완화)곡선
1,97,낫개,상선,다대포해수욕장행 6-3,좁음,(완화)곡선
1,97,낫개,상선,다대포해수욕장행 7-1,좁음,(완화)곡선
1,97,낫개,상선,다대포해수욕장행 7-2,좁음,(완화)곡선
1,97,낫개,상선,다대포해수욕장행 7-3,좁음,(완화)곡선
1,97,낫개,상선,다대포해수욕장행 8-1,좁음,(완화)곡선
1,97,낫개,상선,다대포해수욕장행 8-2,좁음,(완화)곡선
1,97,낫개,상선,다대포해수욕장행 8-3,좁음,(완화)곡선
1,97,낫개,하선,노포행 1-1,좁음,(완화)곡선
1,97,낫개,하선,노포행 1-2,좁음,(완화)곡선
1,97,낫개,하선,노포행 1-3,좁음,(완화)곡선
1,97,낫개,하선,노포행 2-1,좁음,(완화)곡선
1,97,낫개,하선,노포행 2-2,좁음,(완화)곡선
1,97,낫개,하선,노포행 2-3,좁음,(완화)곡선
1,97,낫개,하선,노포행 3-1,좁음,(완화)곡선
1,97,낫개,하선,노포행 3-2,좁음,(완화)곡선
1,97,낫개,하선,노포행 3-3,좁음,(완화)곡선
1,97,낫개,하선,노포행 4-1,좁음,(완화)곡선
1,97,낫개,하선,노포행 4-2,좁음,(완화)곡선
1,97,낫개,하선,노포행 4-3,좁음,(완화)곡선
1,97,낫개,하선,노포행 5-1,좁음,(완화)곡선
1,97,낫개,하선,노포행 5-2,좁음,(완화)곡선
1,97,낫개,하선,노포행 5-3,좁음,(완화)곡선
1,97,낫개,하선,노포행 6-1,좁음,(완화)곡선
1,97,낫개,하선,노포행 6-2,좁음,(완화)곡선
1,97,낫개,하선,노포행 6-3,좁음,(완화)곡선
1,97,낫개,하선,노포행 7-1,좁음,(완화)곡선
1,97,낫개,하선,노포행 7-2,좁음,(완화)곡선
1,97,낫개,하선,노포행 7-3,좁음,(완화)곡선
1,97,낫개,하선,노포행 8-1,좁음,(완화)곡선
1,97,낫개,하선,노포행 8-2,좁음,(완화)곡선
1,97,낫개,하선,노포행 8-3,좁음,(완화)곡선
1,98,신장림,상선,다대포해수욕장행 1-1,좁음,(완화)곡선
1,98,신장림,상선,다대포해수욕장행 1-2,좁음,(완화)곡선
1,98,신장림,상선,다대포해수욕장행 1-3,좁음,(완화)곡선
1,98,신장림,상선,다대포해수욕장행 2-1,좁음,(완화)곡선
1,98,신장림,상선,다대포해수욕장행 2-2,좁음,(완화)곡선
1,98,신장림,상선,다대포해수욕장행 2-3,좁음,(완화)곡선
1,98,신장림,상선,다대포해수욕장행 3-1,좁음,(완화)곡선
1,98,신장림,상선,다대포해수욕장행 3-2,좁음,(완화)곡선
1,98,신장림,상선,다대포해수욕장행 3-3,좁음,(완화)곡선
1,98,신장림,상선,다대포해수욕장행 4-1,좁음,(완화)곡선
1,98,신장림,상선,다대포해수욕장행 4-2,좁음,(완화)곡선
1,98,신장림,상선,다대포해수욕장행 4-3,좁음,(완화)곡선
1,98,신장림,상선,다대포해수욕장행 5-1,좁음,(완화)곡선
1,98,신장림,상선,다대포해수욕장행 5-2,좁음,(완화)곡선
1,98,신장림,상선,다대포해수욕장행 5-3,좁음,(완화)곡선
1,98,신장림,상선,다대포해수욕장행 6-1,좁음,(완화)곡선
1,98,신장림,상선,다대포해수욕장행 6-2,좁음,(완화)곡선
1,98,신장림,상선,다대포해수욕장행 6-3,좁음,(완화)곡선
1,98,신장림,상선,다대포해수욕장행 7-1,좁음,(완화)곡선
1,98,신장림,상선,다대포해수욕장행 7-2,좁음,(완화)곡선
1,98,신장림,상선,다대포해수욕장행 7-3,좁음,(완화)곡선
1,98,신장림,상선,다대포해수욕장행 8-1,좁음,(완화)곡선
1,98,신장림,상선,다대포해수욕장행 8-2,좁음,(완화)곡선
1,98,신장림,상선,다대포해수욕장행 8-3,좁음,(완화)곡선
1,98,신장림,하선,노포행 1-1,좁음,(완화)곡선
1,98,신장림,하선,노포행 1-2,좁음,(완화)곡선
1,98,신장림,하선,노포행 1-3,좁음,(완화)곡선
1,98,신장림,하선,노포행 2-1,좁음,(완화)곡선
1,98,신장림,하선,노포행 2-2,좁음,(완화)곡선
1,98,신장림,하선,노포행 2-3,좁음,(완화)곡선
1,98,신장림,하선,노포행 3-1,좁음,(완화)곡선
1,98,신장림,하선,노포행 3-2,좁음,(완화)곡선
1,98,신장림,하선,노포행 3-3,좁음,(완화)곡선
1,98,신장림,하선,노포행 4-1,좁음,(완화)곡선
1,98,신장림,하선,노포행 4-2,좁음,(완화)곡선
1,98,신장림,하선,노포행 4-3,좁음,(완화)곡선
1,98,신장림,하선,노포행 5-1,좁음,(완화)곡선
1,98,신장림,하선,노포행 5-2,좁음,(완화)곡선
1,98,신장림,하선,노포행 5-3,좁음,(완화)곡선
1,98,신장림,하선,노포행 6-1,좁음,(완화)곡선
1,98,신장림,하선,노포행 6-2,좁음,(완화)곡선
1,98,신장림,하선,노포행 6-3,좁음,(완화)곡선
1,98,신장림,하선,노포행 7-1,좁음,(완화)곡선
1,98,신장림,하선,노포행 7-2,좁음,(완화)곡선
1,98,신장림,하선,노포행 7-3,좁음,(완화)곡선
1,98,신장림,하선,노포행 8-1,좁음,(완화)곡선
1,98,신장림,하선,노포행 8-2,좁음,(완화)곡선
1,98,신장림,하선,노포행 8-3,좁음,(완화)곡선
1,99,장림,상선,다대포해수욕장행 1-1,좁음,직선
1,99,장림,상선,다대포해수욕장행 1-2,좁음,직선
1,99,장림,상선,다대포해수욕장행 1-3,좁음,직선
1,99,장림,상선,다대포해수욕장행 2-1,좁음,직선
1,99,장림,상선,다대포해수욕장행 2-2,좁음,직선
1,99,장림,상선,다대포해수욕장행 2-3,좁음,직선
1,99,장림,상선,다대포해수욕장행 3-1,좁음,직선
1,99,장림,상선,다대포해수욕장행 3-2,좁음,직선
1,99,장림,상선,다대포해수욕장행 3-3,좁음,직선
1,99,장림,상선,다대포해수욕장행 4-1,좁음,직선
1,99,장림,상선,다대포해수욕장행 4-2,좁음,직선
1,99,장림,상선,다대포해수욕장행 4-3,좁음,직선
1,99,장림,상선,다대포해수욕장행 5-1,좁음,직선
1,99,장림,상선,다대포해수욕장행 5-2,좁음,직선
1,99,장림,상선,다대포해수욕장행 5-3,좁음,직선
1,99,장림,상선,다대포해수욕장행 6-1,좁음,직선
1,99,장림,상선,다대포해수욕장행 6-2,좁음,직선
1,99,장림,상선,다대포해수욕장행 6-3,좁음,직선
1,99,장림,상선,다대포해수욕장행 7-1,좁음,직선
1,99,장림,상선,다대포해수욕장행 7-2,좁음,직선
1,99,장림,상선,다대포해수욕장행 7-3,좁음,직선
1,99,장림,상선,다대포해수욕장행 8-1,좁음,직선
1,99,장림,상선,다대포해수욕장행 8-2,좁음,직선
1,99,장림,상선,다대포해수욕장행 8-3,좁음,직선
1,99,장림,하선,노포행 1-1,좁음,직선
1,99,장림,하선,노포행 1-2,좁음,직선
1,99,장림,하선,노포행 1-3,좁음,직선
1,99,장림,하선,노포행 2-1,좁음,직선
1,99,장림,하선,노포행 2-2,좁음,직선
1,99,장림,하선,노포행 2-3,좁음,직선
1,99,장림,하선,노포행 3-1,좁음,직선
1,99,장림,하선,노포행 3-2,좁음,직선
1,99,장림,하선,노포행 3-3,좁음,직선
1,99,장림,하선,노포행 4-1,좁음,직선
1,99,장림,하선,노포행 4-2,좁음,직선
1,99,장림,하선,노포행 4-3,좁음,직선
1,99,장림,하선,노포행 5-1,좁음,직선
1,99,장림,하선,노포행 5-2,좁음,직선
1,99,장림,하선,노포행 5-3,좁음,직선
1,99,장림,하선,노포행 6-1,좁음,직선
1,99,장림,하선,노포행 6-2,좁음,직선
1,99,장림,하선,노포행 6-3,좁음,직선
1,99,장림,하선,노포행 7-1,좁음,직선
1,99,장림,하선,노포행 7-2,좁음,직선
1,99,장림,하선,노포행 7-3,좁음,직선
1,99,장림,하선,노포행 8-1,좁음,직선
1,99,장림,하선,노포행 8-2,좁음,직선
1,99,장림,하선,노포행 8-3,좁음,직선
1,100,동매,상선,다대포해수욕장행 1-1,좁음,직선
1,100,동매,상선,다대포해수욕장행 1-2,좁음,직선
1,100,동매,상선,다대포해수욕장행 1-3,좁음,직선
1,100,동매,상선,다대포해수욕장행 2-1,좁음,직선
1,100,동매,상선,다대포해수욕장행 2-2,좁음,직선
1,100,동매,상선,다대포해수욕장행 2-3,좁음,직선
1,100,동매,상선,다대포해수욕장행 3-1,좁음,직선
1,100,동매,상선,다대포해수욕장행 3-2,좁음,직선
1,100,동매,상선,다대포해수욕장행 3-3,좁음,직선
1,100,동매,상선,다대포해수욕장행 4-1,좁음,직선
1,100,동매,상선,다대포해수욕장행 4-2,좁음,직선
1,100,동매,상선,다대포해수욕장행 4-3,좁음,직선
1,100,동매,상선,다대포해수욕장행 5-1,좁음,직선
1,100,동매,상선,다대포해수욕장행 5-2,좁음,직선
1,100,동매,상선,다대포해수욕장행 5-3,좁음,직선
1,100,동매,상선,다대포해수욕장행 6-1,좁음,직선
1,100,동매,상선,다대포해수욕장행 6-2,좁음,직선
1,100,동매,상선,다대포해수욕장행 6-3,좁음,직선
1,100,동매,상선,다대포해수욕장행 7-1,좁음,직선
1,100,동매,상선,다대포해수욕장행 7-2,좁음,직선
1,100,동매,상선,다대포해수욕장행 7-3,좁음,직선
1,100,동매,상선,다대포해수욕장행 8-1,좁음,직선
1,100,동매,상선,다대포해수욕장행 8-2,좁음,직선
1,100,동매,상선,다대포해수욕장행 8-3,좁음,직선
1,100,동매,하선,노포행 1-1,좁음,직선
1,100,동매,하선,노포행 1-2,좁음,직선
1,100,동매,하선,노포행 1-3,좁음,직선
1,100,동매,하선,노포행 2-1,좁음,직선
1,100,동매,하선,노포행 2-2,좁음,직선
1,100,동매,하선,노포행 2-3,좁음,직선
1,100,동매,하선,노포행 3-1,좁음,직선
1,100,동매,하선,노포행 3-2,좁음,직선
1,100,동매,하선,노포행 3-3,좁음,직선
1,100,동매,하선,노포행 4-1,좁음,직선
1,100,동매,하선,노포행 4-2,좁음,직선
1,100,동매,하선,노포행 4-3,좁음,직선
1,100,동매,하선,노포행 5-1,좁음,직선
1,100,동매,하선,노포행 5-2,좁음,직선
1,100,동매,하선,노포행 5-3,좁음,직선
1,100,동매,하선,노포행 6-1,좁음,직선
1,100,동매,하선,노포행 6-2,좁음,직선
1,100,동매,하선,노포행 6-3,좁음,직선
1,100,동매,하선,노포행 7-1,좁음,직선
1,100,동매,하선,노포행 7-2,좁음,직선
1,100,동매,하선,노포행 7-3,좁음,직선
1,100,동매,하선,노포행 8-1,좁음,직선
1,100,동매,하선,노포행 8-2,좁음,직선
1,100,동매,하선,노포행 8-3,좁음,직선
1,101,신평,상선,다대포해수욕장행 1-1,좁음,직선
1,101,신평,상선,다대포해수욕장행 1-2,좁음,직선
1,101,신평,상선,다대포해수욕장행 1-3,좁음,직선
1,101,신평,상선,다대포해수욕장행 2-1,좁음,직선
1,101,신평,상선,다대포해수욕장행 2-2,좁음,직선
1,101,신평,상선,다대포해수욕장행 2-3,좁음,직선
1,101,신평,상선,다대포해수욕장행 3-1,좁음,직선
1,101,신평,상선,다대포해수욕장행 3-2,좁음,직선
1,101,신평,상선,다대포해수욕장행 3-3,좁음,직선
1,101,신평,상선,다대포해수욕장행 4-1,좁음,직선
1,101,신평,상선,다대포해수욕장행 4-2,좁음,직선
1,101,신평,상선,다대포해수욕장행 4-3,좁음,직선
1,101,신평,상선,다대포해수욕장행 5-1,좁음,직선
1,101,신평,상선,다대포해수욕장행 5-2,좁음,직선
1,101,신평,상선,다대포해수욕장행 5-3,좁음,직선
1,101,신평,상선,다대포해수욕장행 6-1,좁음,직선
1,101,신평,상선,다대포해수욕장행 6-2,좁음,직선
1,101,신평,상선,다대포해수욕장행 6-3,좁음,직선
1,101,신평,상선,다대포해수욕장행 7-1,좁음,직선
1,101,신평,상선,다대포해수욕장행 7-2,좁음,직선
1,101,신평,상선,다대포해수욕장행 7-3,좁음,직선
1,101,신평,상선,다대포해수욕장행 8-1,좁음,직선
1,101,신평,상선,다대포해수욕장행 8-2,좁음,직선
1,101,신평,상선,다대포해수욕장행 8-3,좁음,직선
1,101,신평,하선,노포행 1-1,좁음,직선
1,101,신평,하선,노포행 1-2,좁음,직선
1,101,신평,하선,노포행 1-3,좁음,직선
1,101,신평,하선,노포행 2-1,좁음,직선
1,101,신평,하선,노포행 2-2,좁음,직선
1,101,신평,하선,노포행 2-3,좁음,직선
1,101,신평,하선,노포행 3-1,좁음,직선
1,101,신평,하선,노포행 3-2,좁음,직선
1,101,신평,하선,노포행 3-3,좁음,직선
1,101,신평,하선,노포행 4-1,좁음,직선
1,101,신평,하선,노포행 4-2,좁음,직선
1,101,신평,하선,노포행 4-3,좁음,직선
1,101,신평,하선,노포행 5-1,좁음,직선
1,101,신평,하선,노포행 5-2,좁음,직선
1,101,신평,하선,노포행 5-3,좁음,직선
1,101,신평,하선,노포행 6-1,좁음,직선
1,101,신평,하선,노포행 6-2,좁음,직선
1,101,신평,하선,노포행 6-3,좁음,직선
1,101,신평,하선,노포행 7-1,좁음,직선
1,101,신평,하선,노포행 7-2,좁음,직선
1,101,신평,하선,노포행 7-3,좁음,직선
1,101,신평,하선,노포행 8-1,좁음,직선
1,101,신평,하선,노포행 8-2,좁음,직선
1,101,신평,하선,노포행 8-3,좁음,직선
1,102,하단,상선,다대포해수욕장행 1-1,좁음,(완화)곡선
1,102,하단,상선,다대포해수욕장행 1-2,좁음,(완화)곡선
1,102,하단,상선,다대포해수욕장행 1-3,좁음,(완화)곡선
1,102,하단,상선,다대포해수욕장행 2-1,좁음,(완화)곡선
1,102,하단,상선,다대포해수욕장행 2-2,좁음,(완화)곡선
1,102,하단,상선,다대포해수욕장행 2-3,좁음,(완화)곡선
1,102,하단,상선,다대포해수욕장행 3-1,좁음,(완화)곡선
1,102,하단,상선,다대포해수욕장행 3-2,좁음,(완화)곡선
1,102,하단,상선,다대포해수욕장행 3-3,좁음,(완화)곡선
1,102,하단,상선,다대포해수욕장행 4-1,좁음,(완화)곡선
1,102,하단,상선,다대포해수욕장행 4-2,좁음,(완화)곡선
1,102,하단,상선,다대포해수욕장행 4-3,좁음,(완화)곡선
1,102,하단,상선,다대포해수욕장행 5-1,좁음,(완화)곡선
1,102,하단,상선,다대포해수욕장행 5-2,좁음,(완화)곡선
1,102,하단,상선,다대포해수욕장행 5-3,좁음,(완화)곡선
1,102,하단,상선,다대포해수욕장행 6-1,좁음,(완화)곡선
1,102,하단,상선,다대포해수욕장행 6-2,좁음,(완화)곡선
1,102,하단,상선,다대포해수욕장행 6-3,좁음,(완화)곡선
1,102,하단,상선,다대포해수욕장행 7-1,좁음,(완화)곡선
1,102,하단,상선,다대포해수욕장행 7-2,좁음,(완화)곡선
1,102,하단,상선,다대포해수욕장행 7-3,좁음,(완화)곡선
1,102,하단,상선,다대포해수욕장행 8-1,좁음,(완화)곡선
1,102,하단,상선,다대포해수욕장행 8-2,좁음,(완화)곡선
1,102,하단,상선,다대포해수욕장행 8-3,좁음,(완화)곡선
1,102,하단,하선,노포행 1-1,좁음,(완화)곡선
1,102,하단,하선,노포행 1-2,좁음,(완화)곡선
1,102,하단,하선,노포행 1-3,좁음,(완화)곡선
1,102,하단,하선,노포행 2-1,좁음,(완화)곡선
1,102,하단,하선,노포행 2-2,좁음,(완화)곡선
1,102,하단,하선,노포행 2-3,좁음,(완화)곡선
1,102,하단,하선,노포행 3-1,좁음,(완화)곡선
1,102,하단,하선,노포행 3-2,좁음,(완화)곡선
1,102,하단,하선,노포행 3-3,좁음,(완화)곡선
1,102,하단,하선,노포행 4-1,좁음,(완화)곡선
1,102,하단,하선,노포행 4-2,좁음,(완화)곡선
1,102,하단,하선,노포행 4-3,좁음,(완화)곡선
1,102,하단,하선,노포행 5-1,좁음,(완화)곡선
1,102,하단,하선,노포행 5-2,좁음,(완화)곡선
1,102,하단,하선,노포행 5-3,좁음,(완화)곡선
1,102,하단,하선,노포행 6-1,좁음,(완화)곡선
1,102,하단,하선,노포행 6-2,좁음,(완화)곡선
1,102,하단,하선,노포행 6-3,좁음,(완화)곡선
1,102,하단,하선,노포행 7-1,좁음,(완화)곡선
1,102,하단,하선,노포행 7-2,좁음,(완화)곡선
1,102,하단,하선,노포행 7-3,좁음,(완화)곡선
1,102,하단,하선,노포행 8-1,좁음,(완화)곡선
1,102,하단,하선,노포행 8-2,좁음,(완화)곡선
1,102,하단,하선,노포행 8-3,좁음,(완화)곡선
1,103,당리,상선,다대포해수욕장행 1-1,좁음,직선
1,103,당리,상선,다대포해수욕장행 1-2,좁음,직선
1,103,당리,상선,다대포해수욕장행 1-3,좁음,직선
1,103,당리,상선,다대포해수욕장행 2-1,좁음,직선
1,103,당리,상선,다대포해수욕장행 2-2,좁음,직선
1,103,당리,상선,다대포해수욕장행 2-3,좁음,직선
1,103,당리,상선,다대포해수욕장행 3-1,좁음,직선
1,103,당리,상선,다대포해수욕장행 3-2,좁음,직선
1,103,당리,상선,다대포해수욕장행 3-3,좁음,직선
1,103,당리,상선,다대포해수욕장행 4-1,좁음,직선
1,103,당리,상선,다대포해수욕장행 4-2,좁음,직선
1,103,당리,상선,다대포해수욕장행 4-3,좁음,직선
1,103,당리,상선,다대포해수욕장행 5-1,좁음,직선
1,103,당리,상선,다대포해수욕장행 5-2,좁음,직선
1,103,당리,상선,다대포해수욕장행 5-3,좁음,직선
1,103,당리,상선,다대포해수욕장행 6-1,좁음,직선
1,103,당리,상선,다대포해수욕장행 6-2,좁음,직선
1,103,당리,상선,다대포해수욕장행 6-3,좁음,직선
1,103,당리,상선,다대포해수욕장행 7-1,좁음,직선
1,103,당리,상선,다대포해수욕장행 7-2,좁음,직선
1,103,당리,상선,다대포해수욕장행 7-3,좁음,직선
1,103,당리,상선,다대포해수욕장행 8-1,좁음,직선
1,103,당리,상선,다대포해수욕장행 8-2,좁음,직선
1,103,당리,상선,다대포해수욕장행 8-3,좁음,직선
1,103,당리,하선,노포행 1-1,좁음,직선
1,103,당리,하선,노포행 1-2,좁음,직선
1,103,당리,하선,노포행 1-3,좁음,직선
1,103,당리,하선,노포행 2-1,좁음,직선
1,103,당리,하선,노포행 2-2,좁음,직선
1,103,당리,하선,노포행 2-3,좁음,직선
1,103,당리,하선,노포행 3-1,좁음,직선
1,103,당리,하선,노포행 3-2,좁음,직선
1,103,당리,하선,노포행 3-3,좁음,직선
1,103,당리,하선,노포행 4-1,좁음,직선
1,103,당리,하선,노포행 4-2,좁음,직선
1,103,당리,하선,노포행 4-3,좁음,직선
1,103,당리,하선,노포행 5-1,좁음,직선
1,103,당리,하선,노포행 5-2,좁음,직선
1,103,당리,하선,노포행 5-3,좁음,직선
1,103,당리,하선,노포행 6-1,좁음,직선
1,103,당리,하선,노포행 6-2,좁음,직선
1,103,당리,하선,노포행 6-3,좁음,직선
1,103,당리,하선,노포행 7-1,좁음,직선
1,103,당리,하선,노포행 7-2,좁음,직선
1,103,당리,하선,노포행 7-3,좁음,직선
1,103,당리,하선,노포행 8-1,좁음,직선
1,103,당리,하선,노포행 8-2,좁음,직선
1,103,당리,하선,노포행 8-3,좁음,직선
1,104,사하,상선,다대포해수욕장행 1-1,좁음,직선
1,104,사하,상선,다대포해수욕장행 1-2,좁음,직선
1,104,사하,상선,다대포해수욕장행 1-3,좁음,직선
1,104,사하,상선,다대포해수욕장행 2-1,좁음,직선
1,104,사하,상선,다대포해수욕장행 2-2,좁음,직선
1,104,사하,상선,다대포해수욕장행 2-3,좁음,직선
1,104,사하,상선,다대포해수욕장행 3-1,좁음,직선
1,104,사하,상선,다대포해수욕장행 3-2,좁음,직선
1,104,사하,상선,다대포해수욕장행 3-3,좁음,직선
1,104,사하,상선,다대포해수욕장행 4-1,좁음,직선
1,104,사하,상선,다대포해수욕장행 4-2,좁음,직선
1,104,사하,상선,다대포해수욕장행 4-3,좁음,직선
1,104,사하,상선,다대포해수욕장행 5-1,좁음,직선
1,104,사하,상선,다대포해수욕장행 5-2,좁음,직선
1,104,사하,상선,다대포해수욕장행 5-3,좁음,직선
1,104,사하,상선,다대포해수욕장행 6-1,좁음,직선
1,104,사하,상선,다대포해수욕장행 6-2,좁음,직선
1,104,사하,상선,다대포해수욕장행 6-3,좁음,직선
1,104,사하,상선,다대포해수욕장행 7-1,좁음,직선
1,104,사하,상선,다대포해수욕장행 7-2,좁음,직선
1,104,사하,상선,다대포해수욕장행 7-3,좁음,직선
1,104,사하,상선,다대포해수욕장행 8-1,좁음,직선
1,104,사하,상선,다대포해수욕장행 8-2,좁음,직선
1,104,사하,상선,다대포해수욕장행 8-3,좁음,직선
1,104,사하,하선,노포행 1-1,좁음,직선
1,104,사하,하선,노포행 1-2,좁음,직선
1,104,사하,하선,노포행 1-3,좁음,직선
1,104,사하,하선,노포행 2-1,좁음,직선
1,104,사하,하선,노포행 2-2,좁음,직선
1,104,사하,하선,노포행 2-3,좁음,직선
1,104,사하,하선,노포행 3-1,좁음,직선
1,104,사하,하선,노포행 3-2,좁음,직선
1,104,사하,하선,노포행 3-3,좁음,직선
1,104,사하,하선,노포행 4-1,좁음,직선
1,104,사하,하선,노포행 4-2,좁음,직선
1,104,사하,하선,노포행 4-3,좁음,직선
1,104,사하,하선,노포행 5-1,좁음,직선
1,104,사하,하선,노포행 5-2,좁음,직선
1,104,사하,하선,노포행 5-3,좁음,직선
1,104,사하,하선,노포행 6-1,좁음,직선
1,104,사하,하선,노포행 6-2,좁음,직선
1,104,사하,하선,노포행 6-3,좁음,직선
1,104,사하,하선,노포행 7-1,좁음,직선
1,104,사하,하선,노포행 7-2,좁음,직선
1,104,사하,하선,노포행 7-3,좁음,직선
1,104,사하,하선,노포행 8-1,좁음,직선
1,104,사하,하선,노포행 8-2,좁음,직선
1,104,사하,하선,노포행 8-3,좁음,직선
1,105,괴정,상선,다대포해수욕장행 1-1,좁음,직선
1,105,괴정,상선,다대포해수욕장행 1-2,좁음,직선
1,105,괴정,상선,다대포해수욕장행 1-3,좁음,직선
1,105,괴정,상선,다대포해수욕장행 2-1,좁음,직선
1,105,괴정,상선,다대포해수욕장행 2-2,좁음,직선
1,105,괴정,상선,다대포해수욕장행 2-3,좁음,직선
1,105,괴정,상선,다대포해수욕장행 3-1,좁음,직선
1,105,괴정,상선,다대포해수욕장행 3-2,좁음,직선
1,105,괴정,상선,다대포해수욕장행 3-3,좁음,직선
1,105,괴정,상선,다대포해수욕장행 4-1,좁음,직선
1,105,괴정,상선,다대포해수욕장행 4-2,좁음,직선
1,105,괴정,상선,다대포해수욕장행 4-3,좁음,직선
1,105,괴정,상선,다대포해수욕장행 5-1,좁음,직선
1,105,괴정,상선,다대포해수욕장행 5-2,좁음,직선
1,105,괴정,상선,다대포해수욕장행 5-3,좁음,직선
1,105,괴정,상선,다대포해수욕장행 6-1,좁음,직선
1,105,괴정,상선,다대포해수욕장행 6-2,좁음,직선
1,105,괴정,상선,다대포해수욕장행 6-3,좁음,직선
1,105,괴정,상선,다대포해수욕장행 7-1,좁음,직선
1,105,괴정,상선,다대포해수욕장행 7-2,좁음,직선
1,105,괴정,상선,다대포해수욕장행 7-3,좁음,직선
1,105,괴정,상선,다대포해수욕장행 8-1,좁음,직선
1,105,괴정,상선,다대포해수욕장행 8-2,좁음,직선
1,105,괴정,상선,다대포해수욕장행 8-3,좁음,직선
1,105,괴정,하선,노포행 1-1,좁음,직선
1,105,괴정,하선,노포행 1-2,좁음,직선
1,105,괴정,하선,노포행 1-3,좁음,직선
1,105,괴정,하선,노포행 2-1,좁음,직선
1,105,괴정,하선,노포행 2-2,좁음,직선
1,105,괴정,하선,노포행 2-3,좁음,직선
1,105,괴정,하선,노포행 3-1,좁음,직선
1,105,괴정,하선,노포행 3-2,좁음,직선
1,105,괴정,하선,노포행 3-3,좁음,직선
1,105,괴정,하선,노포행 4-1,좁음,직선
1,105,괴정,하선,노포행 4-2,좁음,직선
1,105,괴정,하선,노포행 4-3,좁음,직선
1,105,괴정,하선,노포행 5-1,좁음,직선
1,105,괴정,하선,노포행 5-2,좁음,직선
1,105,괴정,하선,노포행 5-3,좁음,직선
1,105,괴정,하선,노포행 6-1,좁음,직선
1,105,괴정,하선,노포행 6-2,좁음,직선
1,105,괴정,하선,노포행 6-3,좁음,직선
1,105,괴정,하선,노포행 7-1,좁음,직선
1,105,괴정,하선,노포행 7-2,좁음,직선
1,105,괴정,하선,노포행 7-3,좁음,직선
1,105,괴정,하선,노포행 8-1,좁음,직선
1,105,괴정,하선,노포행 8-2,좁음,직선
1,105,괴정,하선,노포행 8-3,좁음,직선
1,106,대티,상선,다대포해수욕장행 1-1,좁음,곡선
1,106,대티,상선,다대포해수욕장행 1-2,좁음,곡선
1,106,대티,상선,다대포해수욕장행 1-3,보통,곡선
1,106,대티,상선,다대포해수욕장행 2-1,좁음,곡선
1,106,대티,상선,다대포해수욕장행 2-2,좁음,곡선
1,106,대티,상선,다대포해수욕장행 2-3,좁음,곡선
1,106,대티,상선,다대포해수욕장행 3-1,보통,곡선
1,106,대티,상선,다대포해수욕장행 3-2,좁음,곡선
1,106,대티,상선,다대포해수욕장행 3-3,좁음,곡선
1,106,대티,상선,다대포해수욕장행 4-1,좁음,곡선
1,106,대티,상선,다대포해수욕장행 4-2,좁음,곡선
1,106,대티,상선,다대포해수욕장행 4-3,좁음,곡선
1,106,대티,상선,다대포해수욕장행 5-1,좁음,곡선
1,106,대티,상선,다대포해수욕장행 5-2,좁음,곡선
1,106,대티,상선,다대포해수욕장행 5-3,보통,곡선
1,106,대티,상선,다대포해수욕장행 6-1,보통,곡선
1,106,대티,상선,다대포해수욕장행 6-2,좁음,곡선
1,106,대티,상선,다대포해수욕장행 6-3,좁음,곡선
1,106,대티,상선,다대포해수욕장행 7-1,좁음,곡선
1,106,대티,상선,다대포해수욕장행 7-2,좁음,곡선
1,106,대티,상선,다대포해수욕장행 7-3,좁음,곡선
1,106,대티,상선,다대포해수욕장행 8-1,좁음,곡선
1,106,대티,상선,다대포해수욕장행 8-2,좁음,곡선
1,106,대티,상선,다대포해수욕장행 8-3,좁음,곡선
1,106,대티,하선,노포행 1-1,보통,곡선
1,106,대티,하선,노포행 1-2,보통,곡선
1,106,대티,하선,노포행 1-3,좁음,곡선
1,106,대티,하선,노포행 2-1,보통,곡선
1,106,대티,하선,노포행 2-2,보통,곡선
1,106,대티,하선,노포행 2-3,좁음,곡선
1,106,대티,하선,노포행 3-1,좁음,곡선
1,106,대티,하선,노포행 3-2,넓음,곡선
1,106,대티,하선,노포행 3-3,보통,곡선
1,106,대티,하선,노포행 4-1,좁음,곡선
1,106,대티,하선,노포행 4-2,보통,곡선
1,106,대티,하선,노포행 4-3,좁음,곡선
1,106,대티,하선,노포행 5-1,보통,곡선
1,106,대티,하선,노포행 5-2,보통,곡선
1,106,대티,하선,노포행 5-3,좁음,곡선
1,106,대티,하선,노포행 6-1,좁음,곡선
1,106,대티,하선,노포행 6-2,넓음,곡선
1,106,대티,하선,노포행 6-3,좁음,곡선
1,106,대티,하선,노포행 7-1,보통,곡선
1,106,대티,하선,노포행 7-2,넓음,곡선
1,106,대티,하선,노포행 7-3,좁음,곡선
1,106,대티,하선,노포행 8-1,보통,곡선
1,106,대티,하선,노포행 8-2,보통,곡선
1,106,대티,하선,노포행 8-3,좁음,곡선
1,107,서대신,상선,다대포해수욕장행 1-1,좁음,직선
1,107,서대신,상선,다대포해수욕장행 1-2,좁음,직선
1,107,서대신,상선,다대포해수욕장행 1-3,좁음,직선
1,107,서대신,상선,다대포해수욕장행 2-1,좁음,직선
1,107,서대신,상선,다대포해수욕장행 2-2,좁음,직선
1,107,서대신,상선,다대포해수욕장행 2-3,좁음,직선
1,107,서대신,상선,다대포해수욕장행 3-1,좁음,직선
1,107,서대신,상선,다대포해수욕장행 3-2,좁음,직선
1,107,서대신,상선,다대포해수욕장행 3-3,좁음,직선
1,107,서대신,상선,다대포해수욕장행 4-1,좁음,직선
1,107,서대신,상선,다대포해수욕장행 4-2,좁음,직선
1,107,서대신,상선,다대포해수욕장행 4-3,좁음,직선
1,107,서대신,상선,다대포해수욕장행 5-1,좁음,직선
1,107,서대신,상선,다대포해수욕장행 5-2,좁음,직선
1,107,서대신,상선,다대포해수욕장행 5-3,좁음,직선
1,107,서대신,상선,다대포해수욕장행 6-1,좁음,직선
1,107,서대신,상선,다대포해수욕장행 6-2,좁음,직선
1,107,서대신,상선,다대포해수욕장행 6-3,좁음,직선
1,107,서대신,상선,다대포해수욕장행 7-1,좁음,직선
1,107,서대신,상선,다대포해수욕장행 7-2,좁음,직선
1,107,서대신,상선,다대포해수욕장행 7-3,좁음,직선
1,107,서대신,상선,다대포해수욕장행 8-1,좁음,직선
1,107,서대신,상선,다대포해수욕장행 8-2,좁음,직선
1,107,서대신,상선,다대포해수욕장행 8-3,좁음,직선
1,107,서대신,하선,노포행 1-1,좁음,직선
1,107,서대신,하선,노포행 1-2,좁음,직선
1,107,서대신,하선,노포행 1-3,좁음,직선
1,107,서대신,하선,노포행 2-1,좁음,직선
1,107,서대신,하선,노포행 2-2,좁음,직선
1,107,서대신,하선,노포행 2-3,좁음,직선
1,107,서대신,하선,노포행 3-1,좁음,직선
1,107,서대신,하선,노포행 3-2,좁음,직선
1,107,서대신,하선,노포행 3-3,좁음,직선
1,107,서대신,하선,노포행 4-1,좁음,직선
1,107,서대신,하선,노포행 4-2,좁음,직선
1,107,서대신,하선,노포행 4-3,좁음,직선
1,107,서대신,하선,노포행 5-1,좁음,직선
1,107,서대신,하선,노포행 5-2,좁음,직선
1,107,서대신,하선,노포행 5-3,좁음,직선
1,107,서대신,하선,노포행 6-1,좁음,직선
1,107,서대신,하선,노포행 6-2,좁음,직선
1,107,서대신,하선,노포행 6-3,좁음,직선
1,107,서대신,하선,노포행 7-1,좁음,직선
1,107,서대신,하선,노포행 7-2,좁음,직선
1,107,서대신,하선,노포행 7-3,좁음,직선
1,107,서대신,하선,노포행 8-1,좁음,직선
1,107,서대신,하선,노포행 8-2,좁음,직선
1,107,서대신,하선,노포행 8-3,좁음,직선
1,108,동대신,상선,다대포해수욕장행 1-1,좁음,직선
1,108,동대신,상선,다대포해수욕장행 1-2,좁음,직선
1,108,동대신,상선,다대포해수욕장행 1-3,좁음,직선
1,108,동대신,상선,다대포해수욕장행 2-1,좁음,직선
1,108,동대신,상선,다대포해수욕장행 2-2,좁음,직선
1,108,동대신,상선,다대포해수욕장행 2-3,좁음,직선
1,108,동대신,상선,다대포해수욕장행 3-1,좁음,직선
1,108,동대신,상선,다대포해수욕장행 3-2,좁음,직선
1,108,동대신,상선,다대포해수욕장행 3-3,좁음,직선
1,108,동대신,상선,다대포해수욕장행 4-1,좁음,직선
1,108,동대신,상선,다대포해수욕장행 4-2,좁음,직선
1,108,동대신,상선,다대포해수욕장행 4-3,좁음,직선
1,108,동대신,상선,다대포해수욕장행 5-1,좁음,직선
1,108,동대신,상선,다대포해수욕장행 5-2,좁음,직선
1,108,동대신,상선,다대포해수욕장행 5-3,좁음,직선
1,108,동대신,상선,다대포해수욕장행 6-1,좁음,직선
1,108,동대신,상선,다대포해수욕장행 6-2,좁음,직선
1,108,동대신,상선,다대포해수욕장행 6-3,좁음,직선
1,108,동대신,상선,다대포해수욕장행 7-1,좁음,직선
1,108,동대신,상선,다대포해수욕장행 7-2,좁음,직선
1,108,동대신,상선,다대포해수욕장행 7-3,좁음,직선
1,108,동대신,상선,다대포해수욕장행 8-1,좁음,직선
1,108,동대신,상선,다대포해수욕장행 8-2,좁음,직선
1,108,동대신,상선,다대포해수욕장행 8-3,좁음,직선
1,108,동대신,하선,노포행 1-1,좁음,직선
1,108,동대신,하선,노포행 1-2,좁음,직선
1,108,동대신,하선,노포행 1-3,좁음,직선
1,108,동대신,하선,노포행 2-1,좁음,직선
1,108,동대신,하선,노포행 2-2,좁음,직선
1,108,동대신,하선,노포행 2-3,좁음,직선
1,108,동대신,하선,노포행 3-1,좁음,직선
1,108,동대신,하선,노포행 3-2,좁음,직선
1,108,동대신,하선,노포행 3-3,좁음,직선
1,108,동대신,하선,노포행 4-1,좁음,직선
1,108,동대신,하선,노포행 4-2,좁음,직선
1,108,동대신,하선,노포행 4-3,좁음,직선
1,108,동대신,하선,노포행 5-1,좁음,직선
1,108,동대신,하선,노포행 5-2,좁음,직선
1,108,동대신,하선,노포행 5-3,좁음,직선
1,108,동대신,하선,노포행 6-1,좁음,직선
1,108,동대신,하선,노포행 6-2,좁음,직선
1,108,동대신,하선,노포행 6-3,좁음,직선
1,108,동대신,하선,노포행 7-1,좁음,직선
1,108,동대신,하선,노포행 7-2,좁음,직선
1,108,동대신,하선,노포행 7-3,좁음,직선
1,108,동대신,하선,노포행 8-1,좁음,직선
1,108,동대신,하선,노포행 8-2,좁음,직선
1,108,동대신,하선,노포행 8-3,좁음,직선
1,109,토성,상선,다대포해수욕장행 1-1,좁음,직선
1,109,토성,상선,다대포해수욕장행 1-2,좁음,직선
1,109,토성,상선,다대포해수욕장행 1-3,좁음,직선
1,109,토성,상선,다대포해수욕장행 2-1,좁음,직선
1,109,토성,상선,다대포해수욕장행 2-2,좁음,직선
1,109,토성,상선,다대포해수욕장행 2-3,좁음,직선
1,109,토성,상선,다대포해수욕장행 3-1,좁음,직선
1,109,토성,상선,다대포해수욕장행 3-2,좁음,직선
1,109,토성,상선,다대포해수욕장행 3-3,좁음,직선
1,109,토성,상선,다대포해수욕장행 4-1,좁음,직선
1,109,토성,상선,다대포해수욕장행 4-2,좁음,직선
1,109,토성,상선,다대포해수욕장행 4-3,좁음,직선
1,109,토성,상선,다대포해수욕장행 5-1,좁음,직선
1,109,토성,상선,다대포해수욕장행 5-2,좁음,직선
1,109,토성,상선,다대포해수욕장행 5-3,좁음,직선
1,109,토성,상선,다대포해수욕장행 6-1,좁음,직선
1,109,토성,상선,다대포해수욕장행 6-2,좁음,직선
1,109,토성,상선,다대포해수욕장행 6-3,좁음,직선
1,109,토성,상선,다대포해수욕장행 7-1,좁음,직선
1,109,토성,상선,다대포해수욕장행 7-2,좁음,직선
1,109,토성,상선,다대포해수욕장행 7-3,좁음,직선
1,109,토성,상선,다대포해수욕장행 8-1,좁음,직선
1,109,토성,상선,다대포해수욕장행 8-2,좁음,직선
1,109,토성,상선,다대포해수욕장행 8-3,좁음,직선
1,109,토성,하선,노포행 1-1,좁음,직선
1,109,토성,하선,노포행 1-2,좁음,직선
1,109,토성,하선,노포행 1-3,좁음,직선
1,109,토성,하선,노포행 2-1,좁음,직선
1,109,토성,하선,노포행 2-2,좁음,직선
1,109,토성,하선,노포행 2-3,좁음,직선
1,109,토성,하선,노포행 3-1,좁음,직선
1,109,토성,하선,노포행 3-2,좁음,직선
1,109,토성,하선,노포행 3-3,좁음,직선
1,109,토성,하선,노포행 4-1,좁음,직선
1,109,토성,하선,노포행 4-2,좁음,직선
1,109,토성,하선,노포행 4-3,좁음,직선
1,109,토성,하선,노포행 5-1,좁음,직선
1,109,토성,하선,노포행 5-2,좁음,직선
1,109,토성,하선,노포행 5-3,좁음,직선
1,109,토성,하선,노포행 6-1,좁음,직선
1,109,토성,하선,노포행 6-2,좁음,직선
1,109,토성,하선,노포행 6-3,좁음,직선
1,109,토성,하선,노포행 7-1,좁음,직선
1,109,토성,하선,노포행 7-2,좁음,직선
1,109,토성,하선,노포행 7-3,좁음,직선
1,109,토성,하선,노포행 8-1,좁음,직선
1,109,토성,하선,노포행 8-2,좁음,직선
1,109,토성,하선,노포행 8-3,좁음,직선
1,110,자갈치,상선,다대포해수욕장행 1-1,좁음,직선
1,110,자갈치,상선,다대포해수욕장행 1-2,좁음,직선
1,110,자갈치,상선,다대포해수욕장행 1-3,좁음,직선
1,110,자갈치,상선,다대포해수욕장행 2-1,좁음,직선
1,110,자갈치,상선,다대포해수욕장행 2-2,좁음,직선
1,110,자갈치,상선,다대포해수욕장행 2-3,좁음,직선
1,110,자갈치,상선,다대포해수욕장행 3-1,좁음,직선
1,110,자갈치,상선,다대포해수욕장행 3-2,좁음,직선
1,110,자갈치,상선,다대포해수욕장행 3-3,좁음,직선
1,110,자갈치,상선,다대포해수욕장행 4-1,좁음,직선
1,110,자갈치,상선,다대포해수욕장행 4-2,좁음,직선
1,110,자갈치,상선,다대포해수욕장행 4-3,좁음,직선
1,110,자갈치,상선,다대포해수욕장행 5-1,좁음,직선
1,110,자갈치,상선,다대포해수욕장행 5-2,좁음,직선
1,110,자갈치,상선,다대포해수욕장행 5-3,좁음,직선
1,110,자갈치,상선,다대포해수욕장행 6-1,좁음,직선
1,110,자갈치,상선,다대포해수욕장행 6-2,좁음,직선
1,110,자갈치,상선,다대포해수욕장행 6-3,좁음,직선
1,110,자갈치,상선,다대포해수욕장행 7-1,좁음,직선
1,110,자갈치,상선,다대포해수욕장행 7-2,좁음,직선
1,110,자갈치,상선,다대포해수욕장행 7-3,좁음,직선
1,110,자갈치,상선,다대포해수욕장행 8-1,좁음,직선
1,110,자갈치,상선,다대포해수욕장행 8-2,좁음,직선
1,110,자갈치,상선,다대포해수욕장행 8-3,좁음,직선
1,110,자갈치,하선,노포행 1-1,좁음,직선
1,110,자갈치,하선,노포행 1-2,좁음,직선
1,110,자갈치,하선,노포행 1-3,좁음,직선
1,110,자갈치,하선,노포행 2-1,좁음,직선
1,110,자갈치,하선,노포행 2-2,좁음,직선
1,110,자갈치,하선,노포행 2-3,좁음,직선
1,110,자갈치,하선,노포행 3-1,좁음,직선
1,110,자갈치,하선,노포행 3-2,좁음,직선
1,110,자갈치,하선,노포행 3-3,좁음,직선
1,110,자갈치,하선,노포행 4-1,좁음,직선
1,110,자갈치,하선,노포행 4-2,좁음,직선
1,110,자갈치,하선,노포행 4-3,좁음,직선
1,110,자갈치,하선,노포행 5-1,좁음,직선
1,110,자갈치,하선,노포행 5-2,좁음,직선
1,110,자갈치,하선,노포행 5-3,좁음,직선
1,110,자갈치,하선,노포행 6-1,좁음,직선
1,110,자갈치,하선,노포행 6-2,좁음,직선
1,110,자갈치,하선,노포행 6-3,좁음,직선
1,110,자갈치,하선,노포행 7-1,좁음,직선
1,110,자갈치,하선,노포행 7-2,좁음,직선
1,110,자갈치,하선,노포행 7-3,좁음,직선
1,110,자갈치,하선,노포행 8-1,좁음,직선
1,110,자갈치,하선,노포행 8-2,좁음,직선
1,110,자갈치,하선,노포행 8-3,좁음,직선
1,111,남포,상선,다대포해수욕장행 1-1,보통,곡선
1,111,남포,상선,다대포해수욕장행 1-2,좁음,곡선
1,111,남포,상선,다대포해수욕장행 1-3,보통,곡선
1,111,남포,상선,다대포해수욕장행 2-1,보통,곡선
1,111,남포,상선,다대포해수욕장행 2-2,좁음,곡선
1,111,남포,상선,다대포해수욕장행 2-3,보통,곡선
1,111,남포,상선,다대포해수욕장행 3-1,보통,곡선
1,111,남포,상선,다대포해수욕장행 3-2,좁음,곡선
1,111,남포,상선,다대포해수욕장행 3-3,보통,곡선
1,111,남포,상선,다대포해수욕장행 4-1,보통,곡선
1,111,남포,상선,다대포해수욕장행 4-2,좁음,곡선
1,111,남포,상선,다대포해수욕장행 4-3,보통,곡선
1,111,남포,상선,다대포해수욕장행 5-1,보통,곡선
1,111,남포,상선,다대포해수욕장행 5-2,좁음,곡선
1,111,남포,상선,다대포해수욕장행 5-3,보통,곡선
1,111,남포,상선,다대포해수욕장행 6-1,보통,곡선
1,111,남포,상선,다대포해수욕장행 6-2,좁음,곡선
1,111,남포,상선,다대포해수욕장행 6-3,보통,곡선
1,111,남포,상선,다대포해수욕장행 7-1,보통,곡선
1,111,남포,상선,다대포해수욕장행 7-2,좁음,곡선
1,111,남포,상선,다대포해수욕장행 7-3,보통,곡선
1,111,남포,상선,다대포해수욕장행 8-1,보통,곡선
1,111,남포,상선,다대포해수욕장행 8-2,좁음,곡선
1,111,남포,상선,다대포해수욕장행 8-3,보통,곡선
1,111,남포,하선,노포행 1-1,보통,곡선
1,111,남포,하선,노포행 1-2,넓음,곡선
1,111,남포,하선,노포행 1-3,보통,곡선
1,111,남포,하선,노포행 2-1,보통,곡선
1,111,남포,하선,노포행 2-2,넓음,곡선
1,111,남포,하선,노포행 2-3,보통,곡선
1,111,남포,하선,노포행 3-1,보통,곡선
1,111,남포,하선,노포행 3-2,넓음,곡선
1,111,남포,하선,노포행 3-3,보통,곡선
1,111,남포,하선,노포행 4-1,보통,곡선
1,111,남포,하선,노포행 4-2,넓음,곡선
1,111,남포,하선,노포행 4-3,보통,곡선
1,111,남포,하선,노포행 5-1,보통,곡선
1,111,남포,하선,노포행 5-2,넓음,곡선
1,111,남포,하선,노포행 5-3,보통,곡선
1,111,남포,하선,노포행 6-1,보통,곡선
1,111,남포,하선,노포행 6-2,넓음,곡선
1,111,남포,하선,노포행 6-3,보통,곡선
1,111,남포,하선,노포행 7-1,보통,곡선
1,111,남포,하선,노포행 7-2,넓음,곡선
1,111,남포,하선,노포행 7-3,보통,곡선
1,111,남포,하선,노포행 8-1,보통,곡선
1,111,남포,하선,노포행 8-2,넓음,곡선
1,111,남포,하선,노포행 8-3,넓음,곡선
1,112,중앙,상선,다대포해수욕장행 1-1,좁음,직선
1,112,중앙,상선,다대포해수욕장행 1-2,좁음,직선
1,112,중앙,상선,다대포해수욕장행 1-3,좁음,직선
1,112,중앙,상선,다대포해수욕장행 2-1,좁음,직선
1,112,중앙,상선,다대포해수욕장행 2-2,좁음,직선
1,112,중앙,상선,다대포해수욕장행 2-3,좁음,직선
1,112,중앙,상선,다대포해수욕장행 3-1,좁음,직선
1,112,중앙,상선,다대포해수욕장행 3-2,좁음,직선
1,112,중앙,상선,다대포해수욕장행 3-3,좁음,직선
1,112,중앙,상선,다대포해수욕장행 4-1,좁음,직선
1,112,중앙,상선,다대포해수욕장행 4-2,좁음,직선
1,112,중앙,상선,다대포해수욕장행 4-3,좁음,직선
1,112,중앙,상선,다대포해수욕장행 5-1,좁음,직선
1,112,중앙,상선,다대포해수욕장행 5-2,좁음,직선
1,112,중앙,상선,다대포해수욕장행 5-3,좁음,직선
1,112,중앙,상선,다대포해수욕장행 6-1,좁음,직선
1,112,중앙,상선,다대포해수욕장행 6-2,좁음,직선
1,112,중앙,상선,다대포해수욕장행 6-3,좁음,직선
1,112,중앙,상선,다대포해수욕장행 7-1,좁음,직선
1,112,중앙,상선,다대포해수욕장행 7-2,좁음,직선
1,112,중앙,상선,다대포해수욕장행 7-3,좁음,직선
1,112,중앙,상선,다대포해수욕장행 8-1,좁음,직선
1,112,중앙,상선,다대포해수욕장행 8-2,좁음,직선
1,112,중앙,상선,다대포해수욕장행 8-3,좁음,직선
1,112,중앙,하선,노포행 1-1,좁음,직선
1,112,중앙,하선,노포행 1-2,좁음,직선
1,112,중앙,하선,노포행 1-3,좁음,직선
1,112,중앙,하선,노포행 2-1,좁음,직선
1,112,중앙,하선,노포행 2-2,좁음,직선
1,112,중앙,하선,노포행 2-3,좁음,직선
1,112,중앙,하선,노포행 3-1,좁음,직선
1,112,중앙,하선,노포행 3-2,좁음,직선
1,112,중앙,하선,노포행 3-3,좁음,직선
1,112,중앙,하선,노포행 4-1,좁음,직선
1,112,중앙,하선,노포행 4-2,좁음,직선
1,112,중앙,하선,노포행 4-3,좁음,직선
1,112,중앙,하선,노포행 5-1,좁음,직선
1,112,중앙,하선,노포행 5-2,좁음,직선
1,112,중앙,하선,노포행 5-3,좁음,직선
1,112,중앙,하선,노포행 6-1,좁음,직선
1,112,중앙,하선,노포행 6-2,좁음,직선
1,112,중앙,하선,노포행 6-3,좁음,직선
1,112,중앙,하선,노포행 7-1,좁음,직선
1,112,중앙,하선,노포행 7-2,좁음,직선
1,112,중앙,하선,노포행 7-3,좁음,직선
1,112,중앙,하선,노포행 8-1,좁음,직선
1,112,중앙,하선,노포행 8-2,좁음,직선
1,112,중앙,하선,노포행 8-3,좁음,직선
1,113,부산역,상선,다대포해수욕장행 1-1,좁음,직선
1,113,부산역,상선,다대포해수욕장행 1-2,좁음,직선
1,113,부산역,상선,다대포해수욕장행 1-3,좁음,직선
1,113,부산역,상선,다대포해수욕장행 2-1,좁음,직선
1,113,부산역,상선,다대포해수욕장행 2-2,좁음,직선
1,113,부산역,상선,다대포해수욕장행 2-3,좁음,직선
1,113,부산역,상선,다대포해수욕장행 3-1,좁음,직선
1,113,부산역,상선,다대포해수욕장행 3-2,좁음,직선
1,113,부산역,상선,다대포해수욕장행 3-3,좁음,직선
1,113,부산역,상선,다대포해수욕장행 4-1,좁음,직선
1,113,부산역,상선,다대포해수욕장행 4-2,좁음,직선
1,113,부산역,상선,다대포해수욕장행 4-3,좁음,직선
1,113,부산역,상선,다대포해수욕장행 5-1,좁음,직선
1,113,부산역,상선,다대포해수욕장행 5-2,좁음,직선
1,113,부산역,상선,다대포해수욕장행 5-3,좁음,직선
1,113,부산역,상선,다대포해수욕장행 6-1,좁음,직선
1,113,부산역,상선,다대포해수욕장행 6-2,좁음,직선
1,113,부산역,상선,다대포해수욕장행 6-3,좁음,직선
1,113,부산역,상선,다대포해수욕장행 7-1,좁음,직선
1,113,부산역,상선,다대포해수욕장행 7-2,좁음,직선
1,113,부산역,상선,다대포해수욕장행 7-3,좁음,직선
1,113,부산역,상선,다대포해수욕장행 8-1,좁음,직선
1,113,부산역,상선,다대포해수욕장행 8-2,좁음,직선
1,113,부산역,상선,다대포해수욕장행 8-3,좁음,직선
1,113,부산역,하선,노포행 1-1,좁음,직선
1,113,부산역,하선,노포행 1-2,좁음,직선
1,113,부산역,하선,노포행 1-3,좁음,직선
1,113,부산역,하선,노포행 2-1,좁음,직선
1,113,부산역,하선,노포행 2-2,좁음,직선
1,113,부산역,하선,노포행 2-3,좁음,직선
1,113,부산역,하선,노포행 3-1,좁음,직선
1,113,부산역,하선,노포행 3-2,좁음,직선
1,113,부산역,하선,노포행 3-3,좁음,직선
1,113,부산역,하선,노포행 4-1,좁음,직선
1,113,부산역,하선,노포행 4-2,좁음,직선
1,113,부산역,하선,노포행 4-3,좁음,직선
1,113,부산역,하선,노포행 5-1,좁음,직선
1,113,부산역,하선,노포행 5-2,좁음,직선
1,113,부산역,하선,노포행 5-3,좁음,직선
1,113,부산역,하선,노포행 6-1,좁음,직선
1,113,부산역,하선,노포행 6-2,좁음,직선
1,113,부산역,하선,노포행 6-3,좁음,직선
1,113,부산역,하선,노포행 7-1,좁음,직선
1,113,부산역,하선,노포행 7-2,좁음,직선
1,113,부산역,하선,노포행 7-3,좁음,직선
1,113,부산역,하선,노포행 8-1,좁음,직선
1,113,부산역,하선,노포행 8-2,좁음,직선
1,113,부산역,하선,노포행 8-3,좁음,직선
1,114,초량,상선,다대포해수욕장행 1-1,좁음,직선
1,114,초량,상선,다대포해수욕장행 1-2,좁음,직선
1,114,초량,상선,다대포해수욕장행 1-3,좁음,직선
1,114,초량,상선,다대포해수욕장행 2-1,좁음,직선
1,114,초량,상선,다대포해수욕장행 2-2,좁음,직선
1,114,초량,상선,다대포해수욕장행 2-3,좁음,직선
1,114,초량,상선,다대포해수욕장행 3-1,좁음,직선
1,114,초량,상선,다대포해수욕장행 3-2,좁음,직선
1,114,초량,상선,다대포해수욕장행 3-3,좁음,직선
1,114,초량,상선,다대포해수욕장행 4-1,좁음,직선
1,114,초량,상선,다대포해수욕장행 4-2,좁음,직선
1,114,초량,상선,다대포해수욕장행 4-3,좁음,직선
1,114,초량,상선,다대포해수욕장행 5-1,좁음,직선
1,114,초량,상선,다대포해수욕장행 5-2,좁음,직선
1,114,초량,상선,다대포해수욕장행 5-3,좁음,직선
1,114,초량,상선,다대포해수욕장행 6-1,좁음,직선
1,114,초량,상선,다대포해수욕장행 6-2,좁음,직선
1,114,초량,상선,다대포해수욕장행 6-3,좁음,직선
1,114,초량,상선,다대포해수욕장행 7-1,좁음,직선
1,114,초량,상선,다대포해수욕장행 7-2,좁음,직선
1,114,초량,상선,다대포해수욕장행 7-3,좁음,직선
1,114,초량,상선,다대포해수욕장행 8-1,좁음,직선
1,114,초량,상선,다대포해수욕장행 8-2,좁음,직선
1,114,초량,상선,다대포해수욕장행 8-3,좁음,직선
1,114,초량,하선,노포행 1-1,좁음,직선
1,114,초량,하선,노포행 1-2,좁음,직선
1,114,초량,하선,노포행 1-3,좁음,직선
1,114,초량,하선,노포행 2-1,좁음,직선
1,114,초량,하선,노포행 2-2,좁음,직선
1,114,초량,하선,노포행 2-3,좁음,직선
1,114,초량,하선,노포행 3-1,좁음,직선
1,114,초량,하선,노포행 3-2,좁음,직선
1,114,초량,하선,노포행 3-3,좁음,직선
1,114,초량,하선,노포행 4-1,좁음,직선
1,114,초량,하선,노포행 4-2,좁음,직선
1,114,초량,하선,노포행 4-3,좁음,직선
1,114,초량,하선,노포행 5-1,좁음,직선
1,114,초량,하선,노포행 5-2,좁음,직선
1,114,초량,하선,노포행 5-3,좁음,직선
1,114,초량,하선,노포행 6-1,좁음,직선
1,114,초량,하선,노포행 6-2,좁음,직선
1,114,초량,하선,노포행 6-3,좁음,직선
1,114,초량,하선,노포행 7-1,좁음,직선
1,114,초량,하선,노포행 7-2,좁음,직선
1,114,초량,하선,노포행 7-3,좁음,직선
1,114,초량,하선,노포행 8-1,좁음,직선
1,114,초량,하선,노포행 8-2,좁음,직선
1,114,초량,하선,노포행 8-3,좁음,직선
1,115,부산진,상선,다대포해수욕장행 1-1,좁음,직선
1,115,부산진,상선,다대포해수욕장행 1-2,좁음,직선
1,115,부산진,상선,다대포해수욕장행 1-3,좁음,직선
1,115,부산진,상선,다대포해수욕장행 2-1,좁음,직선
1,115,부산진,상선,다대포해수욕장행 2-2,좁음,직선
1,115,부산진,상선,다대포해수욕장행 2-3,좁음,직선
1,115,부산진,상선,다대포해수욕장행 3-1,좁음,직선
1,115,부산진,상선,다대포해수욕장행 3-2,좁음,직선
1,115,부산진,상선,다대포해수욕장행 3-3,좁음,직선
1,115,부산진,상선,다대포해수욕장행 4-1,좁음,직선
1,115,부산진,상선,다대포해수욕장행 4-2,좁음,직선
1,115,부산진,상선,다대포해수욕장행 4-3,좁음,직선
1,115,부산진,상선,다대포해수욕장행 5-1,좁음,직선
1,115,부산진,상선,다대포해수욕장행 5-2,좁음,직선
1,115,부산진,상선,다대포해수욕장행 5-3,좁음,직선
1,115,부산진,상선,다대포해수욕장행 6-1,좁음,직선
1,115,부산진,상선,다대포해수욕장행 6-2,좁음,직선
1,115,부산진,상선,다대포해수욕장행 6-3,좁음,직선
1,115,부산진,상선,다대포해수욕장행 7-1,좁음,직선
1,115,부산진,상선,다대포해수욕장행 7-2,좁음,직선
1,115,부산진,상선,다대포해수욕장행 7-3,좁음,직선
1,115,부산진,상선,다대포해수욕장행 8-1,좁음,직선
1,115,부산진,상선,다대포해수욕장행 8-2,좁음,직선
1,115,부산진,상선,다대포해수욕장행 8-3,좁음,직선
1,115,부산진,하선,노포행 1-1,좁음,직선
1,115,부산진,하선,노포행 1-2,좁음,직선
1,115,부산진,하선,노포행 1-3,좁음,직선
1,115,부산진,하선,노포행 2-1,좁음,직선
1,115,부산진,하선,노포행 2-2,좁음,직선
1,115,부산진,하선,노포행 2-3,좁음,직선
1,115,부산진,하선,노포행 3-1,좁음,직선
1,115,부산진,하선,노포행 3-2,좁음,직선
1,115,부산진,하선,노포행 3-3,좁음,직선
1,115,부산진,하선,노포행 4-1,좁음,직선
1,115,부산진,하선,노포행 4-2,좁음,직선
1,115,부산진,하선,노포행 4-3,좁음,직선
1,115,부산진,하선,노포행 5-1,좁음,직선
1,115,부산진,하선,노포행 5-2,좁음,직선
1,115,부산진,하선,노포행 5-3,좁음,직선
1,115,부산진,하선,노포행 6-1,좁음,직선
1,115,부산진,하선,노포행 6-2,좁음,직선
1,115,부산진,하선,노포행 6-3,좁음,직선
1,115,부산진,하선,노포행 7-1,좁음,직선
1,115,부산진,하선,노포행 7-2,좁음,직선
1,115,부산진,하선,노포행 7-3,좁음,직선
1,115,부산진,하선,노포행 8-1,좁음,직선
1,115,부산진,하선,노포행 8-2,좁음,직선
1,115,부산진,하선,노포행 8-3,좁음,직선
1,116,좌천,상선,다대포해수욕장행 1-1,좁음,직선
1,116,좌천,상선,다대포해수욕장행 1-2,좁음,직선
1,116,좌천,상선,다대포해수욕장행 1-3,좁음,직선
1,116,좌천,상선,다대포해수욕장행 2-1,좁음,직선
1,116,좌천,상선,다대포해수욕장행 2-2,좁음,직선
1,116,좌천,상선,다대포해수욕장행 2-3,좁음,직선
1,116,좌천,상선,다대포해수욕장행 3-1,좁음,직선
1,116,좌천,상선,다대포해수욕장행 3-2,좁음,직선
1,116,좌천,상선,다대포해수욕장행 3-3,좁음,직선
1,116,좌천,상선,다대포해수욕장행 4-1,좁음,직선
1,116,좌천,상선,다대포해수욕장행 4-2,좁음,직선
1,116,좌천,상선,다대포해수욕장행 4-3,좁음,직선
1,116,좌천,상선,다대포해수욕장행 5-1,좁음,직선
1,116,좌천,상선,다대포해수욕장행 5-2,좁음,직선
1,116,좌천,상선,다대포해수욕장행 5-3,좁음,직선
1,116,좌천,상선,다대포해수욕장행 6-1,좁음,직선
1,116,좌천,상선,다대포해수욕장행 6-2,좁음,직선
1,116,좌천,상선,다대포해수욕장행 6-3,좁음,직선
1,116,좌천,상선,다대포해수욕장행 7-1,좁음,직선
1,116,좌천,상선,다대포해수욕장행 7-2,좁음,직선
1,116,좌천,상선,다대포해수욕장행 7-3,좁음,직선
1,116,좌천,상선,다대포해수욕장행 8-1,좁음,직선
1,116,좌천,상선,다대포해수욕장행 8-2,좁음,직선
1,116,좌천,상선,다대포해수욕장행 8-3,좁음,직선
1,116,좌천,하선,노포행 1-1,좁음,직선
1,116,좌천,하선,노포행 1-2,좁음,직선
1,116,좌천,하선,노포행 1-3,좁음,직선
1,116,좌천,하선,노포행 2-1,좁음,직선
1,116,좌천,하선,노포행 2-2,좁음,직선
1,116,좌천,하선,노포행 2-3,좁음,직선
1,116,좌천,하선,노포행 3-1,좁음,직선
1,116,좌천,하선,노포행 3-2,좁음,직선
1,116,좌천,하선,노포행 3-3,좁음,직선
1,116,좌천,하선,노포행 4-1,좁음,직선
1,116,좌천,하선,노포행 4-2,좁음,직선
1,116,좌천,하선,노포행 4-3,좁음,직선
1,116,좌천,하선,노포행 5-1,좁음,직선
1,116,좌천,하선,노포행 5-2,좁음,직선
1,116,좌천,하선,노포행 5-3,좁음,직선
1,116,좌천,하선,노포행 6-1,좁음,직선
1,116,좌천,하선,노포행 6-2,좁음,직선
1,116,좌천,하선,노포행 6-3,좁음,직선
1,116,좌천,하선,노포행 7-1,좁음,직선
1,116,좌천,하선,노포행 7-2,좁음,직선
1,116,좌천,하선,노포행 7-3,좁음,직선
1,116,좌천,하선,노포행 8-1,좁음,직선
1,116,좌천,하선,노포행 8-2,좁음,직선
1,116,좌천,하선,노포행 8-3,좁음,직선
1,117,범일,상선,다대포해수욕장행 1-1,좁음,직선
1,117,범일,상선,다대포해수욕장행 1-2,좁음,직선
1,117,범일,상선,다대포해수욕장행 1-3,좁음,직선
1,117,범일,상선,다대포해수욕장행 2-1,좁음,직선
1,117,범일,상선,다대포해수욕장행 2-2,좁음,직선
1,117,범일,상선,다대포해수욕장행 2-3,좁음,직선
1,117,범일,상선,다대포해수욕장행 3-1,좁음,직선
1,117,범일,상선,다대포해수욕장행 3-2,좁음,직선
1,117,범일,상선,다대포해수욕장행 3-3,좁음,직선
1,117,범일,상선,다대포해수욕장행 4-1,좁음,직선
1,117,범일,상선,다대포해수욕장행 4-2,좁음,직선
1,117,범일,상선,다대포해수욕장행 4-3,좁음,직선
1,117,범일,상선,다대포해수욕장행 5-1,좁음,직선
1,117,범일,상선,다대포해수욕장행 5-2,좁음,직선
1,117,범일,상선,다대포해수욕장행 5-3,좁음,직선
1,117,범일,상선,다대포해수욕장행 6-1,좁음,직선
1,117,범일,상선,다대포해수욕장행 6-2,좁음,직선
1,117,범일,상선,다대포해수욕장행 6-3,좁음,직선
1,117,범일,상선,다대포해수욕장행 7-1,좁음,직선
1,117,범일,상선,다대포해수욕장행 7-2,좁음,직선
1,117,범일,상선,다대포해수욕장행 7-3,좁음,직선
1,117,범일,상선,다대포해수욕장행 8-1,좁음,직선
1,117,범일,상선,다대포해수욕장행 8-2,좁음,직선
1,117,범일,상선,다대포해수욕장행 8-3,좁음,직선
1,117,범일,하선,노포행 1-1,좁음,직선
1,117,범일,하선,노포행 1-2,좁음,직선
1,117,범일,하선,노포행 1-3,좁음,직선
1,117,범일,하선,노포행 2-1,좁음,직선
1,117,범일,하선,노포행 2-2,좁음,직선
1,117,범일,하선,노포행 2-3,좁음,직선
1,117,범일,하선,노포행 3-1,좁음,직선
1,117,범일,하선,노포행 3-2,좁음,직선
1,117,범일,하선,노포행 3-3,좁음,직선
1,117,범일,하선,노포행 4-1,좁음,직선
1,117,범일,하선,노포행 4-2,좁음,직선
1,117,범일,하선,노포행 4-3,좁음,직선
1,117,범일,하선,노포행 5-1,좁음,직선
1,117,범일,하선,노포행 5-2,좁음,직선
1,117,범일,하선,노포행 5-3,좁음,직선
1,117,범일,하선,노포행 6-1,좁음,직선
1,117,범일,하선,노포행 6-2,좁음,직선
1,117,범일,하선,노포행 6-3,좁음,직선
1,117,범일,하선,노포행 7-1,좁음,직선
1,117,범일,하선,노포행 7-2,좁음,직선
1,117,범일,하선,노포행 7-3,좁음,직선
1,117,범일,하선,노포행 8-1,좁음,직선
1,117,범일,하선,노포행 8-2,좁음,직선
1,117,범일,하선,노포행 8-3,좁음,직선
1,118,범내골,상선,다대포해수욕장행 1-1,좁음,직선
1,118,범내골,상선,다대포해수욕장행 1-2,좁음,직선
1,118,범내골,상선,다대포해수욕장행 1-3,좁음,직선
1,118,범내골,상선,다대포해수욕장행 2-1,좁음,직선
1,118,범내골,상선,다대포해수욕장행 2-2,좁음,직선
1,118,범내골,상선,다대포해수욕장행 2-3,좁음,직선
1,118,범내골,상선,다대포해수욕장행 3-1,좁음,직선
1,118,범내골,상선,다대포해수욕장행 3-2,좁음,직선
1,118,범내골,상선,다대포해수욕장행 3-3,좁음,직선
1,118,범내골,상선,다대포해수욕장행 4-1,좁음,직선
1,118,범내골,상선,다대포해수욕장행 4-2,좁음,직선
1,118,범내골,상선,다대포해수욕장행 4-3,좁음,직선
1,118,범내골,상선,다대포해수욕장행 5-1,좁음,직선
1,118,범내골,상선,다대포해수욕장행 5-2,좁음,직선
1,118,범내골,상선,다대포해수욕장행 5-3,좁음,직선
1,118,범내골,상선,다대포해수욕장행 6-1,좁음,직선
1,118,범내골,상선,다대포해수욕장행 6-2,좁음,직선
1,118,범내골,상선,다대포해수욕장행 6-3,좁음,직선
1,118,범내골,상선,다대포해수욕장행 7-1,좁음,직선
1,118,범내골,상선,다대포해수욕장행 7-2,좁음,직선
1,118,범내골,상선,다대포해수욕장행 7-3,좁음,직선
1,118,범내골,상선,다대포해수욕장행 8-1,좁음,직선
1,118,범내골,상선,다대포해수욕장행 8-2,좁음,직선
1,118,범내골,상선,다대포해수욕장행 8-3,좁음,직선
1,118,범내골,하선,노포행 1-1,좁음,직선
1,118,범내골,하선,노포행 1-2,좁음,직선
1,118,범내골,하선,노포행 1-3,좁음,직선
1,118,범내골,하선,노포행 2-1,좁음,직선
1,118,범내골,하선,노포행 2-2,좁음,직선
1,118,범내골,하선,노포행 2-3,좁음,직선
1,118,범내골,하선,노포행 3-1,좁음,직선
1,118,범내골,하선,노포행 3-2,좁음,직선
1,118,범내골,하선,노포행 3-3,좁음,직선
1,118,범내골,하선,노포행 4-1,좁음,직선
1,118,범내골,하선,노포행 4-2,좁음,직선
1,118,범내골,하선,노포행 4-3,좁음,직선
1,118,범내골,하선,노포행 5-1,좁음,직선
1,118,범내골,하선,노포행 5-2,좁음,직선
1,118,범내골,하선,노포행 5-3,좁음,직선
1,118,범내골,하선,노포행 6-1,좁음,직선
1,118,범내골,하선,노포행 6-2,좁음,직선
1,118,범내골,하선,노포행 6-3,좁음,직선
1,118,범내골,하선,노포행 7-1,좁음,직선
1,118,범내골,하선,노포행 7-2,좁음,직선
1,118,범내골,하선,노포행 7-3,좁음,직선
1,118,범내골,하선,노포행 8-1,좁음,직선
1,118,범내골,하선,노포행 8-2,좁음,직선
1,118,범내골,하선,노포행 8-3,좁음,직선
1,119,1서면,상선,다대포해수욕장행 1-1,보통,곡선
1,119,1서면,상선,다대포해수욕장행 1-2,보통,곡선
1,119,1서면,상선,다대포해수욕장행 1-3,보통,곡선
1,119,1서면,상선,다대포해수욕장행 2-1,보통,곡선
1,119,1서면,상선,다대포해수욕장행 2-2,넓음,곡선
1,119,1서면,상선,다대포해수욕장행 2-3,보통,곡선
1,119,1서면,상선,다대포해수욕장행 3-1,보통,곡선
1,119,1서면,상선,다대포해수욕장행 3-2,보통,곡선
1,119,1서면,상선,다대포해수욕장행 3-3,보통,곡선
1,119,1서면,상선,다대포해수욕장행 4-1,보통,곡선
1,119,1서면,상선,다대포해수욕장행 4-2,넓음,곡선
1,119,1서면,상선,다대포해수욕장행 4-3,보통,곡선
1,119,1서면,상선,다대포해수욕장행 5-1,보통,곡선
1,119,1서면,상선,다대포해수욕장행 5-2,넓음,곡선
1,119,1서면,상선,다대포해수욕장행 5-3,보통,곡선
1,119,1서면,상선,다대포해수욕장행 6-1,보통,곡선
1,119,1서면,상선,다대포해수욕장행 6-2,좁음,곡선
1,119,1서면,상선,다대포해수욕장행 6-3,넓음,곡선
1,119,1서면,상선,다대포해수욕장행 7-1,넓음,곡선
1,119,1서면,상선,다대포해수욕장행 7-2,넓음,곡선
1,119,1서면,상선,다대포해수욕장행 7-3,보통,곡선
1,119,1서면,상선,다대포해수욕장행 8-1,보통,곡선
1,119,1서면,상선,다대포해수욕장행 8-2,넓음,곡선
1,119,1서면,상선,다대포해수욕장행 8-3,넓음,곡선
1,119,1서면,하선,노포행 1-1,좁음,곡선
1,119,1서면,하선,노포행 1-2,좁음,곡선
1,119,1서면,하선,노포행 1-3,좁음,곡선
1,119,1서면,하선,노포행 2-1,좁음,곡선
1,119,1서면,하선,노포행 2-2,좁음,곡선
1,119,1서면,하선,노포행 2-3,좁음,곡선
1,119,1서면,하선,노포행 3-1,좁음,곡선
1,119,1서면,하선,노포행 3-2,좁음,곡선
1,119,1서면,하선,노포행 3-3,좁음,곡선
1,119,1서면,하선,노포행 4-1,좁음,곡선
1,119,1서면,하선,노포행 4-2,좁음,곡선
1,119,1서면,하선,노포행 4-3,좁음,곡선
1,119,1서면,하선,노포행 5-1,좁음,곡선
1,119,1서면,하선,노포행 5-2,좁음,곡선
1,119,1서면,하선,노포행 5-3,보통,곡선
1,119,1서면,하선,노포행 6-1,좁음,곡선
1,119,1서면,하선,노포행 6-2,좁음,곡선
1,119,1서면,하선,노포행 6-3,보통,곡선
1,119,1서면,하선,노포행 7-1,보통,곡선
1,119,1서면,하선,노포행 7-2,보통,곡선
1,119,1서면,하선,노포행 7-3,좁음,곡선
1,119,1서면,하선,노포행 8-1,좁음,곡선
1,119,1서면,하선,노포행 8-2,좁음,곡선
1,119,1서면,하선,노포행 8-3,좁음,곡선
1,120,부전,상선,다대포해수욕장행 1-1,좁음,직선
1,120,부전,상선,다대포해수욕장행 1-2,좁음,직선
1,120,부전,상선,다대포해수욕장행 1-3,좁음,직선
1,120,부전,상선,다대포해수욕장행 2-1,좁음,직선
1,120,부전,상선,다대포해수욕장행 2-2,좁음,직선
1,120,부전,상선,다대포해수욕장행 2-3,좁음,직선
1,120,부전,상선,다대포해수욕장행 3-1,좁음,직선
1,120,부전,상선,다대포해수욕장행 3-2,좁음,직선
1,120,부전,상선,다대포해수욕장행 3-3,좁음,직선
1,120,부전,상선,다대포해수욕장행 4-1,좁음,직선
1,120,부전,상선,다대포해수욕장행 4-2,좁음,직선
1,120,부전,상선,다대포해수욕장행 4-3,좁음,직선
1,120,부전,상선,다대포해수욕장행 5-1,좁음,직선
1,120,부전,상선,다대포해수욕장행 5-2,좁음,직선
1,120,부전,상선,다대포해수욕장행 5-3,좁음,직선
1,120,부전,상선,다대포해수욕장행 6-1,좁음,직선
1,120,부전,상선,다대포해수욕장행 6-2,좁음,직선
1,120,부전,상선,다대포해수욕장행 6-3,좁음,직선
1,120,부전,상선,다대포해수욕장행 7-1,좁음,직선
1,120,부전,상선,다대포해수욕장행 7-2,좁음,직선
1,120,부전,상선,다대포해수욕장행 7-3,좁음,직선
1,120,부전,상선,다대포해수욕장행 8-1,좁음,직선
1,120,부전,상선,다대포해수욕장행 8-2,좁음,직선
1,120,부전,상선,다대포해수욕장행 8-3,좁음,직선
1,120,부전,하선,노포행 1-1,좁음,직선
1,120,부전,하선,노포행 1-2,좁음,직선
1,120,부전,하선,노포행 1-3,좁음,직선
1,120,부전,하선,노포행 2-1,좁음,직선
1,120,부전,하선,노포행 2-2,좁음,직선
1,120,부전,하선,노포행 2-3,좁음,직선
1,120,부전,하선,노포행 3-1,좁음,직선
1,120,부전,하선,노포행 3-2,좁음,직선
1,120,부전,하선,노포행 3-3,좁음,직선
1,120,부전,하선,노포행 4-1,좁음,직선
1,120,부전,하선,노포행 4-2,좁음,직선
1,120,부전,하선,노포행 4-3,좁음,직선
1,120,부전,하선,노포행 5-1,좁음,직선
1,120,부전,하선,노포행 5-2,좁음,직선
1,120,부전,하선,노포행 5-3,좁음,직선
1,120,부전,하선,노포행 6-1,좁음,직선
1,120,부전,하선,노포행 6-2,좁음,직선
1,120,부전,하선,노포행 6-3,좁음,직선
1,120,부전,하선,노포행 7-1,좁음,직선
1,120,부전,하선,노포행 7-2,좁음,직선
1,120,부전,하선,노포행 7-3,좁음,직선
1,120,부전,하선,노포행 8-1,좁음,직선
1,120,부전,하선,노포행 8-2,좁음,직선
1,120,부전,하선,노포행 8-3,좁음,직선
1,121,양정,상선,다대포해수욕장행 1-1,좁음,직선
1,121,양정,상선,다대포해수욕장행 1-2,좁음,직선
1,121,양정,상선,다대포해수욕장행 1-3,좁음,직선
1,121,양정,상선,다대포해수욕장행 2-1,좁음,직선
1,121,양정,상선,다대포해수욕장행 2-2,좁음,직선
1,121,양정,상선,다대포해수욕장행 2-3,좁음,직선
1,121,양정,상선,다대포해수욕장행 3-1,좁음,직선
1,121,양정,상선,다대포해수욕장행 3-2,좁음,직선
1,121,양정,상선,다대포해수욕장행 3-3,좁음,직선
1,121,양정,상선,다대포해수욕장행 4-1,좁음,직선
1,121,양정,상선,다대포해수욕장행 4-2,좁음,직선
1,121,양정,상선,다대포해수욕장행 4-3,좁음,직선
1,121,양정,상선,다대포해수욕장행 5-1,좁음,직선
1,121,양정,상선,다대포해수욕장행 5-2,좁음,직선
1,121,양정,상선,다대포해수욕장행 5-3,좁음,직선
1,121,양정,상선,다대포해수욕장행 6-1,좁음,직선
1,121,양정,상선,다대포해수욕장행 6-2,좁음,직선
1,121,양정,상선,다대포해수욕장행 6-3,좁음,직선
1,121,양정,상선,다대포해수욕장행 7-1,좁음,직선
1,121,양정,상선,다대포해수욕장행 7-2,좁음,직선
1,121,양정,상선,다대포해수욕장행 7-3,좁음,직선
1,121,양정,상선,다대포해수욕장행 8-1,좁음,직선
1,121,양정,상선,다대포해수욕장행 8-2,좁음,직선
1,121,양정,상선,다대포해수욕장행 8-3,좁음,직선
1,121,양정,하선,노포행 1-1,좁음,직선
1,121,양정,하선,노포행 1-2,좁음,직선
1,121,양정,하선,노포행 1-3,좁음,직선
1,121,양정,하선,노포행 2-1,좁음,직선
1,121,양정,하선,노포행 2-2,좁음,직선
1,121,양정,하선,노포행 2-3,좁음,직선
1,121,양정,하선,노포행 3-1,좁음,직선
1,121,양정,하선,노포행 3-2,좁음,직선
1,121,양정,하선,노포행 3-3,좁음,직선
1,121,양정,하선,노포행 4-1,좁음,직선
1,121,양정,하선,노포행 4-2,좁음,직선
1,121,양정,하선,노포행 4-3,좁음,직선
1,121,양정,하선,노포행 5-1,좁음,직선
1,121,양정,하선,노포행 5-2,좁음,직선
1,121,양정,하선,노포행 5-3,좁음,직선
1,121,양정,하선,노포행 6-1,좁음,직선
1,121,양정,하선,노포행 6-2,좁음,직선
1,121,양정,하선,노포행 6-3,좁음,직선
1,121,양정,하선,노포행 7-1,좁음,직선
1,121,양정,하선,노포행 7-2,좁음,직선
1,121,양정,하선,노포행 7-3,좁음,직선
1,121,양정,하선,노포행 8-1,좁음,직선
1,121,양정,하선,노포행 8-2,좁음,직선
1,121,양정,하선,노포행 8-3,좁음,직선
1,122,시청,상선,다대포해수욕장행 1-1,좁음,직선
1,122,시청,상선,다대포해수욕장행 1-2,좁음,직선
1,122,시청,상선,다대포해수욕장행 1-3,좁음,직선
1,122,시청,상선,다대포해수욕장행 2-1,좁음,직선
1,122,시청,상선,다대포해수욕장행 2-2,좁음,직선
1,122,시청,상선,다대포해수욕장행 2-3,좁음,직선
1,122,시청,상선,다대포해수욕장행 3-1,좁음,직선
1,122,시청,상선,다대포해수욕장행 3-2,좁음,직선
1,122,시청,상선,다대포해수욕장행 3-3,좁음,직선
1,122,시청,상선,다대포해수욕장행 4-1,좁음,직선
1,122,시청,상선,다대포해수욕장행 4-2,좁음,직선
1,122,시청,상선,다대포해수욕장행 4-3,좁음,직선
1,122,시청,상선,다대포해수욕장행 5-1,좁음,직선
1,122,시청,상선,다대포해수욕장행 5-2,좁음,직선
1,122,시청,상선,다대포해수욕장행 5-3,좁음,직선
1,122,시청,상선,다대포해수욕장행 6-1,좁음,직선
1,122,시청,상선,다대포해수욕장행 6-2,좁음,직선
1,122,시청,상선,다대포해수욕장행 6-3,좁음,직선
1,122,시청,상선,다대포해수욕장행 7-1,좁음,직선
1,122,시청,상선,다대포해수욕장행 7-2,좁음,직선
1,122,시청,상선,다대포해수욕장행 7-3,좁음,직선
1,122,시청,상선,다대포해수욕장행 8-1,좁음,직선
1,122,시청,상선,다대포해수욕장행 8-2,좁음,직선
1,122,시청,상선,다대포해수욕장행 8-3,좁음,직선
1,122,시청,하선,노포행 1-1,좁음,직선
1,122,시청,하선,노포행 1-2,좁음,직선
1,122,시청,하선,노포행 1-3,좁음,직선
1,122,시청,하선,노포행 2-1,좁음,직선
1,122,시청,하선,노포행 2-2,좁음,직선
1,122,시청,하선,노포행 2-3,좁음,직선
1,122,시청,하선,노포행 3-1,좁음,직선
1,122,시청,하선,노포행 3-2,좁음,직선
1,122,시청,하선,노포행 3-3,좁음,직선
1,122,시청,하선,노포행 4-1,좁음,직선
1,122,시청,하선,노포행 4-2,좁음,직선
1,122,시청,하선,노포행 4-3,좁음,직선
1,122,시청,하선,노포행 5-1,좁음,직선
1,122,시청,하선,노포행 5-2,좁음,직선
1,122,시청,하선,노포행 5-3,좁음,직선
1,122,시청,하선,노포행 6-1,좁음,직선
1,122,시청,하선,노포행 6-2,좁음,직선
1,122,시청,하선,노포행 6-3,좁음,직선
1,122,시청,하선,노포행 7-1,좁음,직선
1,122,시청,하선,노포행 7-2,좁음,직선
1,122,시청,하선,노포행 7-3,좁음,직선
1,122,시청,하선,노포행 8-1,좁음,직선
1,122,시청,하선,노포행 8-2,좁음,직선
1,122,시청,하선,노포행 8-3,좁음,직선
1,123,1연산,상선,다대포해수욕장행 1-1,보통,곡선
1,123,1연산,상선,다대포해수욕장행 1-2,좁음,곡선
1,123,1연산,상선,다대포해수욕장행 1-3,보통,곡선
1,123,1연산,상선,다대포해수욕장행 2-1,보통,곡선
1,123,1연산,상선,다대포해수욕장행 2-2,좁음,곡선
1,123,1연산,상선,다대포해수욕장행 2-3,보통,곡선
1,123,1연산,상선,다대포해수욕장행 3-1,보통,곡선
1,123,1연산,상선,다대포해수욕장행 3-2,좁음,곡선
1,123,1연산,상선,다대포해수욕장행 3-3,보통,곡선
1,123,1연산,상선,다대포해수욕장행 4-1,보통,곡선
1,123,1연산,상선,다대포해수욕장행 4-2,좁음,곡선
1,123,1연산,상선,다대포해수욕장행 4-3,보통,곡선
1,123,1연산,상선,다대포해수욕장행 5-1,보통,곡선
1,123,1연산,상선,다대포해수욕장행 5-2,좁음,곡선
1,123,1연산,상선,다대포해수욕장행 5-3,보통,곡선
1,123,1연산,상선,다대포해수욕장행 6-1,보통,곡선
1,123,1연산,상선,다대포해수욕장행 6-2,좁음,곡선
1,123,1연산,상선,다대포해수욕장행 6-3,보통,곡선
1,123,1연산,상선,다대포해수욕장행 7-1,보통,곡선
1,123,1연산,상선,다대포해수욕장행 7-2,좁음,곡선
1,123,1연산,상선,다대포해수욕장행 7-3,보통,곡선
1,123,1연산,상선,다대포해수욕장행 8-1,보통,곡선
1,123,1연산,상선,다대포해수욕장행 8-2,좁음,곡선
1,123,1연산,상선,다대포해수욕장행 8-3,보통,곡선
1,123,1연산,하선,노포행 1-1,넓음,곡선
1,123,1연산,하선,노포행 1-2,넓음,곡선
1,123,1연산,하선,노포행 1-3,보통,곡선
1,123,1연산,하선,노포행 2-1,보통,곡선
1,123,1연산,하선,노포행 2-2,넓음,곡선
1,123,1연산,하선,노포행 2-3,보통,곡선
1,123,1연산,하선,노포행 3-1,보통,곡선
1,123,1연산,하선,노포행 3-2,넓음,곡선
1,123,1연산,하선,노포행 3-3,보통,곡선
1,123,1연산,하선,노포행 4-1,보통,곡선
1,123,1연산,하선,노포행 4-2,넓음,곡선
1,123,1연산,하선,노포행 4-3,보통,곡선
1,123,1연산,하선,노포행 5-1,보통,곡선
1,123,1연산,하선,노포행 5-2,넓음,곡선
1,123,1연산,하선,노포행 5-3,보통,곡선
1,123,1연산,하선,노포행 6-1,보통,곡선
1,123,1연산,하선,노포행 6-2,넓음,곡선
1,123,1연산,하선,노포행 6-3,보통,곡선
1,123,1연산,하선,노포행 7-1,보통,곡선
1,123,1연산,하선,노포행 7-2,넓음,곡선
1,123,1연산,하선,노포행 7-3,보통,곡선
1,123,1연산,하선,노포행 8-1,보통,곡선
1,123,1연산,하선,노포행 8-2,넓음,곡선
1,123,1연산,하선,노포행 8-3,넓음,곡선
1,124,교대,상선,다대포해수욕장행 1-1,좁음,곡선
1,124,교대,상선,다대포해수욕장행 1-2,좁음,곡선
1,124,교대,상선,다대포해수욕장행 1-3,좁음,곡선
1,124,교대,상선,다대포해수욕장행 2-1,좁음,곡선
1,124,교대,상선,다대포해수욕장행 2-2,좁음,곡선
1,124,교대,상선,다대포해수욕장행 2-3,보통,곡선
1,124,교대,상선,다대포해수욕장행 3-1,좁음,곡선
1,124,교대,상선,다대포해수욕장행 3-2,좁음,곡선
1,124,교대,상선,다대포해수욕장행 3-3,보통,곡선
1,124,교대,상선,다대포해수욕장행 4-1,보통,곡선
1,124,교대,상선,다대포해수욕장행 4-2,좁음,곡선
1,124,교대,상선,다대포해수욕장행 4-3,좁음,곡선
1,124,교대,상선,다대포해수욕장행 5-1,좁음,곡선
1,124,교대,상선,다대포해수욕장행 5-2,좁음,곡선
1,124,교대,상선,다대포해수욕장행 5-3,좁음,곡선
1,124,교대,상선,다대포해수욕장행 6-1,좁음,곡선
1,124,교대,상선,다대포해수욕장행 6-2,좁음,곡선
1,124,교대,상선,다대포해수욕장행 6-3,좁음,곡선
1,124,교대,상선,다대포해수욕장행 7-1,좁음,곡선
1,124,교대,상선,다대포해수욕장행 7-2,좁음,곡선
1,124,교대,상선,다대포해수욕장행 7-3,좁음,곡선
1,124,교대,상선,다대포해수욕장행 8-1,좁음,곡선
1,124,교대,상선,다대포해수욕장행 8-2,좁음,곡선
1,124,교대,상선,다대포해수욕장행 8-3,좁음,곡선
1,124,교대,하선,노포행 1-1,보통,곡선
1,124,교대,하선,노포행 1-2,넓음,곡선
1,124,교대,하선,노포행 1-3,보통,곡선
1,124,교대,하선,노포행 2-1,보통,곡선
1,124,교대,하선,노포행 2-2,넓음,곡선
1,124,교대,하선,노포행 2-3,보통,곡선
1,124,교대,하선,노포행 3-1,보통,곡선
1,124,교대,하선,노포행 3-2,넓음,곡선
1,124,교대,하선,노포행 3-3,보통,곡선
1,124,교대,하선,노포행 4-1,좁음,곡선
1,124,교대,하선,노포행 4-2,보통,곡선
1,124,교대,하선,노포행 4-3,좁음,곡선
1,124,교대,하선,노포행 5-1,좁음,곡선
1,124,교대,하선,노포행 5-2,좁음,곡선
1,124,교대,하선,노포행 5-3,좁음,곡선
1,124,교대,하선,노포행 6-1,좁음,곡선
1,124,교대,하선,노포행 6-2,좁음,곡선
1,124,교대,하선,노포행 6-3,좁음,곡선
1,124,교대,하선,노포행 7-1,좁음,곡선
1,124,교대,하선,노포행 7-2,좁음,곡선
1,124,교대,하선,노포행 7-3,좁음,곡선
1,124,교대,하선,노포행 8-1,좁음,곡선
1,124,교대,하선,노포행 8-2,좁음,곡선
1,124,교대,하선,노포행 8-3,좁음,곡선
1,125,1동래,상선,다대포해수욕장행 1-1,좁음,직선
1,125,1동래,상선,다대포해수욕장행 1-2,좁음,직선
1,125,1동래,상선,다대포해수욕장행 1-3,좁음,직선
1,125,1동래,상선,다대포해수욕장행 2-1,좁음,직선
1,125,1동래,상선,다대포해수욕장행 2-2,좁음,직선
1,125,1동래,상선,다대포해수욕장행 2-3,좁음,직선
1,125,1동래,상선,다대포해수욕장행 3-1,좁음,직선
1,125,1동래,상선,다대포해수욕장행 3-2,좁음,직선
1,125,1동래,상선,다대포해수욕장행 3-3,좁음,직선
1,125,1동래,상선,다대포해수욕장행 4-1,좁음,직선
1,125,1동래,상선,다대포해수욕장행 4-2,좁음,직선
1,125,1동래,상선,다대포해수욕장행 4-3,좁음,직선
1,125,1동래,상선,다대포해수욕장행 5-1,좁음,직선
1,125,1동래,상선,다대포해수욕장행 5-2,좁음,직선
1,125,1동래,상선,다대포해수욕장행 5-3,좁음,직선
1,125,1동래,상선,다대포해수욕장행 6-1,좁음,직선
1,125,1동래,상선,다대포해수욕장행 6-2,좁음,직선
1,125,1동래,상선,다대포해수욕장행 6-3,좁음,직선
1,125,1동래,상선,다대포해수욕장행 7-1,좁음,직선
1,125,1동래,상선,다대포해수욕장행 7-2,좁음,직선
1,125,1동래,상선,다대포해수욕장행 7-3,좁음,직선
1,125,1동래,상선,다대포해수욕장행 8-1,좁음,직선
1,125,1동래,상선,다대포해수욕장행 8-2,좁음,직선
1,125,1동래,상선,다대포해수욕장행 8-3,좁음,직선
1,125,1동래,하선,노포행 1-1,좁음,직선
1,125,1동래,하선,노포행 1-2,좁음,직선
1,125,1동래,하선,노포행 1-3,좁음,직선
1,125,1동래,하선,노포행 2-1,좁음,직선
1,125,1동래,하선,노포행 2-2,좁음,직선
1,125,1동래,하선,노포행 2-3,좁음,직선
1,125,1동래,하선,노포행 3-1,좁음,직선
1,125,1동래,하선,노포행 3-2,좁음,직선
1,125,1동래,하선,노포행 3-3,좁음,직선
1,125,1동래,하선,노포행 4-1,좁음,직선
1,125,1동래,하선,노포행 4-2,좁음,직선
1,125,1동래,하선,노포행 4-3,좁음,직선
1,125,1동래,하선,노포행 5-1,좁음,직선
1,125,1동래,하선,노포행 5-2,좁음,직선
1,125,1동래,하선,노포행 5-3,좁음,직선
1,125,1동래,하선,노포행 6-1,좁음,직선
1,125,1동래,하선,노포행 6-2,좁음,직선
1,125,1동래,하선,노포행 6-3,좁음,직선
1,125,1동래,하선,노포행 7-1,좁음,직선
1,125,1동래,하선,노포행 7-2,좁음,직선
1,125,1동래,하선,노포행 7-3,좁음,직선
1,125,1동래,하선,노포행 8-1,좁음,직선
1,125,1동래,하선,노포행 8-2,좁음,직선
1,125,1동래,하선,노포행 8-3,좁음,직선
1,126,명륜,상선,다대포해수욕장행 1-1,좁음,직선
1,126,명륜,상선,다대포해수욕장행 1-2,좁음,직선
1,126,명륜,상선,다대포해수욕장행 1-3,좁음,직선
1,126,명륜,상선,다대포해수욕장행 2-1,좁음,직선
1,126,명륜,상선,다대포해수욕장행 2-2,좁음,직선
1,126,명륜,상선,다대포해수욕장행 2-3,좁음,직선
1,126,명륜,상선,다대포해수욕장행 3-1,좁음,직선
1,126,명륜,상선,다대포해수욕장행 3-2,좁음,직선
1,126,명륜,상선,다대포해수욕장행 3-3,좁음,직선
1,126,명륜,상선,다대포해수욕장행 4-1,좁음,직선
1,126,명륜,상선,다대포해수욕장행 4-2,좁음,직선
1,126,명륜,상선,다대포해수욕장행 4-3,좁음,직선
1,126,명륜,상선,다대포해수욕장행 5-1,좁음,직선
1,126,명륜,상선,다대포해수욕장행 5-2,좁음,직선
1,126,명륜,상선,다대포해수욕장행 5-3,좁음,직선
1,126,명륜,상선,다대포해수욕장행 6-1,좁음,직선
1,126,명륜,상선,다대포해수욕장행 6-2,좁음,직선
1,126,명륜,상선,다대포해수욕장행 6-3,좁음,직선
1,126,명륜,상선,다대포해수욕장행 7-1,좁음,직선
1,126,명륜,상선,다대포해수욕장행 7-2,좁음,직선
1,126,명륜,상선,다대포해수욕장행 7-3,좁음,직선
1,126,명륜,상선,다대포해수욕장행 8-1,좁음,직선
1,126,명륜,상선,다대포해수욕장행 8-2,좁음,직선
1,126,명륜,상선,다대포해수욕장행 8-3,좁음,직선
1,126,명륜,하선,노포행 1-1,좁음,직선
1,126,명륜,하선,노포행 1-2,좁음,직선
1,126,명륜,하선,노포행 1-3,좁음,직선
1,126,명륜,하선,노포행 2-1,좁음,직선
1,126,명륜,하선,노포행 2-2,좁음,직선
1,126,명륜,하선,노포행 2-3,좁음,직선
1,126,명륜,하선,노포행 3-1,좁음,직선
1,126,명륜,하선,노포행 3-2,좁음,직선
1,126,명륜,하선,노포행 3-3,좁음,직선
1,126,명륜,하선,노포행 4-1,좁음,직선
1,126,명륜,하선,노포행 4-2,좁음,직선
1,126,명륜,하선,노포행 4-3,좁음,직선
1,126,명륜,하선,노포행 5-1,좁음,직선
1,126,명륜,하선,노포행 5-2,좁음,직선
1,126,명륜,하선,노포행 5-3,좁음,직선
1,126,명륜,하선,노포행 6-1,좁음,직선
1,126,명륜,하선,노포행 6-2,좁음,직선
1,126,명륜,하선,노포행 6-3,좁음,직선
1,126,명륜,하선,노포행 7-1,좁음,직선
1,126,명륜,하선,노포행 7-2,좁음,직선
1,126,명륜,하선,노포행 7-3,좁음,직선
1,126,명륜,하선,노포행 8-1,좁음,직선
1,126,명륜,하선,노포행 8-2,좁음,직선
1,126,명륜,하선,노포행 8-3,좁음,직선
1,127,온천장,상선,다대포해수욕장행 1-1,좁음,직선
1,127,온천장,상선,다대포해수욕장행 1-2,좁음,직선
1,127,온천장,상선,다대포해수욕장행 1-3,좁음,직선
1,127,온천장,상선,다대포해수욕장행 2-1,좁음,직선
1,127,온천장,상선,다대포해수욕장행 2-2,좁음,직선
1,127,온천장,상선,다대포해수욕장행 2-3,좁음,직선
1,127,온천장,상선,다대포해수욕장행 3-1,좁음,직선
1,127,온천장,상선,다대포해수욕장행 3-2,좁음,직선
1,127,온천장,상선,다대포해수욕장행 3-3,좁음,직선
1,127,온천장,상선,다대포해수욕장행 4-1,좁음,직선
1,127,온천장,상선,다대포해수욕장행 4-2,좁음,직선
1,127,온천장,상선,다대포해수욕장행 4-3,좁음,직선
1,127,온천장,상선,다대포해수욕장행 5-1,좁음,직선
1,127,온천장,상선,다대포해수욕장행 5-2,좁음,직선
1,127,온천장,상선,다대포해수욕장행 5-3,좁음,직선
1,127,온천장,상선,다대포해수욕장행 6-1,좁음,직선
1,127,온천장,상선,다대포해수욕장행 6-2,좁음,직선
1,127,온천장,상선,다대포해수욕장행 6-3,좁음,직선
1,127,온천장,상선,다대포해수욕장행 7-1,좁음,직선
1,127,온천장,상선,다대포해수욕장행 7-2,좁음,직선
1,127,온천장,상선,다대포해수욕장행 7-3,좁음,직선
1,127,온천장,상선,다대포해수욕장행 8-1,좁음,직선
1,127,온천장,상선,다대포해수욕장행 8-2,좁음,직선
1,127,온천장,상선,다대포해수욕장행 8-3,좁음,직선
1,127,온천장,하선,노포행 1-1,좁음,직선
1,127,온천장,하선,노포행 1-2,좁음,직선
1,127,온천장,하선,노포행 1-3,좁음,직선
1,127,온천장,하선,노포행 2-1,좁음,직선
1,127,온천장,하선,노포행 2-2,좁음,직선
1,127,온천장,하선,노포행 2-3,좁음,직선
1,127,온천장,하선,노포행 3-1,좁음,직선
1,127,온천장,하선,노포행 3-2,좁음,직선
1,127,온천장,하선,노포행 3-3,좁음,직선
1,127,온천장,하선,노포행 4-1,좁음,직선
1,127,온천장,하선,노포행 4-2,좁음,직선
1,127,온천장,하선,노포행 4-3,좁음,직선
1,127,온천장,하선,노포행 5-1,좁음,직선
1,127,온천장,하선,노포행 5-2,좁음,직선
1,127,온천장,하선,노포행 5-3,좁음,직선
1,127,온천장,하선,노포행 6-1,좁음,직선
1,127,온천장,하선,노포행 6-2,좁음,직선
1,127,온천장,하선,노포행 6-3,좁음,직선
1,127,온천장,하선,노포행 7-1,좁음,직선
1,127,온천장,하선,노포행 7-2,좁음,직선
1,127,온천장,하선,노포행 7-3,좁음,직선
1,127,온천장,하선,노포행 8-1,좁음,직선
1,127,온천장,하선,노포행 8-2,좁음,직선
1,127,온천장,하선,노포행 8-3,좁음,직선
1,128,부산대,상선,다대포해수욕장행 1-1,좁음,(완화)곡선
1,128,부산대,상선,다대포해수욕장행 1-2,좁음,(완화)곡선
1,128,부산대,상선,다대포해수욕장행 1-3,좁음,(완화)곡선
1,128,부산대,상선,다대포해수욕장행 2-1,좁음,(완화)곡선
1,128,부산대,상선,다대포해수욕장행 2-2,좁음,(완화)곡선
1,128,부산대,상선,다대포해수욕장행 2-3,좁음,(완화)곡선
1,128,부산대,상선,다대포해수욕장행 3-1,좁음,(완화)곡선
1,128,부산대,상선,다대포해수욕장행 3-2,좁음,(완화)곡선
1,128,부산대,상선,다대포해수욕장행 3-3,좁음,(완화)곡선
1,128,부산대,상선,다대포해수욕장행 4-1,좁음,(완화)곡선
1,128,부산대,상선,다대포해수욕장행 4-2,좁음,(완화)곡선
1,128,부산대,상선,다대포해수욕장행 4-3,좁음,(완화)곡선
1,128,부산대,상선,다대포해수욕장행 5-1,좁음,(완화)곡선
1,128,부산대,상선,다대포해수욕장행 5-2,좁음,(완화)곡선
1,128,부산대,상선,다대포해수욕장행 5-3,좁음,(완화)곡선
1,128,부산대,상선,다대포해수욕장행 6-1,좁음,(완화)곡선
1,128,부산대,상선,다대포해수욕장행 6-2,좁음,(완화)곡선
1,128,부산대,상선,다대포해수욕장행 6-3,좁음,(완화)곡선
1,128,부산대,상선,다대포해수욕장행 7-1,좁음,(완화)곡선
1,128,부산대,상선,다대포해수욕장행 7-2,좁음,(완화)곡선
1,128,부산대,상선,다대포해수욕장행 7-3,좁음,(완화)곡선
1,128,부산대,상선,다대포해수욕장행 8-1,좁음,(완화)곡선
1,128,부산대,상선,다대포해수욕장행 8-2,좁음,(완화)곡선
1,128,부산대,상선,다대포해수욕장행 8-3,좁음,(완화)곡선
1,128,부산대,하선,노포행 1-1,좁음,(완화)곡선
1,128,부산대,하선,노포행 1-2,좁음,(완화)곡선
1,128,부산대,하선,노포행 1-3,좁음,(완화)곡선
1,128,부산대,하선,노포행 2-1,좁음,(완화)곡선
1,128,부산대,하선,노포행 2-2,좁음,(완화)곡선
1,128,부산대,하선,노포행 2-3,좁음,(완화)곡선
1,128,부산대,하선,노포행 3-1,좁음,(완화)곡선
1,128,부산대,하선,노포행 3-2,좁음,(완화)곡선
1,128,부산대,하선,노포행 3-3,좁음,(완화)곡선
1,128,부산대,하선,노포행 4-1,좁음,(완화)곡선
1,128,부산대,하선,노포행 4-2,좁음,(완화)곡선
1,128,부산대,하선,노포행 4-3,좁음,(완화)곡선
1,128,부산대,하선,노포행 5-1,좁음,(완화)곡선
1,128,부산대,하선,노포행 5-2,좁음,(완화)곡선
1,128,부산대,하선,노포행 5-3,좁음,(완화)곡선
1,128,부산대,하선,노포행 6-1,좁음,(완화)곡선
1,128,부산대,하선,노포행 6-2,좁음,(완화)곡선
1,128,부산대,하선,노포행 6-3,좁음,(완화)곡선
1,128,부산대,하선,노포행 7-1,좁음,(완화)곡선
1,128,부산대,하선,노포행 7-2,좁음,(완화)곡선
1,128,부산대,하선,노포행 7-3,좁음,(완화)곡선
1,128,부산대,하선,노포행 8-1,좁음,(완화)곡선
1,128,부산대,하선,노포행 8-2,좁음,(완화)곡선
1,128,부산대,하선,노포행 8-3,좁음,(완화)곡선
1,129,장전,상선,다대포해수욕장행 1-1,보통,곡선
1,129,장전,상선,다대포해수욕장행 1-2,넓음,곡선
1,129,장전,상선,다대포해수욕장행 1-3,보통,곡선
1,129,장전,상선,다대포해수욕장행 2-1,보통,곡선
1,129,장전,상선,다대포해수욕장행 2-2,넓음,곡선
1,129,장전,상선,다대포해수욕장행 2-3,보통,곡선
1,129,장전,상선,다대포해수욕장행 3-1,보통,곡선
1,129,장전,상선,다대포해수욕장행 3-2,보통,곡선
1,129,장전,상선,다대포해수욕장행 3-3,보통,곡선
1,129,장전,상선,다대포해수욕장행 4-1,보통,곡선
1,129,장전,상선,다대포해수욕장행 4-2,보통,곡선
1,129,장전,상선,다대포해수욕장행 4-3,좁음,곡선
1,129,장전,상선,다대포해수욕장행 5-1,보통,곡선
1,129,장전,상선,다대포해수욕장행 5-2,보통,곡선
1,129,장전,상선,다대포해수욕장행 5-3,보통,곡선
1,129,장전,상선,다대포해수욕장행 6-1,보통,곡선
1,129,장전,상선,다대포해수욕장행 6-2,보통,곡선
1,129,장전,상선,다대포해수욕장행 6-3,보통,곡선
1,129,장전,상선,다대포해수욕장행 7-1,보통,곡선
1,129,장전,상선,다대포해수욕장행 7-2,넓음,곡선
1,129,장전,상선,다대포해수욕장행 7-3,보통,곡선
1,129,장전,상선,다대포해수욕장행 8-1,보통,곡선
1,129,장전,상선,다대포해수욕장행 8-2,넓음,곡선
1,129,장전,상선,다대포해수욕장행 8-3,보통,곡선
1,129,장전,하선,노포행 1-1,좁음,곡선
1,129,장전,하선,노포행 1-2,좁음,곡선
1,129,장전,하선,노포행 1-3,보통,곡선
1,129,장전,하선,노포행 2-1,보통,곡선
1,129,장전,하선,노포행 2-2,좁음,곡선
1,129,장전,하선,노포행 2-3,보통,곡선
1,129,장전,하선,노포행 3-1,보통,곡선
1,129,장전,하선,노포행 3-2,좁음,곡선
1,129,장전,하선,노포행 3-3,보통,곡선
1,129,장전,하선,노포행 4-1,보통,곡선
1,129,장전,하선,노포행 4-2,좁음,곡선
1,129,장전,하선,노포행 4-3,보통,곡선
1,129,장전,하선,노포행 5-1,보통,곡선
1,129,장전,하선,노포행 5-2,좁음,곡선
1,129,장전,하선,노포행 5-3,좁음,곡선
1,129,장전,하선,노포행 6-1,좁음,곡선
1,129,장전,하선,노포행 6-2,좁음,곡선
1,129,장전,하선,노포행 6-3,좁음,곡선
1,129,장전,하선,노포행 7-1,보통,곡선
1,129,장전,하선,노포행 7-2,좁음,곡선
1,129,장전,하선,노포행 7-3,보통,곡선
1,129,장전,하선,노포행 8-1,보통,곡선
1,129,장전,하선,노포행 8-2,좁음,곡선
1,129,장전,하선,노포행 8-3,넓음,곡선
1,130,구서,상선,다대포해수욕장행 1-1,좁음,직선
1,130,구서,상선,다대포해수욕장행 1-2,좁음,직선
1,130,구서,상선,다대포해수욕장행 1-3,좁음,직선
1,130,구서,상선,다대포해수욕장행 2-1,좁음,직선
1,130,구서,상선,다대포해수욕장행 2-2,좁음,직선
1,130,구서,상선,다대포해수욕장행 2-3,좁음,직선
1,130,구서,상선,다대포해수욕장행 3-1,좁음,직선
1,130,구서,상선,다대포해수욕장행 3-2,좁음,직선
1,130,구서,상선,다대포해수욕장행 3-3,좁음,직선
1,130,구서,상선,다대포해수욕장행 4-1,좁음,직선
1,130,구서,상선,다대포해수욕장행 4-2,좁음,직선
1,130,구서,상선,다대포해수욕장행 4-3,좁음,직선
1,130,구서,상선,다대포해수욕장행 5-1,좁음,직선
1,130,구서,상선,다대포해수욕장행 5-2,좁음,직선
1,130,구서,상선,다대포해수욕장행 5-3,좁음,직선
1,130,구서,상선,다대포해수욕장행 6-1,좁음,직선
1,130,구서,상선,다대포해수욕장행 6-2,좁음,직선
1,130,구서,상선,다대포해수욕장행 6-3,좁음,직선
1,130,구서,상선,다대포해수욕장행 7-1,좁음,직선
1,130,구서,상선,다대포해수욕장행 7-2,좁음,직선
1,130,구서,상선,다대포해수욕장행 7-3,좁음,직선
1,130,구서,상선,다대포해수욕장행 8-1,좁음,직선
1,130,구서,상선,다대포해수욕장행 8-2,좁음,직선
1,130,구서,상선,다대포해수욕장행 8-3,좁음,직선
1,130,구서,하선,노포행 1-1,좁음,직선
1,130,구서,하선,노포행 1-2,좁음,직선
1,130,구서,하선,노포행 1-3,좁음,직선
1,130,구서,하선,노포행 2-1,좁음,직선
1,130,구서,하선,노포행 2-2,좁음,직선
1,130,구서,하선,노포행 2-3,좁음,직선
1,130,구서,하선,노포행 3-1,좁음,직선
1,130,구서,하선,노포행 3-2,좁음,직선
1,130,구서,하선,노포행 3-3,좁음,직선
1,130,구서,하선,노포행 4-1,좁음,직선
1,130,구서,하선,노포행 4-2,좁음,직선
1,130,구서,하선,노포행 4-3,좁음,직선
1,130,구서,하선,노포행 5-1,좁음,직선
1,130,구서,하선,노포행 5-2,좁음,직선
1,130,구서,하선,노포행 5-3,좁음,직선
1,130,구서,하선,노포행 6-1,좁음,직선
1,130,구서,하선,노포행 6-2,좁음,직선
1,130,구서,하선,노포행 6-3,좁음,직선
1,130,구서,하선,노포행 7-1,좁음,직선
1,130,구서,하선,노포행 7-2,좁음,직선
1,130,구서,하선,노포행 7-3,좁음,직선
1,130,구서,하선,노포행 8-1,좁음,직선
1,130,구서,하선,노포행 8-2,좁음,직선
1,130,구서,하선,노포행 8-3,좁음,직선
1,131,두실,상선,다대포해수욕장행 1-1,좁음,(완화)곡선
1,131,두실,상선,다대포해수욕장행 1-2,좁음,(완화)곡선
1,131,두실,상선,다대포해수욕장행 1-3,좁음,(완화)곡선
1,131,두실,상선,다대포해수욕장행 2-1,좁음,(완화)곡선
1,131,두실,상선,다대포해수욕장행 2-2,좁음,(완화)곡선
1,131,두실,상선,다대포해수욕장행 2-3,좁음,(완화)곡선
1,131,두실,상선,다대포해수욕장행 3-1,좁음,(완화)곡선
1,131,두실,상선,다대포해수욕장행 3-2,좁음,(완화)곡선
1,131,두실,상선,다대포해수욕장행 3-3,좁음,(완화)곡선
1,131,두실,상선,다대포해수욕장행 4-1,좁음,(완화)곡선
1,131,두실,상선,다대포해수욕장행 4-2,좁음,(완화)곡선
1,131,두실,상선,다대포해수욕장행 4-3,좁음,(완화)곡선
1,131,두실,상선,다대포해수욕장행 5-1,좁음,(완화)곡선
1,131,두실,상선,다대포해수욕장행 5-2,좁음,(완화)곡선
1,131,두실,상선,다대포해수욕장행 5-3,좁음,(완화)곡선
1,131,두실,상선,다대포해수욕장행 6-1,좁음,(완화)곡선
1,131,두실,상선,다대포해수욕장행 6-2,좁음,(완화)곡선
1,131,두실,상선,다대포해수욕장행 6-3,좁음,(완화)곡선
1,131,두실,상선,다대포해수욕장행 7-1,좁음,(완화)곡선
1,131,두실,상선,다대포해수욕장행 7-2,좁음,(완화)곡선
1,131,두실,상선,다대포해수욕장행 7-3,좁음,(완화)곡선
1,131,두실,상선,다대포해수욕장행 8-1,좁음,(완화)곡선
1,131,두실,상선,다대포해수욕장행 8-2,좁음,(완화)곡선
1,131,두실,상선,다대포해수욕장행 8-3,좁음,(완화)곡선
1,131,두실,하선,노포행 1-1,좁음,(완화)곡선
1,131,두실,하선,노포행 1-2,좁음,(완화)곡선
1,131,두실,하선,노포행 1-3,좁음,(완화)곡선
1,131,두실,하선,노포행 2-1,좁음,(완화)곡선
1,131,두실,하선,노포행 2-2,좁음,(완화)곡선
1,131,두실,하선,노포행 2-3,좁음,(완화)곡선
1,131,두실,하선,노포행 3-1,좁음,(완화)곡선
1,131,두실,하선,노포행 3-2,좁음,(완화)곡선
1,131,두실,하선,노포행 3-3,좁음,(완화)곡선
1,131,두실,하선,노포행 4-1,좁음,(완화)곡선
1,131,두실,하선,노포행 4-2,좁음,(완화)곡선
1,131,두실,하선,노포행 4-3,좁음,(완화)곡선
1,131,두실,하선,노포행 5-1,좁음,(완화)곡선
1,131,두실,하선,노포행 5-2,좁음,(완화)곡선
1,131,두실,하선,노포행 5-3,좁음,(완화)곡선
1,131,두실,하선,노포행 6-1,좁음,(완화)곡선
1,131,두실,하선,노포행 6-2,좁음,(완화)곡선
1,131,두실,하선,노포행 6-3,좁음,(완화)곡선
1,131,두실,하선,노포행 7-1,좁음,(완화)곡선
1,131,두실,하선,노포행 7-2,좁음,(완화)곡선
1,131,두실,하선,노포행 7-3,좁음,(완화)곡선
1,131,두실,하선,노포행 8-1,좁음,(완화)곡선
1,131,두실,하선,노포행 8-2,좁음,(완화)곡선
1,131,두실,하선,노포행 8-3,좁음,(완화)곡선
1,132,남산,상선,다대포해수욕장행 1-1,좁음,직선
1,132,남산,상선,다대포해수욕장행 1-2,좁음,직선
1,132,남산,상선,다대포해수욕장행 1-3,좁음,직선
1,132,남산,상선,다대포해수욕장행 2-1,좁음,직선
1,132,남산,상선,다대포해수욕장행 2-2,좁음,직선
1,132,남산,상선,다대포해수욕장행 2-3,좁음,직선
1,132,남산,상선,다대포해수욕장행 3-1,좁음,직선
1,132,남산,상선,다대포해수욕장행 3-2,좁음,직선
1,132,남산,상선,다대포해수욕장행 3-3,좁음,직선
1,132,남산,상선,다대포해수욕장행 4-1,좁음,직선
1,132,남산,상선,다대포해수욕장행 4-2,좁음,직선
1,132,남산,상선,다대포해수욕장행 4-3,좁음,직선
1,132,남산,상선,다대포해수욕장행 5-1,좁음,직선
1,132,남산,상선,다대포해수욕장행 5-2,좁음,직선
1,132,남산,상선,다대포해수욕장행 5-3,좁음,직선
1,132,남산,상선,다대포해수욕장행 6-1,좁음,직선
1,132,남산,상선,다대포해수욕장행 6-2,좁음,직선
1,132,남산,상선,다대포해수욕장행 6-3,좁음,직선
1,132,남산,상선,다대포해수욕장행 7-1,좁음,직선
1,132,남산,상선,다대포해수욕장행 7-2,좁음,직선
1,132,남산,상선,다대포해수욕장행 7-3,좁음,직선
1,132,남산,상선,다대포해수욕장행 8-1,좁음,직선
1,132,남산,상선,다대포해수욕장행 8-2,좁음,직선
1,132,남산,상선,다대포해수욕장행 8-3,좁음,직선
1,132,남산,하선,노포행 1-1,좁음,직선
1,132,남산,하선,노포행 1-2,좁음,직선
1,132,남산,하선,노포행 1-3,좁음,직선
1,132,남산,하선,노포행 2-1,좁음,직선
1,132,남산,하선,노포행 2-2,좁음,직선
1,132,남산,하선,노포행 2-3,좁음,직선
1,132,남산,하선,노포행 3-1,좁음,직선
1,132,남산,하선,노포행 3-2,좁음,직선
1,132,남산,하선,노포행 3-3,좁음,직선
1,132,남산,하선,노포행 4-1,좁음,직선
1,132,남산,하선,노포행 4-2,좁음,직선
1,132,남산,하선,노포행 4-3,좁음,직선
1,132,남산,하선,노포행 5-1,좁음,직선
1,132,남산,하선,노포행 5-2,좁음,직선
1,132,남산,하선,노포행 5-3,좁음,직선
1,132,남산,하선,노포행 6-1,좁음,직선
1,132,남산,하선,노포행 6-2,좁음,직선
1,132,남산,하선,노포행 6-3,좁음,직선
1,132,남산,하선,노포행 7-1,좁음,직선
1,132,남산,하선,노포행 7-2,좁음,직선
1,132,남산,하선,노포행 7-3,좁음,직선
1,132,남산,하선,노포행 8-1,좁음,직선
1,132,남산,하선,노포행 8-2,좁음,직선
1,132,남산,하선,노포행 8-3,좁음,직선
1,133,범어사,상선,다대포해수욕장행 1-1,좁음,직선
1,133,범어사,상선,다대포해수욕장행 1-2,좁음,직선
1,133,범어사,상선,다대포해수욕장행 1-3,좁음,직선
1,133,범어사,상선,다대포해수욕장행 2-1,좁음,직선
1,133,범어사,상선,다대포해수욕장행 2-2,좁음,직선
1,133,범어사,상선,다대포해수욕장행 2-3,좁음,직선
1,133,범어사,상선,다대포해수욕장행 3-1,좁음,직선
1,133,범어사,상선,다대포해수욕장행 3-2,좁음,직선
1,133,범어사,상선,다대포해수욕장행 3-3,좁음,직선
1,133,범어사,상선,다대포해수욕장행 4-1,좁음,직선
1,133,범어사,상선,다대포해수욕장행 4-2,좁음,직선
1,133,범어사,상선,다대포해수욕장행 4-3,좁음,직선
1,133,범어사,상선,다대포해수욕장행 5-1,좁음,직선
1,133,범어사,상선,다대포해수욕장행 5-2,좁음,직선
1,133,범어사,상선,다대포해수욕장행 5-3,좁음,직선
1,133,범어사,상선,다대포해수욕장행 6-1,좁음,직선
1,133,범어사,상선,다대포해수욕장행 6-2,좁음,직선
1,133,범어사,상선,다대포해수욕장행 6-3,좁음,직선
1,133,범어사,상선,다대포해수욕장행 7-1,좁음,직선
1,133,범어사,상선,다대포해수욕장행 7-2,좁음,직선
1,133,범어사,상선,다대포해수욕장행 7-3,좁음,직선
1,133,범어사,상선,다대포해수욕장행 8-1,좁음,직선
1,133,범어사,상선,다대포해수욕장행 8-2,좁음,직선
1,133,범어사,상선,다대포해수욕장행 8-3,좁음,직선
1,133,범어사,하선,노포행 1-1,좁음,직선
1,133,범어사,하선,노포행 1-2,좁음,직선
1,133,범어사,하선,노포행 1-3,좁음,직선
1,133,범어사,하선,노포행 2-1,좁음,직선
1,133,범어사,하선,노포행 2-2,좁음,직선
1,133,범어사,하선,노포행 2-3,좁음,직선
1,133,범어사,하선,노포행 3-1,좁음,직선
1,133,범어사,하선,노포행 3-2,좁음,직선
1,133,범어사,하선,노포행 3-3,좁음,직선
1,133,범어사,하선,노포행 4-1,좁음,직선
1,133,범어사,하선,노포행 4-2,좁음,직선
1,133,범어사,하선,노포행 4-3,좁음,직선
1,133,범어사,하선,노포행 5-1,좁음,직선
1,133,범어사,하선,노포행 5-2,좁음,직선
1,133,범어사,하선,노포행 5-3,좁음,직선
1,133,범어사,하선,노포행 6-1,좁음,직선
1,133,범어사,하선,노포행 6-2,좁음,직선
1,133,범어사,하선,노포행 6-3,좁음,직선
1,133,범어사,하선,노포행 7-1,좁음,직선
1,133,범어사,하선,노포행 7-2,좁음,직선
1,133,범어사,하선,노포행 7-3,좁음,직선
1,133,범어사,하선,노포행 8-1,좁음,직선
1,133,범어사,하선,노포행 8-2,좁음,직선
1,133,범어사,하선,노포행 8-3,좁음,직선
1,134,노포,상선,다대포해수욕장행 1-1,좁음,직선
1,134,노포,상선,다대포해수욕장행 1-2,좁음,직선
1,134,노포,상선,다대포해수욕장행 1-3,좁음,직선
1,134,노포,상선,다대포해수욕장행 2-1,좁음,직선
1,134,노포,상선,다대포해수욕장행 2-2,좁음,직선
1,134,노포,상선,다대포해수욕장행 2-3,좁음,직선
1,134,노포,상선,다대포해수욕장행 3-1,좁음,직선
1,134,노포,상선,다대포해수욕장행 3-2,좁음,직선
1,134,노포,상선,다대포해수욕장행 3-3,좁음,직선
1,134,노포,상선,다대포해수욕장행 4-1,좁음,직선
1,134,노포,상선,다대포해수욕장행 4-2,좁음,직선
1,134,노포,상선,다대포해수욕장행 4-3,좁음,직선
1,134,노포,상선,다대포해수욕장행 5-1,좁음,직선
1,134,노포,상선,다대포해수욕장행 5-2,좁음,직선
1,134,노포,상선,다대포해수욕장행 5-3,좁음,직선
1,134,노포,상선,다대포해수욕장행 6-1,좁음,직선
1,134,노포,상선,다대포해수욕장행 6-2,좁음,직선
1,134,노포,상선,다대포해수욕장행 6-3,좁음,직선
1,134,노포,상선,다대포해수욕장행 7-1,좁음,직선
1,134,노포,상선,다대포해수욕장행 7-2,좁음,직선
1,134,노포,상선,다대포해수욕장행 7-3,좁음,직선
1,134,노포,상선,다대포해수욕장행 8-1,좁음,직선
1,134,노포,상선,다대포해수욕장행 8-2,좁음,직선
1,134,노포,상선,다대포해수욕장행 8-3,좁음,직선
1,134,노포,하선,노포행 1-1,좁음,직선
1,134,노포,하선,노포행 1-2,좁음,직선
1,134,노포,하선,노포행 1-3,좁음,직선
1,134,노포,하선,노포행 2-1,좁음,직선
1,134,노포,하선,노포행 2-2,좁음,직선
1,134,노포,하선,노포행 2-3,좁음,직선
1,134,노포,하선,노포행 3-1,좁음,직선
1,134,노포,하선,노포행 3-2,좁음,직선
1,134,노포,하선,노포행 3-3,좁음,직선
1,134,노포,하선,노포행 4-1,좁음,직선
1,134,노포,하선,노포행 4-2,좁음,직선
1,134,노포,하선,노포행 4-3,좁음,직선
1,134,노포,하선,노포행 5-1,좁음,직선
1,134,노포,하선,노포행 5-2,좁음,직선
1,134,노포,하선,노포행 5-3,좁음,직선
1,134,노포,하선,노포행 6-1,좁음,직선
1,134,노포,하선,노포행 6-2,좁음,직선
1,134,노포,하선,노포행 6-3,좁음,직선
1,134,노포,하선,노포행 7-1,좁음,직선
1,134,노포,하선,노포행 7-2,좁음,직선
1,134,노포,하선,노포행 7-3,좁음,직선
1,134,노포,하선,노포행 8-1,좁음,직선
1,134,노포,하선,노포행 8-2,좁음,직선
1,134,노포,하선,노포행 8-3,좁음,직선
2,201,장산,상선,장산행 1-1,좁음,곡선
2,201,장산,상선,장산행 1-2,좁음,곡선
2,201,장산,상선,장산행 1-3,좁음,곡선
2,201,장산,상선,장산행 1-4,좁음,곡선
2,201,장산,상선,장산행 2-1,좁음,곡선
2,201,장산,상선,장산행 2-2,좁음,곡선
2,201,장산,상선,장산행 2-3,좁음,곡선
2,201,장산,상선,장산행 2-4,좁음,곡선
2,201,장산,상선,장산행 3-1,좁음,곡선
2,201,장산,상선,장산행 3-2,좁음,곡선
2,201,장산,상선,장산행 3-3,좁음,곡선
2,201,장산,상선,장산행 3-4,좁음,곡선
2,201,장산,상선,장산행 4-1,좁음,곡선
2,201,장산,상선,장산행 4-2,좁음,곡선
2,201,장산,상선,장산행 4-3,좁음,곡선
2,201,장산,상선,장산행 4-4,좁음,곡선
2,201,장산,상선,장산행 5-1,좁음,곡선
2,201,장산,상선,장산행 5-2,좁음,곡선
2,201,장산,상선,장산행 5-3,좁음,곡선
2,201,장산,상선,장산행 5-4,좁음,곡선
2,201,장산,상선,장산행 6-1,좁음,곡선
2,201,장산,상선,장산행 6-2,좁음,곡선
2,201,장산,상선,장산행 6-3,좁음,곡선
2,201,장산,상선,장산행 6-4,좁음,곡선
2,201,장산,하선,양산행 1-1,좁음,곡선
2,201,장산,하선,양산행 1-2,좁음,곡선
2,201,장산,하선,양산행 1-3,좁음,곡선
2,201,장산,하선,양산행 1-4,좁음,곡선
2,201,장산,하선,양산행 2-1,좁음,곡선
2,201,장산,하선,양산행 2-2,좁음,곡선
2,201,장산,하선,양산행 2-3,좁음,곡선
2,201,장산,하선,양산행 2-4,좁음,곡선
2,201,장산,하선,양산행 3-1,좁음,곡선
2,201,장산,하선,양산행 3-2,좁음,곡선
2,201,장산,하선,양산행 3-3,좁음,곡선
2,201,장산,하선,양산행 3-4,좁음,곡선
2,201,장산,하선,양산행 4-1,좁음,곡선
2,201,장산,하선,양산행 4-2,좁음,곡선
2,201,장산,하선,양산행 4-3,좁음,곡선
2,201,장산,하선,양산행 4-4,좁음,곡선
2,201,장산,하선,양산행 5-1,좁음,곡선
2,201,장산,하선,양산행 5-2,좁음,곡선
2,201,장산,하선,양산행 5-3,좁음,곡선
2,201,장산,하선,양산행 5-4,좁음,곡선
2,201,장산,하선,양산행 6-1,좁음,곡선
2,201,장산,하선,양산행 6-2,좁음,곡선
2,201,장산,하선,양산행 6-3,좁음,곡선
2,201,장산,하선,양산행 6-4,좁음,곡선
2,202,중동,상선,장산행 1-1,좁음,곡선
2,202,중동,상선,장산행 1-2,좁음,곡선
2,202,중동,상선,장산행 1-3,좁음,곡선
2,202,중동,상선,장산행 1-4,좁음,곡선
2,202,중동,상선,장산행 2-1,좁음,곡선
2,202,중동,상선,장산행 2-2,좁음,곡선
2,202,중동,상선,장산행 2-3,좁음,곡선
2,202,중동,상선,장산행 2-4,좁음,곡선
2,202,중동,상선,장산행 3-1,좁음,곡선
2,202,중동,상선,장산행 3-2,좁음,곡선
2,202,중동,상선,장산행 3-3,좁음,곡선
2,202,중동,상선,장산행 3-4,좁음,곡선
2,202,중동,상선,장산행 4-1,좁음,곡선
2,202,중동,상선,장산행 4-2,좁음,곡선
2,202,중동,상선,장산행 4-3,좁음,곡선
2,202,중동,상선,장산행 4-4,좁음,곡선
2,202,중동,상선,장산행 5-1,좁음,곡선
2,202,중동,상선,장산행 5-2,좁음,곡선
2,202,중동,상선,장산행 5-3,좁음,곡선
2,202,중동,상선,장산행 5-4,좁음,곡선
2,202,중동,상선,장산행 6-1,좁음,곡선
2,202,중동,상선,장산행 6-2,좁음,곡선
2,202,중동,상선,장산행 6-3,좁음,곡선
2,202,중동,상선,장산행 6-4,좁음,곡선
2,202,중동,하선,양산행 1-1,좁음,곡선
2,202,중동,하선,양산행 1-2,좁음,곡선
2,202,중동,하선,양산행 1-3,좁음,곡선
2,202,중동,하선,양산행 1-4,좁음,곡선
2,202,중동,하선,양산행 2-1,좁음,곡선
2,202,중동,하선,양산행 2-2,좁음,곡선
2,202,중동,하선,양산행 2-3,좁음,곡선
2,202,중동,하선,양산행 2-4,좁음,곡선
2,202,중동,하선,양산행 3-1,좁음,곡선
2,202,중동,하선,양산행 3-2,좁음,곡선
2,202,중동,하선,양산행 3-3,좁음,곡선
2,202,중동,하선,양산행 3-4,좁음,곡선
2,202,중동,하선,양산행 4-1,좁음,곡선
2,202,중동,하선,양산행 4-2,좁음,곡선
2,202,중동,하선,양산행 4-3,좁음,곡선
2,202,중동,하선,양산행 4-4,좁음,곡선
2,202,중동,하선,양산행 5-1,좁음,곡선
2,202,중동,하선,양산행 5-2,좁음,곡선
2,202,중동,하선,양산행 5-3,좁음,곡선
2,202,중동,하선,양산행 5-4,좁음,곡선
2,202,중동,하선,양산행 6-1,좁음,곡선
2,202,중동,하선,양산행 6-2,좁음,곡선
2,202,중동,하선,양산행 6-3,좁음,곡선
2,202,중동,하선,양산행 6-4,좁음,곡선
2,203,해운대,상선,장산행 1-1,좁음,직선
2,203,해운대,상선,장산행 1-2,좁음,직선
2,203,해운대,상선,장산행 1-3,좁음,직선
2,203,해운대,상선,장산행 1-4,좁음,직선
2,203,해운대,상선,장산행 2-1,좁음,직선
2,203,해운대,상선,장산행 2-2,좁음,직선
2,203,해운대,상선,장산행 2-3,좁음,직선
2,203,해운대,상선,장산행 2-4,좁음,직선
2,203,해운대,상선,장산행 3-1,좁음,직선
2,203,해운대,상선,장산행 3-2,좁음,직선
2,203,해운대,상선,장산행 3-3,좁음,직선
2,203,해운대,상선,장산행 3-4,좁음,직선
2,203,해운대,상선,장산행 4-1,좁음,직선
2,203,해운대,상선,장산행 4-2,좁음,직선
2,203,해운대,상선,장산행 4-3,좁음,직선
2,203,해운대,상선,장산행 4-4,좁음,직선
2,203,해운대,상선,장산행 5-1,좁음,직선
2,203,해운대,상선,장산행 5-2,좁음,직선
2,203,해운대,상선,장산행 5-3,좁음,직선
2,203,해운대,상선,장산행 5-4,좁음,직선
2,203,해운대,상선,장산행 6-1,좁음,직선
2,203,해운대,상선,장산행 6-2,좁음,직선
2,203,해운대,상선,장산행 6-3,좁음,직선
2,203,해운대,상선,장산행 6-4,좁음,직선
2,203,해운대,하선,양산행 1-1,좁음,직선
2,203,해운대,하선,양산행 1-2,좁음,직선
2,203,해운대,하선,양산행 1-3,좁음,직선
2,203,해운대,하선,양산행 1-4,좁음,직선
2,203,해운대,하선,양산행 2-1,좁음,직선
2,203,해운대,하선,양산행 2-2,좁음,직선
2,203,해운대,하선,양산행 2-3,좁음,직선
2,203,해운대,하선,양산행 2-4,좁음,직선
2,203,해운대,하선,양산행 3-1,좁음,직선
2,203,해운대,하선,양산행 3-2,좁음,직선
2,203,해운대,하선,양산행 3-3,좁음,직선
2,203,해운대,하선,양산행 3-4,좁음,직선
2,203,해운대,하선,양산행 4-1,좁음,직선
2,203,해운대,하선,양산행 4-2,좁음,직선
2,203,해운대,하선,양산행 4-3,좁음,직선
2,203,해운대,하선,양산행 4-4,좁음,직선
2,203,해운대,하선,양산행 5-1,좁음,직선
2,203,해운대,하선,양산행 5-2,좁음,직선
2,203,해운대,하선,양산행 5-3,좁음,직선
2,203,해운대,하선,양산행 5-4,좁음,직선
2,203,해운대,하선,양산행 6-1,좁음,직선
2,203,해운대,하선,양산행 6-2,좁음,직선
2,203,해운대,하선,양산행 6-3,좁음,직선
2,203,해운대,하선,양산행 6-4,좁음,직선
2,204,동백,상선,장산행 1-1,좁음,직선
2,204,동백,상선,장산행 1-2,좁음,직선
2,204,동백,상선,장산행 1-3,좁음,직선
2,204,동백,상선,장산행 1-4,좁음,직선
2,204,동백,상선,장산행 2-1,좁음,직선
2,204,동백,상선,장산행 2-2,좁음,직선
2,204,동백,상선,장산행 2-3,좁음,직선
2,204,동백,상선,장산행 2-4,좁음,직선
2,204,동백,상선,장산행 3-1,좁음,직선
2,204,동백,상선,장산행 3-2,좁음,직선
2,204,동백,상선,장산행 3-3,좁음,직선
2,204,동백,상선,장산행 3-4,좁음,직선
2,204,동백,상선,장산행 4-1,좁음,직선
2,204,동백,상선,장산행 4-2,좁음,직선
2,204,동백,상선,장산행 4-3,좁음,직선
2,204,동백,상선,장산행 4-4,좁음,직선
2,204,동백,상선,장산행 5-1,좁음,직선
2,204,동백,상선,장산행 5-2,좁음,직선
2,204,동백,상선,장산행 5-3,좁음,직선
2,204,동백,상선,장산행 5-4,좁음,직선
2,204,동백,상선,장산행 6-1,좁음,직선
2,204,동백,상선,장산행 6-2,좁음,직선
2,204,동백,상선,장산행 6-3,좁음,직선
2,204,동백,상선,장산행 6-4,좁음,직선
2,204,동백,하선,양산행 1-1,좁음,직선
2,204,동백,하선,양산행 1-2,좁음,직선
2,204,동백,하선,양산행 1-3,좁음,직선
2,204,동백,하선,양산행 1-4,좁음,직선
2,204,동백,하선,양산행 2-1,좁음,직선
2,204,동백,하선,양산행 2-2,좁음,직선
2,204,동백,하선,양산행 2-3,좁음,직선
2,204,동백,하선,양산행 2-4,좁음,직선
2,204,동백,하선,양산행 3-1,좁음,직선
2,204,동백,하선,양산행 3-2,좁음,직선
2,204,동백,하선,양산행 3-3,좁음,직선
2,204,동백,하선,양산행 3-4,좁음,직선
2,204,동백,하선,양산행 4-1,좁음,직선
2,204,동백,하선,양산행 4-2,좁음,직선
2,204,동백,하선,양산행 4-3,좁음,직선
2,204,동백,하선,양산행 4-4,좁음,직선
2,204,동백,하선,양산행 5-1,좁음,직선
2,204,동백,하선,양산행 5-2,좁음,직선
2,204,동백,하선,양산행 5-3,좁음,직선
2,204,동백,하선,양산행 5-4,좁음,직선
2,204,동백,하선,양산행 6-1,좁음,직선
2,204,동백,하선,양산행 6-2,좁음,직선
2,204,동백,하선,양산행 6-3,좁음,직선
2,204,동백,하선,양산행 6-4,좁음,직선
2,205,벡스코,상선,장산행 1-1,좁음,직선
2,205,벡스코,상선,장산행 1-2,좁음,직선
2,205,벡스코,상선,장산행 1-3,좁음,직선
2,205,벡스코,상선,장산행 1-4,좁음,직선
2,205,벡스코,상선,장산행 2-1,좁음,직선
2,205,벡스코,상선,장산행 2-2,좁음,직선
2,205,벡스코,상선,장산행 2-3,좁음,직선
2,205,벡스코,상선,장산행 2-4,좁음,직선
2,205,벡스코,상선,장산행 3-1,좁음,직선
2,205,벡스코,상선,장산행 3-2,좁음,직선
2,205,벡스코,상선,장산행 3-3,좁음,직선
2,205,벡스코,상선,장산행 3-4,좁음,직선
2,205,벡스코,상선,장산행 4-1,좁음,직선
2,205,벡스코,상선,장산행 4-2,좁음,직선
2,205,벡스코,상선,장산행 4-3,좁음,직선
2,205,벡스코,상선,장산행 4-4,좁음,직선
2,205,벡스코,상선,장산행 5-1,좁음,직선
2,205,벡스코,상선,장산행 5-2,좁음,직선
2,205,벡스코,상선,장산행 5-3,좁음,직선
2,205,벡스코,상선,장산행 5-4,좁음,직선
2,205,벡스코,상선,장산행 6-1,좁음,직선
2,205,벡스코,상선,장산행 6-2,좁음,직선
2,205,벡스코,상선,장산행 6-3,좁음,직선
2,205,벡스코,상선,장산행 6-4,좁음,직선
2,205,벡스코,하선,양산행 1-1,좁음,직선
2,205,벡스코,하선,양산행 1-2,좁음,직선
2,205,벡스코,하선,양산행 1-3,좁음,직선
2,205,벡스코,하선,양산행 1-4,좁음,직선
2,205,벡스코,하선,양산행 2-1,좁음,직선
2,205,벡스코,하선,양산행 2-2,좁음,직선
2,205,벡스코,하선,양산행 2-3,좁음,직선
2,205,벡스코,하선,양산행 2-4,좁음,직선
2,205,벡스코,하선,양산행 3-1,좁음,직선
2,205,벡스코,하선,양산행 3-2,좁음,직선
2,205,벡스코,하선,양산행 3-3,좁음,직선
2,205,벡스코,하선,양산행 3-4,좁음,직선
2,205,벡스코,하선,양산행 4-1,좁음,직선
2,205,벡스코,하선,양산행 4-2,좁음,직선
2,205,벡스코,하선,양산행 4-3,좁음,직선
2,205,벡스코,하선,양산행 4-4,좁음,직선
2,205,벡스코,하선,양산행 5-1,좁음,직선
2,205,벡스코,하선,양산행 5-2,좁음,직선
2,205,벡스코,하선,양산행 5-3,좁음,직선
2,205,벡스코,하선,양산행 5-4,좁음,직선
2,205,벡스코,하선,양산행 6-1,좁음,직선
2,205,벡스코,하선,양산행 6-2,좁음,직선
2,205,벡스코,하선,양산행 6-3,좁음,직선
2,205,벡스코,하선,양산행 6-4,좁음,직선
2,206,센텀시티,상선,장산행 1-1,좁음,직선
2,206,센텀시티,상선,장산행 1-2,좁음,직선
2,206,센텀시티,상선,장산행 1-3,좁음,직선
2,206,센텀시티,상선,장산행 1-4,좁음,직선
2,206,센텀시티,상선,장산행 2-1,좁음,직선
2,206,센텀시티,상선,장산행 2-2,좁음,직선
2,206,센텀시티,상선,장산행 2-3,좁음,직선
2,206,센텀시티,상선,장산행 2-4,좁음,직선
2,206,센텀시티,상선,장산행 3-1,좁음,직선
2,206,센텀시티,상선,장산행 3-2,좁음,직선
2,206,센텀시티,상선,장산행 3-3,좁음,직선
2,206,센텀시티,상선,장산행 3-4,좁음,직선
2,206,센텀시티,상선,장산행 4-1,좁음,직선
2,206,센텀시티,상선,장산행 4-2,좁음,직선
2,206,센텀시티,상선,장산행 4-3,좁음,직선
2,206,센텀시티,상선,장산행 4-4,좁음,직선
2,206,센텀시티,상선,장산행 5-1,좁음,직선
2,206,센텀시티,상선,장산행 5-2,좁음,직선
2,206,센텀시티,상선,장산행 5-3,좁음,직선
2,206,센텀시티,상선,장산행 5-4,좁음,직선
2,206,센텀시티,상선,장산행 6-1,좁음,직선
2,206,센텀시티,상선,장산행 6-2,좁음,직선
2,206,센텀시티,상선,장산행 6-3,좁음,직선
2,206,센텀시티,상선,장산행 6-4,좁음,직선
2,206,센텀시티,하선,양산행 1-1,좁음,직선
2,206,센텀시티,하선,양산행 1-2,좁음,직선
2,206,센텀시티,하선,양산행 1-3,좁음,직선
2,206,센텀시티,하선,양산행 1-4,좁음,직선
2,206,센텀시티,하선,양산행 2-1,좁음,직선
2,206,센텀시티,하선,양산행 2-2,좁음,직선
2,206,센텀시티,하선,양산행 2-3,좁음,직선
2,206,센텀시티,하선,양산행 2-4,좁음,직선
2,206,센텀시티,하선,양산행 3-1,좁음,직선
2,206,센텀시티,하선,양산행 3-2,좁음,직선
2,206,센텀시티,하선,양산행 3-3,좁음,직선
2,206,센텀시티,하선,양산행 3-4,좁음,직선
2,206,센텀시티,하선,양산행 4-1,좁음,직선
2,206,센텀시티,하선,양산행 4-2,좁음,직선
2,206,센텀시티,하선,양산행 4-3,좁음,직선
2,206,센텀시티,하선,양산행 4-4,좁음,직선
2,206,센텀시티,하선,양산행 5-1,좁음,직선
2,206,센텀시티,하선,양산행 5-2,좁음,직선
2,206,센텀시티,하선,양산행 5-3,좁음,직선
2,206,센텀시티,하선,양산행 5-4,좁음,직선
2,206,센텀시티,하선,양산행 6-1,좁음,직선
2,206,센텀시티,하선,양산행 6-2,좁음,직선
2,206,센텀시티,하선,양산행 6-3,좁음,직선
2,206,센텀시티,하선,양산행 6-4,좁음,직선
2,207,민락,상선,장산행 1-1,좁음,직선
2,207,민락,상선,장산행 1-2,좁음,직선
2,207,민락,상선,장산행 1-3,좁음,직선
2,207,민락,상선,장산행 1-4,좁음,직선
2,207,민락,상선,장산행 2-1,좁음,직선
2,207,민락,상선,장산행 2-2,좁음,직선
2,207,민락,상선,장산행 2-3,좁음,직선
2,207,민락,상선,장산행 2-4,좁음,직선
2,207,민락,상선,장산행 3-1,좁음,직선
2,207,민락,상선,장산행 3-2,좁음,직선
2,207,민락,상선,장산행 3-3,좁음,직선
2,207,민락,상선,장산행 3-4,좁음,직선
2,207,민락,상선,장산행 4-1,좁음,직선
2,207,민락,상선,장산행 4-2,좁음,직선
2,207,민락,상선,장산행 4-3,좁음,직선
2,207,민락,상선,장산행 4-4,좁음,직선
2,207,민락,상선,장산행 5-1,좁음,직선
2,207,민락,상선,장산행 5-2,좁음,직선
2,207,민락,상선,장산행 5-3,좁음,직선
2,207,민락,상선,장산행 5-4,좁음,직선
2,207,민락,상선,장산행 6-1,좁음,직선
2,207,민락,상선,장산행 6-2,좁음,직선
2,207,민락,상선,장산행 6-3,좁음,직선
2,207,민락,상선,장산행 6-4,좁음,직선
2,207,민락,하선,양산행 1-1,좁음,직선
2,207,민락,하선,양산행 1-2,좁음,직선
2,207,민락,하선,양산행 1-3,좁음,직선
2,207,민락,하선,양산행 1-4,좁음,직선
2,207,민락,하선,양산행 2-1,좁음,직선
2,207,민락,하선,양산행 2-2,좁음,직선
2,207,민락,하선,양산행 2-3,좁음,직선
2,207,민락,하선,양산행 2-4,좁음,직선
2,207,민락,하선,양산행 3-1,좁음,직선
2,207,민락,하선,양산행 3-2,좁음,직선
2,207,민락,하선,양산행 3-3,좁음,직선
2,207,민락,하선,양산행 3-4,좁음,직선
2,207,민락,하선,양산행 4-1,좁음,직선
2,207,민락,하선,양산행 4-2,좁음,직선
2,207,민락,하선,양산행 4-3,좁음,직선
2,207,민락,하선,양산행 4-4,좁음,직선
2,207,민락,하선,양산행 5-1,좁음,직선
2,207,민락,하선,양산행 5-2,좁음,직선
2,207,민락,하선,양산행 5-3,좁음,직선
2,207,민락,하선,양산행 5-4,좁음,직선
2,207,민락,하선,양산행 6-1,좁음,직선
2,207,민락,하선,양산행 6-2,좁음,직선
2,207,민락,하선,양산행 6-3,좁음,직선
2,207,민락,하선,양산행 6-4,좁음,직선
2,208,2수영,상선,장산행 1-1,좁음,직선
2,208,2수영,상선,장산행 1-2,좁음,직선
2,208,2수영,상선,장산행 1-3,좁음,직선
2,208,2수영,상선,장산행 1-4,좁음,직선
2,208,2수영,상선,장산행 2-1,좁음,직선
2,208,2수영,상선,장산행 2-2,좁음,직선
2,208,2수영,상선,장산행 2-3,좁음,직선
2,208,2수영,상선,장산행 2-4,좁음,직선
2,208,2수영,상선,장산행 3-1,좁음,직선
2,208,2수영,상선,장산행 3-2,좁음,직선
2,208,2수영,상선,장산행 3-3,좁음,직선
2,208,2수영,상선,장산행 3-4,좁음,직선
2,208,2수영,상선,장산행 4-1,좁음,직선
2,208,2수영,상선,장산행 4-2,좁음,직선
2,208,2수영,상선,장산행 4-3,좁음,직선
2,208,2수영,상선,장산행 4-4,좁음,직선
2,208,2수영,상선,장산행 5-1,좁음,직선
2,208,2수영,상선,장산행 5-2,좁음,직선
2,208,2수영,상선,장산행 5-3,좁음,직선
2,208,2수영,상선,장산행 5-4,좁음,직선
2,208,2수영,상선,장산행 6-1,좁음,직선
2,208,2수영,상선,장산행 6-2,좁음,직선
2,208,2수영,상선,장산행 6-3,좁음,직선
2,208,2수영,상선,장산행 6-4,좁음,직선
2,208,2수영,하선,양산행 1-1,좁음,직선
2,208,2수영,하선,양산행 1-2,좁음,직선
2,208,2수영,하선,양산행 1-3,좁음,직선
2,208,2수영,하선,양산행 1-4,좁음,직선
2,208,2수영,하선,양산행 2-1,좁음,직선
2,208,2수영,하선,양산행 2-2,좁음,직선
2,208,2수영,하선,양산행 2-3,좁음,직선
2,208,2수영,하선,양산행 2-4,좁음,직선
2,208,2수영,하선,양산행 3-1,좁음,직선
2,208,2수영,하선,양산행 3-2,좁음,직선
2,208,2수영,하선,양산행 3-3,좁음,직선
2,208,2수영,하선,양산행 3-4,좁음,직선
2,208,2수영,하선,양산행 4-1,좁음,직선
2,208,2수영,하선,양산행 4-2,좁음,직선
2,208,2수영,하선,양산행 4-3,좁음,직선
2,208,2수영,하선,양산행 4-4,좁음,직선
2,208,2수영,하선,양산행 5-1,좁음,직선
2,208,2수영,하선,양산행 5-2,좁음,직선
2,208,2수영,하선,양산행 5-3,좁음,직선
2,208,2수영,하선,양산행 5-4,좁음,직선
2,208,2수영,하선,양산행 6-1,좁음,직선
2,208,2수영,하선,양산행 6-2,좁음,직선
2,208,2수영,하선,양산행 6-3,좁음,직선
2,208,2수영,하선,양산행 6-4,좁음,직선
2,209,광안,상선,장산행 1-1,좁음,직선
2,209,광안,상선,장산행 1-2,좁음,직선
2,209,광안,상선,장산행 1-3,좁음,직선
2,209,광안,상선,장산행 1-4,좁음,직선
2,209,광안,상선,장산행 2-1,좁음,직선
2,209,광안,상선,장산행 2-2,좁음,직선
2,209,광안,상선,장산행 2-3,좁음,직선
2,209,광안,상선,장산행 2-4,좁음,직선
2,209,광안,상선,장산행 3-1,좁음,직선
2,209,광안,상선,장산행 3-2,좁음,직선
2,209,광안,상선,장산행 3-3,좁음,직선
2,209,광안,상선,장산행 3-4,좁음,직선
2,209,광안,상선,장산행 4-1,좁음,직선
2,209,광안,상선,장산행 4-2,좁음,직선
2,209,광안,상선,장산행 4-3,좁음,직선
2,209,광안,상선,장산행 4-4,좁음,직선
2,209,광안,상선,장산행 5-1,좁음,직선
2,209,광안,상선,장산행 5-2,좁음,직선
2,209,광안,상선,장산행 5-3,좁음,직선
2,209,광안,상선,장산행 5-4,좁음,직선
2,209,광안,상선,장산행 6-1,좁음,직선
2,209,광안,상선,장산행 6-2,좁음,직선
2,209,광안,상선,장산행 6-3,좁음,직선
2,209,광안,상선,장산행 6-4,좁음,직선
2,209,광안,하선,양산행 1-1,좁음,직선
2,209,광안,하선,양산행 1-2,좁음,직선
2,209,광안,하선,양산행 1-3,좁음,직선
2,209,광안,하선,양산행 1-4,좁음,직선
2,209,광안,하선,양산행 2-1,좁음,직선
2,209,광안,하선,양산행 2-2,좁음,직선
2,209,광안,하선,양산행 2-3,좁음,직선
2,209,광안,하선,양산행 2-4,좁음,직선
2,209,광안,하선,양산행 3-1,좁음,직선
2,209,광안,하선,양산행 3-2,좁음,직선
2,209,광안,하선,양산행 3-3,좁음,직선
2,209,광안,하선,양산행 3-4,좁음,직선
2,209,광안,하선,양산행 4-1,좁음,직선
2,209,광안,하선,양산행 4-2,좁음,직선
2,209,광안,하선,양산행 4-3,좁음,직선
2,209,광안,하선,양산행 4-4,좁음,직선
2,209,광안,하선,양산행 5-1,좁음,직선
2,209,광안,하선,양산행 5-2,좁음,직선
2,209,광안,하선,양산행 5-3,좁음,직선
2,209,광안,하선,양산행 5-4,좁음,직선
2,209,광안,하선,양산행 6-1,좁음,직선
2,209,광안,하선,양산행 6-2,좁음,직선
2,209,광안,하선,양산행 6-3,좁음,직선
2,209,광안,하선,양산행 6-4,좁음,직선
2,210,금련산,상선,장산행 1-1,좁음,직선
2,210,금련산,상선,장산행 1-2,좁음,직선
2,210,금련산,상선,장산행 1-3,좁음,직선
2,210,금련산,상선,장산행 1-4,좁음,직선
2,210,금련산,상선,장산행 2-1,좁음,직선
2,210,금련산,상선,장산행 2-2,좁음,직선
2,210,금련산,상선,장산행 2-3,좁음,직선
2,210,금련산,상선,장산행 2-4,좁음,직선
2,210,금련산,상선,장산행 3-1,좁음,직선
2,210,금련산,상선,장산행 3-2,좁음,직선
2,210,금련산,상선,장산행 3-3,좁음,직선
2,210,금련산,상선,장산행 3-4,좁음,직선
2,210,금련산,상선,장산행 4-1,좁음,직선
2,210,금련산,상선,장산행 4-2,좁음,직선
2,210,금련산,상선,장산행 4-3,좁음,직선
2,210,금련산,상선,장산행 4-4,좁음,직선
2,210,금련산,상선,장산행 5-1,좁음,직선
2,210,금련산,상선,장산행 5-2,좁음,직선
2,210,금련산,상선,장산행 5-3,좁음,직선
2,210,금련산,상선,장산행 5-4,좁음,직선
2,210,금련산,상선,장산행 6-1,좁음,직선
2,210,금련산,상선,장산행 6-2,좁음,직선
2,210,금련산,상선,장산행 6-3,좁음,직선
2,210,금련산,상선,장산행 6-4,좁음,직선
2,210,금련산,하선,양산행 1-1,좁음,직선
2,210,금련산,하선,양산행 1-2,좁음,직선
2,210,금련산,하선,양산행 1-3,좁음,직선
2,210,금련산,하선,양산행 1-4,좁음,직선
2,210,금련산,하선,양산행 2-1,좁음,직선
2,210,금련산,하선,양산행 2-2,좁음,직선
2,210,금련산,하선,양산행 2-3,좁음,직선
2,210,금련산,하선,양산행 2-4,좁음,직선
2,210,금련산,하선,양산행 3-1,좁음,직선
2,210,금련산,하선,양산행 3-2,좁음,직선
2,210,금련산,하선,양산행 3-3,좁음,직선
2,210,금련산,하선,양산행 3-4,좁음,직선
2,210,금련산,하선,양산행 4-1,좁음,직선
2,210,금련산,하선,양산행 4-2,좁음,직선
2,210,금련산,하선,양산행 4-3,좁음,직선
2,210,금련산,하선,양산행 4-4,좁음,직선
2,210,금련산,하선,양산행 5-1,좁음,직선
2,210,금련산,하선,양산행 5-2,좁음,직선
2,210,금련산,하선,양산행 5-3,좁음,직선
2,210,금련산,하선,양산행 5-4,좁음,직선
2,210,금련산,하선,양산행 6-1,좁음,직선
2,210,금련산,하선,양산행 6-2,좁음,직선
2,210,금련산,하선,양산행 6-3,좁음,직선
2,210,금련산,하선,양산행 6-4,좁음,직선
2,211,남천,상선,장산행 1-1,좁음,직선
2,211,남천,상선,장산행 1-2,좁음,직선
2,211,남천,상선,장산행 1-3,좁음,직선
2,211,남천,상선,장산행 1-4,좁음,직선
2,211,남천,상선,장산행 2-1,좁음,직선
2,211,남천,상선,장산행 2-2,좁음,직선
2,211,남천,상선,장산행 2-3,좁음,직선
2,211,남천,상선,장산행 2-4,좁음,직선
2,211,남천,상선,장산행 3-1,좁음,직선
2,211,남천,상선,장산행 3-2,좁음,직선
2,211,남천,상선,장산행 3-3,좁음,직선
2,211,남천,상선,장산행 3-4,좁음,직선
2,211,남천,상선,장산행 4-1,좁음,직선
2,211,남천,상선,장산행 4-2,좁음,직선
2,211,남천,상선,장산행 4-3,좁음,직선
2,211,남천,상선,장산행 4-4,좁음,직선
2,211,남천,상선,장산행 5-1,좁음,직선
2,211,남천,상선,장산행 5-2,좁음,직선
2,211,남천,상선,장산행 5-3,좁음,직선
2,211,남천,상선,장산행 5-4,좁음,직선
2,211,남천,상선,장산행 6-1,좁음,직선
2,211,남천,상선,장산행 6-2,좁음,직선
2,211,남천,상선,장산행 6-3,좁음,직선
2,211,남천,상선,장산행 6-4,좁음,직선
2,211,남천,하선,양산행 1-1,좁음,직선
2,211,남천,하선,양산행 1-2,좁음,직선
2,211,남천,하선,양산행 1-3,좁음,직선
2,211,남천,하선,양산행 1-4,좁음,직선
2,211,남천,하선,양산행 2-1,좁음,직선
2,211,남천,하선,양산행 2-2,좁음,직선
2,211,남천,하선,양산행 2-3,좁음,직선
2,211,남천,하선,양산행 2-4,좁음,직선
2,211,남천,하선,양산행 3-1,좁음,직선
2,211,남천,하선,양산행 3-2,좁음,직선
2,211,남천,하선,양산행 3-3,좁음,직선
2,211,남천,하선,양산행 3-4,좁음,직선
2,211,남천,하선,양산행 4-1,좁음,직선
2,211,남천,하선,양산행 4-2,좁음,직선
2,211,남천,하선,양산행 4-3,좁음,직선
2,211,남천,하선,양산행 4-4,좁음,직선
2,211,남천,하선,양산행 5-1,좁음,직선
2,211,남천,하선,양산행 5-2,좁음,직선
2,211,남천,하선,양산행 5-3,좁음,직선
2,211,남천,하선,양산행 5-4,좁음,직선
2,211,남천,하선,양산행 6-1,좁음,직선
2,211,남천,하선,양산행 6-2,좁음,직선
2,211,남천,하선,양산행 6-3,좁음,직선
2,211,남천,하선,양산행 6-4,좁음,직선
2,212,경성대부경대,상선,장산행 1-1,좁음,직선
2,212,경성대부경대,상선,장산행 1-2,좁음,직선
2,212,경성대부경대,상선,장산행 1-3,좁음,직선
2,212,경성대부경대,상선,장산행 1-4,좁음,직선
2,212,경성대부경대,상선,장산행 2-1,좁음,직선
2,212,경성대부경대,상선,장산행 2-2,좁음,직선
2,212,경성대부경대,상선,장산행 2-3,좁음,직선
2,212,경성대부경대,상선,장산행 2-4,좁음,직선
2,212,경성대부경대,상선,장산행 3-1,좁음,직선
2,212,경성대부경대,상선,장산행 3-2,좁음,직선
2,212,경성대부경대,상선,장산행 3-3,좁음,직선
2,212,경성대부경대,상선,장산행 3-4,좁음,직선
2,212,경성대부경대,상선,장산행 4-1,좁음,직선
2,212,경성대부경대,상선,장산행 4-2,좁음,직선
2,212,경성대부경대,상선,장산행 4-3,좁음,직선
2,212,경성대부경대,상선,장산행 4-4,좁음,직선
2,212,경성대부경대,상선,장산행 5-1,좁음,직선
2,212,경성대부경대,상선,장산행 5-2,좁음,직선
2,212,경성대부경대,상선,장산행 5-3,좁음,직선
2,212,경성대부경대,상선,장산행 5-4,좁음,직선
2,212,경성대부경대,상선,장산행 6-1,좁음,직선
2,212,경성대부경대,상선,장산행 6-2,좁음,직선
2,212,경성대부경대,상선,장산행 6-3,좁음,직선
2,212,경성대부경대,상선,장산행 6-4,좁음,직선
2,212,경성대부경대,하선,양산행 1-1,좁음,직선
2,212,경성대부경대,하선,양산행 1-2,좁음,직선
2,212,경성대부경대,하선,양산행 1-3,좁음,직선
2,212,경성대부경대,하선,양산행 1-4,좁음,직선
2,212,경성대부경대,하선,양산행 2-1,좁음,직선
2,212,경성대부경대,하선,양산행 2-2,좁음,직선
2,212,경성대부경대,하선,양산행 2-3,좁음,직선
2,212,경성대부경대,하선,양산행 2-4,좁음,직선
2,212,경성대부경대,하선,양산행 3-1,좁음,직선
2,212,경성대부경대,하선,양산행 3-2,좁음,직선
2,212,경성대부경대,하선,양산행 3-3,좁음,직선
2,212,경성대부경대,하선,양산행 3-4,좁음,직선
2,212,경성대부경대,하선,양산행 4-1,좁음,직선
2,212,경성대부경대,하선,양산행 4-2,좁음,직선
2,212,경성대부경대,하선,양산행 4-3,좁음,직선
2,212,경성대부경대,하선,양산행 4-4,좁음,직선
2,212,경성대부경대,하선,양산행 5-1,좁음,직선
2,212,경성대부경대,하선,양산행 5-2,좁음,직선
2,212,경성대부경대,하선,양산행 5-3,좁음,직선
2,212,경성대부경대,하선,양산행 5-4,좁음,직선
2,212,경성대부경대,하선,양산행 6-1,좁음,직선
2,212,경성대부경대,하선,양산행 6-2,좁음,직선
2,212,경성대부경대,하선,양산행 6-3,좁음,직선
2,212,경성대부경대,하선,양산행 6-4,좁음,직선
2,213,대연,상선,장산행 1-1,좁음,직선
2,213,대연,상선,장산행 1-2,좁음,직선
2,213,대연,상선,장산행 1-3,좁음,직선
2,213,대연,상선,장산행 1-4,좁음,직선
2,213,대연,상선,장산행 2-1,좁음,직선
2,213,대연,상선,장산행 2-2,좁음,직선
2,213,대연,상선,장산행 2-3,좁음,직선
2,213,대연,상선,장산행 2-4,좁음,직선
2,213,대연,상선,장산행 3-1,좁음,직선
2,213,대연,상선,장산행 3-2,좁음,직선
2,213,대연,상선,장산행 3-3,좁음,직선
2,213,대연,상선,장산행 3-4,좁음,직선
2,213,대연,상선,장산행 4-1,좁음,직선
2,213,대연,상선,장산행 4-2,좁음,직선
2,213,대연,상선,장산행 4-3,좁음,직선
2,213,대연,상선,장산행 4-4,좁음,직선
2,213,대연,상선,장산행 5-1,좁음,직선
2,213,대연,상선,장산행 5-2,좁음,직선
2,213,대연,상선,장산행 5-3,좁음,직선
2,213,대연,상선,장산행 5-4,좁음,직선
2,213,대연,상선,장산행 6-1,좁음,직선
2,213,대연,상선,장산행 6-2,좁음,직선
2,213,대연,상선,장산행 6-3,좁음,직선
2,213,대연,상선,장산행 6-4,좁음,직선
2,213,대연,하선,양산행 1-1,좁음,직선
2,213,대연,하선,양산행 1-2,좁음,직선
2,213,대연,하선,양산행 1-3,좁음,직선
2,213,대연,하선,양산행 1-4,좁음,직선
2,213,대연,하선,양산행 2-1,좁음,직선
2,213,대연,하선,양산행 2-2,좁음,직선
2,213,대연,하선,양산행 2-3,좁음,직선
2,213,대연,하선,양산행 2-4,좁음,직선
2,213,대연,하선,양산행 3-1,좁음,직선
2,213,대연,하선,양산행 3-2,좁음,직선
2,213,대연,하선,양산행 3-3,좁음,직선
2,213,대연,하선,양산행 3-4,좁음,직선
2,213,대연,하선,양산행 4-1,좁음,직선
2,213,대연,하선,양산행 4-2,좁음,직선
2,213,대연,하선,양산행 4-3,좁음,직선
2,213,대연,하선,양산행 4-4,좁음,직선
2,213,대연,하선,양산행 5-1,좁음,직선
2,213,대연,하선,양산행 5-2,좁음,직선
2,213,대연,하선,양산행 5-3,좁음,직선
2,213,대연,하선,양산행 5-4,좁음,직선
2,213,대연,하선,양산행 6-1,좁음,직선
2,213,대연,하선,양산행 6-2,좁음,직선
2,213,대연,하선,양산행 6-3,좁음,직선
2,213,대연,하선,양산행 6-4,좁음,직선
2,214,못골,상선,장산행 1-1,좁음,직선
2,214,못골,상선,장산행 1-2,좁음,직선
2,214,못골,상선,장산행 1-3,좁음,직선
2,214,못골,상선,장산행 1-4,좁음,직선
2,214,못골,상선,장산행 2-1,좁음,직선
2,214,못골,상선,장산행 2-2,좁음,직선
2,214,못골,상선,장산행 2-3,좁음,직선
2,214,못골,상선,장산행 2-4,좁음,직선
2,214,못골,상선,장산행 3-1,좁음,직선
2,214,못골,상선,장산행 3-2,좁음,직선
2,214,못골,상선,장산행 3-3,좁음,직선
2,214,못골,상선,장산행 3-4,좁음,직선
2,214,못골,상선,장산행 4-1,좁음,직선
2,214,못골,상선,장산행 4-2,좁음,직선
2,214,못골,상선,장산행 4-3,좁음,직선
2,214,못골,상선,장산행 4-4,좁음,직선
2,214,못골,상선,장산행 5-1,좁음,직선
2,214,못골,상선,장산행 5-2,좁음,직선
2,214,못골,상선,장산행 5-3,좁음,직선
2,214,못골,상선,장산행 5-4,좁음,직선
2,214,못골,상선,장산행 6-1,좁음,직선
2,214,못골,상선,장산행 6-2,좁음,직선
2,214,못골,상선,장산행 6-3,좁음,직선
2,214,못골,상선,장산행 6-4,좁음,직선
2,214,못골,하선,양산행 1-1,좁음,직선
2,214,못골,하선,양산행 1-2,좁음,직선
2,214,못골,하선,양산행 1-3,좁음,직선
2,214,못골,하선,양산행 1-4,좁음,직선
2,214,못골,하선,양산행 2-1,좁음,직선
2,214,못골,하선,양산행 2-2,좁음,직선
2,214,못골,하선,양산행 2-3,좁음,직선
2,214,못골,하선,양산행 2-4,좁음,직선
2,214,못골,하선,양산행 3-1,좁음,직선
2,214,못골,하선,양산행 3-2,좁음,직선
2,214,못골,하선,양산행 3-3,좁음,직선
2,214,못골,하선,양산행 3-4,좁음,직선
2,214,못골,하선,양산행 4-1,좁음,직선
2,214,못골,하선,양산행 4-2,좁음,직선
2,214,못골,하선,양산행 4-3,좁음,직선
2,214,못골,하선,양산행 4-4,좁음,직선
2,214,못골,하선,양산행 5-1,좁음,직선
2,214,못골,하선,양산행 5-2,좁음,직선
2,214,못골,하선,양산행 5-3,좁음,직선
2,214,못골,하선,양산행 5-4,좁음,직선
2,214,못골,하선,양산행 6-1,좁음,직선
2,214,못골,하선,양산행 6-2,좁음,직선
2,214,못골,하선,양산행 6-3,좁음,직선
2,214,못골,하선,양산행 6-4,좁음,직선
2,215,지게골,상선,장산행 1-1,좁음,직선
2,215,지게골,상선,장산행 1-2,좁음,직선
2,215,지게골,상선,장산행 1-3,좁음,직선
2,215,지게골,상선,장산행 1-4,좁음,직선
2,215,지게골,상선,장산행 2-1,좁음,직선
2,215,지게골,상선,장산행 2-2,좁음,직선
2,215,지게골,상선,장산행 2-3,좁음,직선
2,215,지게골,상선,장산행 2-4,좁음,직선
2,215,지게골,상선,장산행 3-1,좁음,직선
2,215,지게골,상선,장산행 3-2,좁음,직선
2,215,지게골,상선,장산행 3-3,좁음,직선
2,215,지게골,상선,장산행 3-4,좁음,직선
2,215,지게골,상선,장산행 4-1,좁음,직선
2,215,지게골,상선,장산행 4-2,좁음,직선
2,215,지게골,상선,장산행 4-3,좁음,직선
2,215,지게골,상선,장산행 4-4,좁음,직선
2,215,지게골,상선,장산행 5-1,좁음,직선
2,215,지게골,상선,장산행 5-2,좁음,직선
2,215,지게골,상선,장산행 5-3,좁음,직선
2,215,지게골,상선,장산행 5-4,좁음,직선
2,215,지게골,상선,장산행 6-1,좁음,직선
2,215,지게골,상선,장산행 6-2,좁음,직선
2,215,지게골,상선,장산행 6-3,좁음,직선
2,215,지게골,상선,장산행 6-4,좁음,직선
2,215,지게골,하선,양산행 1-1,좁음,직선
2,215,지게골,하선,양산행 1-2,좁음,직선
2,215,지게골,하선,양산행 1-3,좁음,직선
2,215,지게골,하선,양산행 1-4,좁음,직선
2,215,지게골,하선,양산행 2-1,좁음,직선
2,215,지게골,하선,양산행 2-2,좁음,직선
2,215,지게골,하선,양산행 2-3,좁음,직선
2,215,지게골,하선,양산행 2-4,좁음,직선
2,215,지게골,하선,양산행 3-1,좁음,직선
2,215,지게골,하선,양산행 3-2,좁음,직선
2,215,지게골,하선,양산행 3-3,좁음,직선
2,215,지게골,하선,양산행 3-4,좁음,직선
2,215,지게골,하선,양산행 4-1,좁음,직선
2,215,지게골,하선,양산행 4-2,좁음,직선
2,215,지게골,하선,양산행 4-3,좁음,직선
2,215,지게골,하선,양산행 4-4,좁음,직선
2,215,지게골,하선,양산행 5-1,좁음,직선
2,215,지게골,하선,양산행 5-2,좁음,직선
2,215,지게골,하선,양산행 5-3,좁음,직선
2,215,지게골,하선,양산행 5-4,좁음,직선
2,215,지게골,하선,양산행 6-1,좁음,직선
2,215,지게골,하선,양산행 6-2,좁음,직선
2,215,지게골,하선,양산행 6-3,좁음,직선
2,215,지게골,하선,양산행 6-4,좁음,직선
2,216,문현,상선,장산행 1-1,보통,곡선
2,216,문현,상선,장산행 1-2,좁음,곡선
2,216,문현,상선,장산행 1-3,보통,곡선
2,216,문현,상선,장산행 1-4,보통,곡선
2,216,문현,상선,장산행 2-1,좁음,곡선
2,216,문현,상선,장산행 2-2,좁음,곡선
2,216,문현,상선,장산행 2-3,보통,곡선
2,216,문현,상선,장산행 2-4,좁음,곡선
2,216,문현,상선,장산행 3-1,보통,곡선
2,216,문현,상선,장산행 3-2,보통,곡선
2,216,문현,상선,장산행 3-3,보통,곡선
2,216,문현,상선,장산행 3-4,좁음,곡선
2,216,문현,상선,장산행 4-1,보통,곡선
2,216,문현,상선,장산행 4-2,보통,곡선
2,216,문현,상선,장산행 4-3,좁음,곡선
2,216,문현,상선,장산행 4-4,좁음,곡선
2,216,문현,상선,장산행 5-1,좁음,곡선
2,216,문현,상선,장산행 5-2,보통,곡선
2,216,문현,상선,장산행 5-3,보통,곡선
2,216,문현,상선,장산행 5-4,좁음,곡선
2,216,문현,상선,장산행 6-1,좁음,곡선
2,216,문현,상선,장산행 6-2,좁음,곡선
2,216,문현,상선,장산행 6-3,좁음,곡선
2,216,문현,상선,장산행 6-4,좁음,곡선
2,216,문현,하선,양산행 1-1,보통,곡선
2,216,문현,하선,양산행 1-2,좁음,곡선
2,216,문현,하선,양산행 1-3,좁음,곡선
2,216,문현,하선,양산행 1-4,좁음,곡선
2,216,문현,하선,양산행 2-1,좁음,곡선
2,216,문현,하선,양산행 2-2,좁음,곡선
2,216,문현,하선,양산행 2-3,좁음,곡선
2,216,문현,하선,양산행 2-4,좁음,곡선
2,216,문현,하선,양산행 3-1,보통,곡선
2,216,문현,하선,양산행 3-2,좁음,곡선
2,216,문현,하선,양산행 3-3,좁음,곡선
2,216,문현,하선,양산행 3-4,좁음,곡선
2,216,문현,하선,양산행 4-1,좁음,곡선
2,216,문현,하선,양산행 4-2,좁음,곡선
2,216,문현,하선,양산행 4-3,좁음,곡선
2,216,문현,하선,양산행 4-4,좁음,곡선
2,216,문현,하선,양산행 5-1,좁음,곡선
2,216,문현,하선,양산행 5-2,좁음,곡선
2,216,문현,하선,양산행 5-3,좁음,곡선
2,216,문현,하선,양산행 5-4,좁음,곡선
2,216,문현,하선,양산행 6-1,좁음,곡선
2,216,문현,하선,양산행 6-2,좁음,곡선
2,216,문현,하선,양산행 6-3,좁음,곡선
2,216,문현,하선,양산행 6-4,좁음,곡선
2,217,국제금융센터부산은행,상선,장산행 1-1,좁음,직선
2,217,국제금융센터부산은행,상선,장산행 1-2,좁음,직선
2,217,국제금융센터부산은행,상선,장산행 1-3,좁음,직선
2,217,국제금융센터부산은행,상선,장산행 1-4,좁음,직선
2,217,국제금융센터부산은행,상선,장산행 2-1,좁음,직선
2,217,국제금융센터부산은행,상선,장산행 2-2,좁음,직선
2,217,국제금융센터부산은행,상선,장산행 2-3,좁음,직선
2,217,국제금융센터부산은행,상선,장산행 2-4,좁음,직선
2,217,국제금융센터부산은행,상선,장산행 3-1,좁음,직선
2,217,국제금융센터부산은행,상선,장산행 3-2,좁음,직선
2,217,국제금융센터부산은행,상선,장산행 3-3,좁음,직선
2,217,국제금융센터부산은행,상선,장산행 3-4,좁음,직선
2,217,국제금융센터부산은행,상선,장산행 4-1,좁음,직선
2,217,국제금융센터부산은행,상선,장산행 4-2,좁음,직선
2,217,국제금융센터부산은행,상선,장산행 4-3,좁음,직선
2,217,국제금융센터부산은행,상선,장산행 4-4,좁음,직선
2,217,국제금융센터부산은행,상선,장산행 5-1,좁음,직선
2,217,국제금융센터부산은행,상선,장산행 5-2,좁음,직선
2,217,국제금융센터부산은행,상선,장산행 5-3,좁음,직선
2,217,국제금융센터부산은행,상선,장산행 5-4,좁음,직선
2,217,국제금융센터부산은행,상선,장산행 6-1,좁음,직선
2,217,국제금융센터부산은행,상선,장산행 6-2,좁음,직선
2,217,국제금융센터부산은행,상선,장산행 6-3,좁음,직선
2,217,국제금융센터부산은행,상선,장산행 6-4,좁음,직선
2,217,국제금융센터부산은행,하선,양산행 1-1,좁음,직선
2,217,국제금융센터부산은행,하선,양산행 1-2,좁음,직선
2,217,국제금융센터부산은행,하선,양산행 1-3,좁음,직선
2,217,국제금융센터부산은행,하선,양산행 1-4,좁음,직선
2,217,국제금융센터부산은행,하선,양산행 2-1,좁음,직선
2,217,국제금융센터부산은행,하선,양산행 2-2,좁음,직선
2,217,국제금융센터부산은행,하선,양산행 2-3,좁음,직선
2,217,국제금융센터부산은행,하선,양산행 2-4,좁음,직선
2,217,국제금융센터부산은행,하선,양산행 3-1,좁음,직선
2,217,국제금융센터부산은행,하선,양산행 3-2,좁음,직선
2,217,국제금융센터부산은행,하선,양산행 3-3,좁음,직선
2,217,국제금융센터부산은행,하선,양산행 3-4,좁음,직선
2,217,국제금융센터부산은행,하선,양산행 4-1,좁음,직선
2,217,국제금융센터부산은행,하선,양산행 4-2,좁음,직선
2,217,국제금융센터부산은행,하선,양산행 4-3,좁음,직선
2,217,국제금융센터부산은행,하선,양산행 4-4,좁음,직선
2,217,국제금융센터부산은행,하선,양산행 5-1,좁음,직선
2,217,국제금융센터부산은행,하선,양산행 5-2,좁음,직선
2,217,국제금융센터부산은행,하선,양산행 5-3,좁음,직선
2,217,국제금융센터부산은행,하선,양산행 5-4,좁음,직선
2,217,국제금융센터부산은행,하선,양산행 6-1,좁음,직선
2,217,국제금융센터부산은행,하선,양산행 6-2,좁음,직선
2,217,국제금융센터부산은행,하선,양산행 6-3,좁음,직선
2,217,국제금융센터부산은행,하선,양산행 6-4,좁음,직선
2,218,전포,상선,장산행 1-1,좁음,직선
2,218,전포,상선,장산행 1-2,좁음,직선
2,218,전포,상선,장산행 1-3,좁음,직선
2,218,전포,상선,장산행 1-4,좁음,직선
2,218,전포,상선,장산행 2-1,좁음,직선
2,218,전포,상선,장산행 2-2,좁음,직선
2,218,전포,상선,장산행 2-3,좁음,직선
2,218,전포,상선,장산행 2-4,좁음,직선
2,218,전포,상선,장산행 3-1,좁음,직선
2,218,전포,상선,장산행 3-2,좁음,직선
2,218,전포,상선,장산행 3-3,좁음,직선
2,218,전포,상선,장산행 3-4,좁음,직선
2,218,전포,상선,장산행 4-1,좁음,직선
2,218,전포,상선,장산행 4-2,좁음,직선
2,218,전포,상선,장산행 4-3,좁음,직선
2,218,전포,상선,장산행 4-4,좁음,직선
2,218,전포,상선,장산행 5-1,좁음,직선
2,218,전포,상선,장산행 5-2,좁음,직선
2,218,전포,상선,장산행 5-3,좁음,직선
2,218,전포,상선,장산행 5-4,좁음,직선
2,218,전포,상선,장산행 6-1,좁음,직선
2,218,전포,상선,장산행 6-2,좁음,직선
2,218,전포,상선,장산행 6-3,좁음,직선
2,218,전포,상선,장산행 6-4,좁음,직선
2,218,전포,하선,양산행 1-1,좁음,직선
2,218,전포,하선,양산행 1-2,좁음,직선
2,218,전포,하선,양산행 1-3,좁음,직선
2,218,전포,하선,양산행 1-4,좁음,직선
2,218,전포,하선,양산행 2-1,좁음,직선
2,218,전포,하선,양산행 2-2,좁음,직선
2,218,전포,하선,양산행 2-3,좁음,직선
2,218,전포,하선,양산행 2-4,좁음,직선
2,218,전포,하선,양산행 3-1,좁음,직선
2,218,전포,하선,양산행 3-2,좁음,직선
2,218,전포,하선,양산행 3-3,좁음,직선
2,218,전포,하선,양산행 3-4,좁음,직선
2,218,전포,하선,양산행 4-1,좁음,직선
2,218,전포,하선,양산행 4-2,좁음,직선
2,218,전포,하선,양산행 4-3,좁음,직선
2,218,전포,하선,양산행 4-4,좁음,직선
2,218,전포,하선,양산행 5-1,좁음,직선
2,218,전포,하선,양산행 5-2,좁음,직선
2,218,전포,하선,양산행 5-3,좁음,직선
2,218,전포,하선,양산행 5-4,좁음,직선
2,218,전포,하선,양산행 6-1,좁음,직선
2,218,전포,하선,양산행 6-2,좁음,직선
2,218,전포,하선,양산행 6-3,좁음,직선
2,218,전포,하선,양산행 6-4,좁음,직선
2,219,2서면,상선,장산행 1-1,좁음,직선
2,219,2서면,상선,장산행 1-2,좁음,직선
2,219,2서면,상선,장산행 1-3,좁음,직선
2,219,2서면,상선,장산행 1-4,좁음,직선
2,219,2서면,상선,장산행 2-1,좁음,직선
2,219,2서면,상선,장산행 2-2,좁음,직선
2,219,2서면,상선,장산행 2-3,좁음,직선
2,219,2서면,상선,장산행 2-4,좁음,직선
2,219,2서면,상선,장산행 3-1,좁음,직선
2,219,2서면,상선,장산행 3-2,좁음,직선
2,219,2서면,상선,장산행 3-3,좁음,직선
2,219,2서면,상선,장산행 3-4,좁음,직선
2,219,2서면,상선,장산행 4-1,좁음,직선
2,219,2서면,상선,장산행 4-2,좁음,직선
2,219,2서면,상선,장산행 4-3,좁음,직선
2,219,2서면,상선,장산행 4-4,좁음,직선
2,219,2서면,상선,장산행 5-1,좁음,직선
2,219,2서면,상선,장산행 5-2,좁음,직선
2,219,2서면,상선,장산행 5-3,좁음,직선
2,219,2서면,상선,장산행 5-4,좁음,직선
2,219,2서면,상선,장산행 6-1,좁음,직선
2,219,2서면,상선,장산행 6-2,좁음,직선
2,219,2서면,상선,장산행 6-3,좁음,직선
2,219,2서면,상선,장산행 6-4,좁음,직선
2,219,2서면,하선,양산행 1-1,좁음,직선
2,219,2서면,하선,양산행 1-2,좁음,직선
2,219,2서면,하선,양산행 1-3,좁음,직선
2,219,2서면,하선,양산행 1-4,좁음,직선
2,219,2서면,하선,양산행 2-1,좁음,직선
2,219,2서면,하선,양산행 2-2,좁음,직선
2,219,2서면,하선,양산행 2-3,좁음,직선
2,219,2서면,하선,양산행 2-4,좁음,직선
2,219,2서면,하선,양산행 3-1,좁음,직선
2,219,2서면,하선,양산행 3-2,좁음,직선
2,219,2서면,하선,양산행 3-3,좁음,직선
2,219,2서면,하선,양산행 3-4,좁음,직선
2,219,2서면,하선,양산행 4-1,좁음,직선
2,219,2서면,하선,양산행 4-2,좁음,직선
2,219,2서면,하선,양산행 4-3,좁음,직선
2,219,2서면,하선,양산행 4-4,좁음,직선
2,219,2서면,하선,양산행 5-1,좁음,직선
2,219,2서면,하선,양산행 5-2,좁음,직선
2,219,2서면,하선,양산행 5-3,좁음,직선
2,219,2서면,하선,양산행 5-4,좁음,직선
2,219,2서면,하선,양산행 6-1,좁음,직선
2,219,2서면,하선,양산행 6-2,좁음,직선
2,219,2서면,하선,양산행 6-3,좁음,직선
2,219,2서면,하선,양산행 6-4,좁음,직선
2,220,부암,상선,장산행 1-1,좁음,(완화)곡선
2,220,부암,상선,장산행 1-2,좁음,(완화)곡선
2,220,부암,상선,장산행 1-3,좁음,(완화)곡선
2,220,부암,상선,장산행 1-4,좁음,(완화)곡선
2,220,부암,상선,장산행 2-1,좁음,(완화)곡선
2,220,부암,상선,장산행 2-2,좁음,(완화)곡선
2,220,부암,상선,장산행 2-3,좁음,(완화)곡선
2,220,부암,상선,장산행 2-4,좁음,(완화)곡선
2,220,부암,상선,장산행 3-1,좁음,(완화)곡선
2,220,부암,상선,장산행 3-2,좁음,(완화)곡선
2,220,부암,상선,장산행 3-3,좁음,(완화)곡선
2,220,부암,상선,장산행 3-4,좁음,(완화)곡선
2,220,부암,상선,장산행 4-1,좁음,(완화)곡선
2,220,부암,상선,장산행 4-2,좁음,(완화)곡선
2,220,부암,상선,장산행 4-3,좁음,(완화)곡선
2,220,부암,상선,장산행 4-4,좁음,(완화)곡선
2,220,부암,상선,장산행 5-1,좁음,(완화)곡선
2,220,부암,상선,장산행 5-2,좁음,(완화)곡선
2,220,부암,상선,장산행 5-3,좁음,(완화)곡선
2,220,부암,상선,장산행 5-4,좁음,(완화)곡선
2,220,부암,상선,장산행 6-1,좁음,(완화)곡선
2,220,부암,상선,장산행 6-2,좁음,(완화)곡선
2,220,부암,상선,장산행 6-3,좁음,(완화)곡선
2,220,부암,상선,장산행 6-4,좁음,(완화)곡선
2,220,부암,하선,양산행 1-1,좁음,(완화)곡선
2,220,부암,하선,양산행 1-2,좁음,(완화)곡선
2,220,부암,하선,양산행 1-3,좁음,(완화)곡선
2,220,부암,하선,양산행 1-4,좁음,(완화)곡선
2,220,부암,하선,양산행 2-1,좁음,(완화)곡선
2,220,부암,하선,양산행 2-2,좁음,(완화)곡선
2,220,부암,하선,양산행 2-3,좁음,(완화)곡선
2,220,부암,하선,양산행 2-4,좁음,(완화)곡선
2,220,부암,하선,양산행 3-1,좁음,(완화)곡선
2,220,부암,하선,양산행 3-2,좁음,(완화)곡선
2,220,부암,하선,양산행 3-3,좁음,(완화)곡선
2,220,부암,하선,양산행 3-4,좁음,(완화)곡선
2,220,부암,하선,양산행 4-1,좁음,(완화)곡선
2,220,부암,하선,양산행 4-2,좁음,(완화)곡선
2,220,부암,하선,양산행 4-3,좁음,(완화)곡선
2,220,부암,하선,양산행 4-4,좁음,(완화)곡선
2,220,부암,하선,양산행 5-1,좁음,(완화)곡선
2,220,부암,하선,양산행 5-2,좁음,(완화)곡선
2,220,부암,하선,양산행 5-3,좁음,(완화)곡선
2,220,부암,하선,양산행 5-4,좁음,(완화)곡선
2,220,부암,하선,양산행 6-1,좁음,(완화)곡선
2,220,부암,하선,양산행 6-2,좁음,(완화)곡선
2,220,부암,하선,양산행 6-3,좁음,(완화)곡선
2,220,부암,하선,양산행 6-4,좁음,(완화)곡선
2,221,가야,상선,장산행 1-1,좁음,직선
2,221,가야,상선,장산행 1-2,좁음,직선
2,221,가야,상선,장산행 1-3,좁음,직선
2,221,가야,상선,장산행 1-4,좁음,직선
2,221,가야,상선,장산행 2-1,좁음,직선
2,221,가야,상선,장산행 2-2,좁음,직선
2,221,가야,상선,장산행 2-3,좁음,직선
2,221,가야,상선,장산행 2-4,좁음,직선
2,221,가야,상선,장산행 3-1,좁음,직선
2,221,가야,상선,장산행 3-2,좁음,직선
2,221,가야,상선,장산행 3-3,좁음,직선
2,221,가야,상선,장산행 3-4,좁음,직선
2,221,가야,상선,장산행 4-1,좁음,직선
2,221,가야,상선,장산행 4-2,좁음,직선
2,221,가야,상선,장산행 4-3,좁음,직선
2,221,가야,상선,장산행 4-4,좁음,직선
2,221,가야,상선,장산행 5-1,좁음,직선
2,221,가야,상선,장산행 5-2,좁음,직선
2,221,가야,상선,장산행 5-3,좁음,직선
2,221,가야,상선,장산행 5-4,좁음,직선
2,221,가야,상선,장산행 6-1,좁음,직선
2,221,가야,상선,장산행 6-2,좁음,직선
2,221,가야,상선,장산행 6-3,좁음,직선
2,221,가야,상선,장산행 6-4,좁음,직선
2,221,가야,하선,양산행 1-1,좁음,직선
2,221,가야,하선,양산행 1-2,좁음,직선
2,221,가야,하선,양산행 1-3,좁음,직선
2,221,가야,하선,양산행 1-4,좁음,직선
2,221,가야,하선,양산행 2-1,좁음,직선
2,221,가야,하선,양산행 2-2,좁음,직선
2,221,가야,하선,양산행 2-3,좁음,직선
2,221,가야,하선,양산행 2-4,좁음,직선
2,221,가야,하선,양산행 3-1,좁음,직선
2,221,가야,하선,양산행 3-2,좁음,직선
2,221,가야,하선,양산행 3-3,좁음,직선
2,221,가야,하선,양산행 3-4,좁음,직선
2,221,가야,하선,양산행 4-1,좁음,직선
2,221,가야,하선,양산행 4-2,좁음,직선
2,221,가야,하선,양산행 4-3,좁음,직선
2,221,가야,하선,양산행 4-4,좁음,직선
2,221,가야,하선,양산행 5-1,좁음,직선
2,221,가야,하선,양산행 5-2,좁음,직선
2,221,가야,하선,양산행 5-3,좁음,직선
2,221,가야,하선,양산행 5-4,좁음,직선
2,221,가야,하선,양산행 6-1,좁음,직선
2,221,가야,하선,양산행 6-2,좁음,직선
2,221,가야,하선,양산행 6-3,좁음,직선
2,221,가야,하선,양산행 6-4,좁음,직선
2,222,동의대,상선,장산행 1-1,좁음,직선
2,222,동의대,상선,장산행 1-2,좁음,직선
2,222,동의대,상선,장산행 1-3,좁음,직선
2,222,동의대,상선,장산행 1-4,좁음,직선
2,222,동의대,상선,장산행 2-1,좁음,직선
2,222,동의대,상선,장산행 2-2,좁음,직선
2,222,동의대,상선,장산행 2-3,좁음,직선
2,222,동의대,상선,장산행 2-4,좁음,직선
2,222,동의대,상선,장산행 3-1,좁음,직선
2,222,동의대,상선,장산행 3-2,좁음,직선
2,222,동의대,상선,장산행 3-3,좁음,직선
2,222,동의대,상선,장산행 3-4,좁음,직선
2,222,동의대,상선,장산행 4-1,좁음,직선
2,222,동의대,상선,장산행 4-2,좁음,직선
2,222,동의대,상선,장산행 4-3,좁음,직선
2,222,동의대,상선,장산행 4-4,좁음,직선
2,222,동의대,상선,장산행 5-1,좁음,직선
2,222,동의대,상선,장산행 5-2,좁음,직선
2,222,동의대,상선,장산행 5-3,좁음,직선
2,222,동의대,상선,장산행 5-4,좁음,직선
2,222,동의대,상선,장산행 6-1,좁음,직선
2,222,동의대,상선,장산행 6-2,좁음,직선
2,222,동의대,상선,장산행 6-3,좁음,직선
2,222,동의대,상선,장산행 6-4,좁음,직선
2,222,동의대,하선,양산행 1-1,좁음,직선
2,222,동의대,하선,양산행 1-2,좁음,직선
2,222,동의대,하선,양산행 1-3,좁음,직선
2,222,동의대,하선,양산행 1-4,좁음,직선
2,222,동의대,하선,양산행 2-1,좁음,직선
2,222,동의대,하선,양산행 2-2,좁음,직선
2,222,동의대,하선,양산행 2-3,좁음,직선
2,222,동의대,하선,양산행 2-4,좁음,직선
2,222,동의대,하선,양산행 3-1,좁음,직선
2,222,동의대,하선,양산행 3-2,좁음,직선
2,222,동의대,하선,양산행 3-3,좁음,직선
2,222,동의대,하선,양산행 3-4,좁음,직선
2,222,동의대,하선,양산행 4-1,좁음,직선
2,222,동의대,하선,양산행 4-2,좁음,직선
2,222,동의대,하선,양산행 4-3,좁음,직선
2,222,동의대,하선,양산행 4-4,좁음,직선
2,222,동의대,하선,양산행 5-1,좁음,직선
2,222,동의대,하선,양산행 5-2,좁음,직선
2,222,동의대,하선,양산행 5-3,좁음,직선
2,222,동의대,하선,양산행 5-4,좁음,직선
2,222,동의대,하선,양산행 6-1,좁음,직선
2,222,동의대,하선,양산행 6-2,좁음,직선
2,222,동의대,하선,양산행 6-3,좁음,직선
2,222,동의대,하선,양산행 6-4,좁음,직선
2,223,개금,상선,장산행 1-1,좁음,곡선
2,223,개금,상선,장산행 1-2,좁음,곡선
2,223,개금,상선,장산행 1-3,좁음,곡선
2,223,개금,상선,장산행 1-4,좁음,곡선
2,223,개금,상선,장산행 2-1,좁음,곡선
2,223,개금,상선,장산행 2-2,좁음,곡선
2,223,개금,상선,장산행 2-3,좁음,곡선
2,223,개금,상선,장산행 2-4,좁음,곡선
2,223,개금,상선,장산행 3-1,좁음,곡선
2,223,개금,상선,장산행 3-2,좁음,곡선
2,223,개금,상선,장산행 3-3,좁음,곡선
2,223,개금,상선,장산행 3-4,좁음,곡선
2,223,개금,상선,장산행 4-1,좁음,곡선
2,223,개금,상선,장산행 4-2,좁음,곡선
2,223,개금,상선,장산행 4-3,좁음,곡선
2,223,개금,상선,장산행 4-4,좁음,곡선
2,223,개금,상선,장산행 5-1,좁음,곡선
2,223,개금,상선,장산행 5-2,좁음,곡선
2,223,개금,상선,장산행 5-3,좁음,곡선
2,223,개금,상선,장산행 5-4,좁음,곡선
2,223,개금,상선,장산행 6-1,좁음,곡선
2,223,개금,상선,장산행 6-2,좁음,곡선
2,223,개금,상선,장산행 6-3,좁음,곡선
2,223,개금,상선,장산행 6-4,좁음,곡선
2,223,개금,하선,양산행 1-1,좁음,곡선
2,223,개금,하선,양산행 1-2,좁음,곡선
2,223,개금,하선,양산행 1-3,좁음,곡선
2,223,개금,하선,양산행 1-4,좁음,곡선
2,223,개금,하선,양산행 2-1,좁음,곡선
2,223,개금,하선,양산행 2-2,좁음,곡선
2,223,개금,하선,양산행 2-3,좁음,곡선
2,223,개금,하선,양산행 2-4,좁음,곡선
2,223,개금,하선,양산행 3-1,좁음,곡선
2,223,개금,하선,양산행 3-2,좁음,곡선
2,223,개금,하선,양산행 3-3,좁음,곡선
2,223,개금,하선,양산행 3-4,좁음,곡선
2,223,개금,하선,양산행 4-1,좁음,곡선
2,223,개금,하선,양산행 4-2,좁음,곡선
2,223,개금,하선,양산행 4-3,좁음,곡선
2,223,개금,하선,양산행 4-4,좁음,곡선
2,223,개금,하선,양산행 5-1,좁음,곡선
2,223,개금,하선,양산행 5-2,좁음,곡선
2,223,개금,하선,양산행 5-3,좁음,곡선
2,223,개금,하선,양산행 5-4,좁음,곡선
2,223,개금,하선,양산행 6-1,좁음,곡선
2,223,개금,하선,양산행 6-2,좁음,곡선
2,223,개금,하선,양산행 6-3,좁음,곡선
2,223,개금,하선,양산행 6-4,좁음,곡선
2,224,냉정,상선,장산행 1-1,좁음,직선
2,224,냉정,상선,장산행 1-2,좁음,직선
2,224,냉정,상선,장산행 1-3,좁음,직선
2,224,냉정,상선,장산행 1-4,좁음,직선
2,224,냉정,상선,장산행 2-1,좁음,직선
2,224,냉정,상선,장산행 2-2,좁음,직선
2,224,냉정,상선,장산행 2-3,좁음,직선
2,224,냉정,상선,장산행 2-4,좁음,직선
2,224,냉정,상선,장산행 3-1,좁음,직선
2,224,냉정,상선,장산행 3-2,좁음,직선
2,224,냉정,상선,장산행 3-3,좁음,직선
2,224,냉정,상선,장산행 3-4,좁음,직선
2,224,냉정,상선,장산행 4-1,좁음,직선
2,224,냉정,상선,장산행 4-2,좁음,직선
2,224,냉정,상선,장산행 4-3,좁음,직선
2,224,냉정,상선,장산행 4-4,좁음,직선
2,224,냉정,상선,장산행 5-1,좁음,직선
2,224,냉정,상선,장산행 5-2,좁음,직선
2,224,냉정,상선,장산행 5-3,좁음,직선
2,224,냉정,상선,장산행 5-4,좁음,직선
2,224,냉정,상선,장산행 6-1,좁음,직선
2,224,냉정,상선,장산행 6-2,좁음,직선
2,224,냉정,상선,장산행 6-3,좁음,직선
2,224,냉정,상선,장산행 6-4,좁음,직선
2,224,냉정,하선,양산행 1-1,좁음,직선
2,224,냉정,하선,양산행 1-2,좁음,직선
2,224,냉정,하선,양산행 1-3,좁음,직선
2,224,냉정,하선,양산행 1-4,좁음,직선
2,224,냉정,하선,양산행 2-1,좁음,직선
2,224,냉정,하선,양산행 2-2,좁음,직선
2,224,냉정,하선,양산행 2-3,좁음,직선
2,224,냉정,하선,양산행 2-4,좁음,직선
2,224,냉정,하선,양산행 3-1,좁음,직선
2,224,냉정,하선,양산행 3-2,좁음,직선
2,224,냉정,하선,양산행 3-3,좁음,직선
2,224,냉정,하선,양산행 3-4,좁음,직선
2,224,냉정,하선,양산행 4-1,좁음,직선
2,224,냉정,하선,양산행 4-2,좁음,직선
2,224,냉정,하선,양산행 4-3,좁음,직선
2,224,냉정,하선,양산행 4-4,좁음,직선
2,224,냉정,하선,양산행 5-1,좁음,직선
2,224,냉정,하선,양산행 5-2,좁음,직선
2,224,냉정,하선,양산행 5-3,좁음,직선
2,224,냉정,하선,양산행 5-4,좁음,직선
2,224,냉정,하선,양산행 6-1,좁음,직선
2,224,냉정,하선,양산행 6-2,좁음,직선
2,224,냉정,하선,양산행 6-3,좁음,직선
2,224,냉정,하선,양산행 6-4,좁음,직선
2,225,주례,상선,장산행 1-1,좁음,직선
2,225,주례,상선,장산행 1-2,좁음,직선
2,225,주례,상선,장산행 1-3,좁음,직선
2,225,주례,상선,장산행 1-4,좁음,직선
2,225,주례,상선,장산행 2-1,좁음,직선
2,225,주례,상선,장산행 2-2,좁음,직선
2,225,주례,상선,장산행 2-3,좁음,직선
2,225,주례,상선,장산행 2-4,좁음,직선
2,225,주례,상선,장산행 3-1,좁음,직선
2,225,주례,상선,장산행 3-2,좁음,직선
2,225,주례,상선,장산행 3-3,좁음,직선
2,225,주례,상선,장산행 3-4,좁음,직선
2,225,주례,상선,장산행 4-1,좁음,직선
2,225,주례,상선,장산행 4-2,좁음,직선
2,225,주례,상선,장산행 4-3,좁음,직선
2,225,주례,상선,장산행 4-4,좁음,직선
2,225,주례,상선,장산행 5-1,좁음,직선
2,225,주례,상선,장산행 5-2,좁음,직선
2,225,주례,상선,장산행 5-3,좁음,직선
2,225,주례,상선,장산행 5-4,좁음,직선
2,225,주례,상선,장산행 6-1,좁음,직선
2,225,주례,상선,장산행 6-2,좁음,직선
2,225,주례,상선,장산행 6-3,좁음,직선
2,225,주례,상선,장산행 6-4,좁음,직선
2,225,주례,하선,양산행 1-1,좁음,직선
2,225,주례,하선,양산행 1-2,좁음,직선
2,225,주례,하선,양산행 1-3,좁음,직선
2,225,주례,하선,양산행 1-4,좁음,직선
2,225,주례,하선,양산행 2-1,좁음,직선
2,225,주례,하선,양산행 2-2,좁음,직선
2,225,주례,하선,양산행 2-3,좁음,직선
2,225,주례,하선,양산행 2-4,좁음,직선
2,225,주례,하선,양산행 3-1,좁음,직선
2,225,주례,하선,양산행 3-2,좁음,직선
2,225,주례,하선,양산행 3-3,좁음,직선
2,225,주례,하선,양산행 3-4,좁음,직선
2,225,주례,하선,양산행 4-1,좁음,직선
2,225,주례,하선,양산행 4-2,좁음,직선
2,225,주례,하선,양산행 4-3,좁음,직선
2,225,주례,하선,양산행 4-4,좁음,직선
2,225,주례,하선,양산행 5-1,좁음,직선
2,225,주례,하선,양산행 5-2,좁음,직선
2,225,주례,하선,양산행 5-3,좁음,직선
2,225,주례,하선,양산행 5-4,좁음,직선
2,225,주례,하선,양산행 6-1,좁음,직선
2,225,주례,하선,양산행 6-2,좁음,직선
2,225,주례,하선,양산행 6-3,좁음,직선
2,225,주례,하선,양산행 6-4,좁음,직선
2,226,감전,상선,장산행 1-1,좁음,직선
2,226,감전,상선,장산행 1-2,좁음,직선
2,226,감전,상선,장산행 1-3,좁음,직선
2,226,감전,상선,장산행 1-4,좁음,직선
2,226,감전,상선,장산행 2-1,좁음,직선
2,226,감전,상선,장산행 2-2,좁음,직선
2,226,감전,상선,장산행 2-3,좁음,직선
2,226,감전,상선,장산행 2-4,좁음,직선
2,226,감전,상선,장산행 3-1,좁음,직선
2,226,감전,상선,장산행 3-2,좁음,직선
2,226,감전,상선,장산행 3-3,좁음,직선
2,226,감전,상선,장산행 3-4,좁음,직선
2,226,감전,상선,장산행 4-1,좁음,직선
2,226,감전,상선,장산행 4-2,좁음,직선
2,226,감전,상선,장산행 4-3,좁음,직선
2,226,감전,상선,장산행 4-4,좁음,직선
2,226,감전,상선,장산행 5-1,좁음,직선
2,226,감전,상선,장산행 5-2,좁음,직선
2,226,감전,상선,장산행 5-3,좁음,직선
2,226,감전,상선,장산행 5-4,좁음,직선
2,226,감전,상선,장산행 6-1,좁음,직선
2,226,감전,상선,장산행 6-2,좁음,직선
2,226,감전,상선,장산행 6-3,좁음,직선
2,226,감전,상선,장산행 6-4,좁음,직선
2,226,감전,하선,양산행 1-1,좁음,직선
2,226,감전,하선,양산행 1-2,좁음,직선
2,226,감전,하선,양산행 1-3,좁음,직선
2,226,감전,하선,양산행 1-4,좁음,직선
2,226,감전,하선,양산행 2-1,좁음,직선
2,226,감전,하선,양산행 2-2,좁음,직선
2,226,감전,하선,양산행 2-3,좁음,직선
2,226,감전,하선,양산행 2-4,좁음,직선
2,226,감전,하선,양산행 3-1,좁음,직선
2,226,감전,하선,양산행 3-2,좁음,직선
2,226,감전,하선,양산행 3-3,좁음,직선
2,226,감전,하선,양산행 3-4,좁음,직선
2,226,감전,하선,양산행 4-1,좁음,직선
2,226,감전,하선,양산행 4-2,좁음,직선
2,226,감전,하선,양산행 4-3,좁음,직선
2,226,감전,하선,양산행 4-4,좁음,직선
2,226,감전,하선,양산행 5-1,좁음,직선
2,226,감전,하선,양산행 5-2,좁음,직선
2,226,감전,하선,양산행 5-3,좁음,직선
2,226,감전,하선,양산행 5-4,좁음,직선
2,226,감전,하선,양산행 6-1,좁음,직선
2,226,감전,하선,양산행 6-2,좁음,직선
2,226,감전,하선,양산행 6-3,좁음,직선
2,226,감전,하선,양산행 6-4,좁음,직선
2,227,사상,상선,장산행 1-1,좁음,직선
2,227,사상,상선,장산행 1-2,좁음,직선
2,227,사상,상선,장산행 1-3,좁음,직선
2,227,사상,상선,장산행 1-4,좁음,직선
2,227,사상,상선,장산행 2-1,좁음,직선
2,227,사상,상선,장산행 2-2,좁음,직선
2,227,사상,상선,장산행 2-3,좁음,직선
2,227,사상,상선,장산행 2-4,좁음,직선
2,227,사상,상선,장산행 3-1,좁음,직선
2,227,사상,상선,장산행 3-2,좁음,직선
2,227,사상,상선,장산행 3-3,좁음,직선
2,227,사상,상선,장산행 3-4,좁음,직선
2,227,사상,상선,장산행 4-1,좁음,직선
2,227,사상,상선,장산행 4-2,좁음,직선
2,227,사상,상선,장산행 4-3,좁음,직선
2,227,사상,상선,장산행 4-4,좁음,직선
2,227,사상,상선,장산행 5-1,좁음,직선
2,227,사상,상선,장산행 5-2,좁음,직선
2,227,사상,상선,장산행 5-3,좁음,직선
2,227,사상,상선,장산행 5-4,좁음,직선
2,227,사상,상선,장산행 6-1,좁음,직선
2,227,사상,상선,장산행 6-2,좁음,직선
2,227,사상,상선,장산행 6-3,좁음,직선
2,227,사상,상선,장산행 6-4,좁음,직선
2,227,사상,하선,양산행 1-1,좁음,직선
2,227,사상,하선,양산행 1-2,좁음,직선
2,227,사상,하선,양산행 1-3,좁음,직선
2,227,사상,하선,양산행 1-4,좁음,직선
2,227,사상,하선,양산행 2-1,좁음,직선
2,227,사상,하선,양산행 2-2,좁음,직선
2,227,사상,하선,양산행 2-3,좁음,직선
2,227,사상,하선,양산행 2-4,좁음,직선
2,227,사상,하선,양산행 3-1,좁음,직선
2,227,사상,하선,양산행 3-2,좁음,직선
2,227,사상,하선,양산행 3-3,좁음,직선
2,227,사상,하선,양산행 3-4,좁음,직선
2,227,사상,하선,양산행 4-1,좁음,직선
2,227,사상,하선,양산행 4-2,좁음,직선
2,227,사상,하선,양산행 4-3,좁음,직선
2,227,사상,하선,양산행 4-4,좁음,직선
2,227,사상,하선,양산행 5-1,좁음,직선
2,227,사상,하선,양산행 5-2,좁음,직선
2,227,사상,하선,양산행 5-3,좁음,직선
2,227,사상,하선,양산행 5-4,좁음,직선
2,227,사상,하선,양산행 6-1,좁음,직선
2,227,사상,하선,양산행 6-2,좁음,직선
2,227,사상,하선,양산행 6-3,좁음,직선
2,227,사상,하선,양산행 6-4,좁음,직선
2,228,덕포,상선,장산행 1-1,좁음,직선
2,228,덕포,상선,장산행 1-2,좁음,직선
2,228,덕포,상선,장산행 1-3,좁음,직선
2,228,덕포,상선,장산행 1-4,좁음,직선
2,228,덕포,상선,장산행 2-1,좁음,직선
2,228,덕포,상선,장산행 2-2,좁음,직선
2,228,덕포,상선,장산행 2-3,좁음,직선
2,228,덕포,상선,장산행 2-4,좁음,직선
2,228,덕포,상선,장산행 3-1,좁음,직선
2,228,덕포,상선,장산행 3-2,좁음,직선
2,228,덕포,상선,장산행 3-3,좁음,직선
2,228,덕포,상선,장산행 3-4,좁음,직선
2,228,덕포,상선,장산행 4-1,좁음,직선
2,228,덕포,상선,장산행 4-2,좁음,직선
2,228,덕포,상선,장산행 4-3,좁음,직선
2,228,덕포,상선,장산행 4-4,좁음,직선
2,228,덕포,상선,장산행 5-1,좁음,직선
2,228,덕포,상선,장산행 5-2,좁음,직선
2,228,덕포,상선,장산행 5-3,좁음,직선
2,228,덕포,상선,장산행 5-4,좁음,직선
2,228,덕포,상선,장산행 6-1,좁음,직선
2,228,덕포,상선,장산행 6-2,좁음,직선
2,228,덕포,상선,장산행 6-3,좁음,직선
2,228,덕포,상선,장산행 6-4,좁음,직선
2,228,덕포,하선,양산행 1-1,좁음,직선
2,228,덕포,하선,양산행 1-2,좁음,직선
2,228,덕포,하선,양산행 1-3,좁음,직선
2,228,덕포,하선,양산행 1-4,좁음,직선
2,228,덕포,하선,양산행 2-1,좁음,직선
2,228,덕포,하선,양산행 2-2,좁음,직선
2,228,덕포,하선,양산행 2-3,좁음,직선
2,228,덕포,하선,양산행 2-4,좁음,직선
2,228,덕포,하선,양산행 3-1,좁음,직선
2,228,덕포,하선,양산행 3-2,좁음,직선
2,228,덕포,하선,양산행 3-3,좁음,직선
2,228,덕포,하선,양산행 3-4,좁음,직선
2,228,덕포,하선,양산행 4-1,좁음,직선
2,228,덕포,하선,양산행 4-2,좁음,직선
2,228,덕포,하선,양산행 4-3,좁음,직선
2,228,덕포,하선,양산행 4-4,좁음,직선
2,228,덕포,하선,양산행 5-1,좁음,직선
2,228,덕포,하선,양산행 5-2,좁음,직선
2,228,덕포,하선,양산행 5-3,좁음,직선
2,228,덕포,하선,양산행 5-4,좁음,직선
2,228,덕포,하선,양산행 6-1,좁음,직선
2,228,덕포,하선,양산행 6-2,좁음,직선
2,228,덕포,하선,양산행 6-3,좁음,직선
2,228,덕포,하선,양산행 6-4,좁음,직선
2,229,모덕,상선,장산행 1-1,좁음,직선
2,229,모덕,상선,장산행 1-2,좁음,직선
2,229,모덕,상선,장산행 1-3,좁음,직선
2,229,모덕,상선,장산행 1-4,좁음,직선
2,229,모덕,상선,장산행 2-1,좁음,직선
2,229,모덕,상선,장산행 2-2,좁음,직선
2,229,모덕,상선,장산행 2-3,좁음,직선
2,229,모덕,상선,장산행 2-4,좁음,직선
2,229,모덕,상선,장산행 3-1,좁음,직선
2,229,모덕,상선,장산행 3-2,좁음,직선
2,229,모덕,상선,장산행 3-3,좁음,직선
2,229,모덕,상선,장산행 3-4,좁음,직선
2,229,모덕,상선,장산행 4-1,좁음,직선
2,229,모덕,상선,장산행 4-2,좁음,직선
2,229,모덕,상선,장산행 4-3,좁음,직선
2,229,모덕,상선,장산행 4-4,좁음,직선
2,229,모덕,상선,장산행 5-1,좁음,직선
2,229,모덕,상선,장산행 5-2,좁음,직선
2,229,모덕,상선,장산행 5-3,좁음,직선
2,229,모덕,상선,장산행 5-4,좁음,직선
2,229,모덕,상선,장산행 6-1,좁음,직선
2,229,모덕,상선,장산행 6-2,좁음,직선
2,229,모덕,상선,장산행 6-3,좁음,직선
2,229,모덕,상선,장산행 6-4,좁음,직선
2,229,모덕,하선,양산행 1-1,좁음,직선
2,229,모덕,하선,양산행 1-2,좁음,직선
2,229,모덕,하선,양산행 1-3,좁음,직선
2,229,모덕,하선,양산행 1-4,좁음,직선
2,229,모덕,하선,양산행 2-1,좁음,직선
2,229,모덕,하선,양산행 2-2,좁음,직선
2,229,모덕,하선,양산행 2-3,좁음,직선
2,229,모덕,하선,양산행 2-4,좁음,직선
2,229,모덕,하선,양산행 3-1,좁음,직선
2,229,모덕,하선,양산행 3-2,좁음,직선
2,229,모덕,하선,양산행 3-3,좁음,직선
2,229,모덕,하선,양산행 3-4,좁음,직선
2,229,모덕,하선,양산행 4-1,좁음,직선
2,229,모덕,하선,양산행 4-2,좁음,직선
2,229,모덕,하선,양산행 4-3,좁음,직선
2,229,모덕,하선,양산행 4-4,좁음,직선
2,229,모덕,하선,양산행 5-1,좁음,직선
2,229,모덕,하선,양산행 5-2,좁음,직선
2,229,모덕,하선,양산행 5-3,좁음,직선
2,229,모덕,하선,양산행 5-4,좁음,직선
2,229,모덕,하선,양산행 6-1,좁음,직선
2,229,모덕,하선,양산행 6-2,좁음,직선
2,229,모덕,하선,양산행 6-3,좁음,직선
2,229,모덕,하선,양산행 6-4,좁음,직선
2,230,모라,상선,장산행 1-1,좁음,직선
2,230,모라,상선,장산행 1-2,좁음,직선
2,230,모라,상선,장산행 1-3,좁음,직선
2,230,모라,상선,장산행 1-4,좁음,직선
2,230,모라,상선,장산행 2-1,좁음,직선
2,230,모라,상선,장산행 2-2,좁음,직선
2,230,모라,상선,장산행 2-3,좁음,직선
2,230,모라,상선,장산행 2-4,좁음,직선
2,230,모라,상선,장산행 3-1,좁음,직선
2,230,모라,상선,장산행 3-2,좁음,직선
2,230,모라,상선,장산행 3-3,좁음,직선
2,230,모라,상선,장산행 3-4,좁음,직선
2,230,모라,상선,장산행 4-1,좁음,직선
2,230,모라,상선,장산행 4-2,좁음,직선
2,230,모라,상선,장산행 4-3,좁음,직선
2,230,모라,상선,장산행 4-4,좁음,직선
2,230,모라,상선,장산행 5-1,좁음,직선
2,230,모라,상선,장산행 5-2,좁음,직선
2,230,모라,상선,장산행 5-3,좁음,직선
2,230,모라,상선,장산행 5-4,좁음,직선
2,230,모라,상선,장산행 6-1,좁음,직선
2,230,모라,상선,장산행 6-2,좁음,직선
2,230,모라,상선,장산행 6-3,좁음,직선
2,230,모라,상선,장산행 6-4,좁음,직선
2,230,모라,하선,양산행 1-1,좁음,직선
2,230,모라,하선,양산행 1-2,좁음,직선
2,230,모라,하선,양산행 1-3,좁음,직선
2,230,모라,하선,양산행 1-4,좁음,직선
2,230,모라,하선,양산행 2-1,좁음,직선
2,230,모라,하선,양산행 2-2,좁음,직선
2,230,모라,하선,양산행 2-3,좁음,직선
2,230,모라,하선,양산행 2-4,좁음,직선
2,230,모라,하선,양산행 3-1,좁음,직선
2,230,모라,하선,양산행 3-2,좁음,직선
2,230,모라,하선,양산행 3-3,좁음,직선
2,230,모라,하선,양산행 3-4,좁음,직선
2,230,모라,하선,양산행 4-1,좁음,직선
2,230,모라,하선,양산행 4-2,좁음,직선
2,230,모라,하선,양산행 4-3,좁음,직선
2,230,모라,하선,양산행 4-4,좁음,직선
2,230,모라,하선,양산행 5-1,좁음,직선
2,230,모라,하선,양산행 5-2,좁음,직선
2,230,모라,하선,양산행 5-3,좁음,직선
2,230,모라,하선,양산행 5-4,좁음,직선
2,230,모라,하선,양산행 6-1,좁음,직선
2,230,모라,하선,양산행 6-2,좁음,직선
2,230,모라,하선,양산행 6-3,좁음,직선
2,230,모라,하선,양산행 6-4,좁음,직선
2,231,구남,상선,장산행 1-1,좁음,직선
2,231,구남,상선,장산행 1-2,좁음,직선
2,231,구남,상선,장산행 1-3,좁음,직선
2,231,구남,상선,장산행 1-4,좁음,직선
2,231,구남,상선,장산행 2-1,좁음,직선
2,231,구남,상선,장산행 2-2,좁음,직선
2,231,구남,상선,장산행 2-3,좁음,직선
2,231,구남,상선,장산행 2-4,좁음,직선
2,231,구남,상선,장산행 3-1,좁음,직선
2,231,구남,상선,장산행 3-2,좁음,직선
2,231,구남,상선,장산행 3-3,좁음,직선
2,231,구남,상선,장산행 3-4,좁음,직선
2,231,구남,상선,장산행 4-1,좁음,직선
2,231,구남,상선,장산행 4-2,좁음,직선
2,231,구남,상선,장산행 4-3,좁음,직선
2,231,구남,상선,장산행 4-4,좁음,직선
2,231,구남,상선,장산행 5-1,좁음,직선
2,231,구남,상선,장산행 5-2,좁음,직선
2,231,구남,상선,장산행 5-3,좁음,직선
2,231,구남,상선,장산행 5-4,좁음,직선
2,231,구남,상선,장산행 6-1,좁음,직선
2,231,구남,상선,장산행 6-2,좁음,직선
2,231,구남,상선,장산행 6-3,좁음,직선
2,231,구남,상선,장산행 6-4,좁음,직선
2,231,구남,하선,양산행 1-1,좁음,직선
2,231,구남,하선,양산행 1-2,좁음,직선
2,231,구남,하선,양산행 1-3,좁음,직선
2,231,구남,하선,양산행 1-4,좁음,직선
2,231,구남,하선,양산행 2-1,좁음,직선
2,231,구남,하선,양산행 2-2,좁음,직선
2,231,구남,하선,양산행 2-3,좁음,직선
2,231,구남,하선,양산행 2-4,좁음,직선
2,231,구남,하선,양산행 3-1,좁음,직선
2,231,구남,하선,양산행 3-2,좁음,직선
2,231,구남,하선,양산행 3-3,좁음,직선
2,231,구남,하선,양산행 3-4,좁음,직선
2,231,구남,하선,양산행 4-1,좁음,직선
2,231,구남,하선,양산행 4-2,좁음,직선
2,231,구남,하선,양산행 4-3,좁음,직선
2,231,구남,하선,양산행 4-4,좁음,직선
2,231,구남,하선,양산행 5-1,좁음,직선
2,231,구남,하선,양산행 5-2,좁음,직선
2,231,구남,하선,양산행 5-3,좁음,직선
2,231,구남,하선,양산행 5-4,좁음,직선
2,231,구남,하선,양산행 6-1,좁음,직선
2,231,구남,하선,양산행 6-2,좁음,직선
2,231,구남,하선,양산행 6-3,좁음,직선
2,231,구남,하선,양산행 6-4,좁음,직선
2,232,구명,상선,장산행 1-1,좁음,직선
2,232,구명,상선,장산행 1-2,좁음,직선
2,232,구명,상선,장산행 1-3,좁음,직선
2,232,구명,상선,장산행 1-4,좁음,직선
2,232,구명,상선,장산행 2-1,좁음,직선
2,232,구명,상선,장산행 2-2,좁음,직선
2,232,구명,상선,장산행 2-3,좁음,직선
2,232,구명,상선,장산행 2-4,좁음,직선
2,232,구명,상선,장산행 3-1,좁음,직선
2,232,구명,상선,장산행 3-2,좁음,직선
2,232,구명,상선,장산행 3-3,좁음,직선
2,232,구명,상선,장산행 3-4,좁음,직선
2,232,구명,상선,장산행 4-1,좁음,직선
2,232,구명,상선,장산행 4-2,좁음,직선
2,232,구명,상선,장산행 4-3,좁음,직선
2,232,구명,상선,장산행 4-4,좁음,직선
2,232,구명,상선,장산행 5-1,좁음,직선
2,232,구명,상선,장산행 5-2,좁음,직선
2,232,구명,상선,장산행 5-3,좁음,직선
2,232,구명,상선,장산행 5-4,좁음,직선
2,232,구명,상선,장산행 6-1,좁음,직선
2,232,구명,상선,장산행 6-2,좁음,직선
2,232,구명,상선,장산행 6-3,좁음,직선
2,232,구명,상선,장산행 6-4,좁음,직선
2,232,구명,하선,양산행 1-1,좁음,직선
2,232,구명,하선,양산행 1-2,좁음,직선
2,232,구명,하선,양산행 1-3,좁음,직선
2,232,구명,하선,양산행 1-4,좁음,직선
2,232,구명,하선,양산행 2-1,좁음,직선
2,232,구명,하선,양산행 2-2,좁음,직선
2,232,구명,하선,양산행 2-3,좁음,직선
2,232,구명,하선,양산행 2-4,좁음,직선
2,232,구명,하선,양산행 3-1,좁음,직선
2,232,구명,하선,양산행 3-2,좁음,직선
2,232,구명,하선,양산행 3-3,좁음,직선
2,232,구명,하선,양산행 3-4,좁음,직선
2,232,구명,하선,양산행 4-1,좁음,직선
2,232,구명,하선,양산행 4-2,좁음,직선
2,232,구명,하선,양산행 4-3,좁음,직선
2,232,구명,하선,양산행 4-4,좁음,직선
2,232,구명,하선,양산행 5-1,좁음,직선
2,232,구명,하선,양산행 5-2,좁음,직선
2,232,구명,하선,양산행 5-3,좁음,직선
2,232,구명,하선,양산행 5-4,좁음,직선
2,232,구명,하선,양산행 6-1,좁음,직선
2,232,구명,하선,양산행 6-2,좁음,직선
2,232,구명,하선,양산행 6-3,좁음,직선
2,232,구명,하선,양산행 6-4,좁음,직선
2,233,2덕천,상선,장산행 1-1,좁음,직선
2,233,2덕천,상선,장산행 1-2,좁음,직선
2,233,2덕천,상선,장산행 1-3,좁음,직선
2,233,2덕천,상선,장산행 1-4,좁음,직선
2,233,2덕천,상선,장산행 2-1,좁음,직선
2,233,2덕천,상선,장산행 2-2,좁음,직선
2,233,2덕천,상선,장산행 2-3,좁음,직선
2,233,2덕천,상선,장산행 2-4,좁음,직선
2,233,2덕천,상선,장산행 3-1,좁음,직선
2,233,2덕천,상선,장산행 3-2,좁음,직선
2,233,2덕천,상선,장산행 3-3,좁음,직선
2,233,2덕천,상선,장산행 3-4,좁음,직선
2,233,2덕천,상선,장산행 4-1,좁음,직선
2,233,2덕천,상선,장산행 4-2,좁음,직선
2,233,2덕천,상선,장산행 4-3,좁음,직선
2,233,2덕천,상선,장산행 4-4,좁음,직선
2,233,2덕천,상선,장산행 5-1,좁음,직선
2,233,2덕천,상선,장산행 5-2,좁음,직선
2,233,2덕천,상선,장산행 5-3,좁음,직선
2,233,2덕천,상선,장산행 5-4,좁음,직선
2,233,2덕천,상선,장산행 6-1,좁음,직선
2,233,2덕천,상선,장산행 6-2,좁음,직선
2,233,2덕천,상선,장산행 6-3,좁음,직선
2,233,2덕천,상선,장산행 6-4,좁음,직선
2,233,2덕천,하선,양산행 1-1,좁음,직선
2,233,2덕천,하선,양산행 1-2,좁음,직선
2,233,2덕천,하선,양산행 1-3,좁음,직선
2,233,2덕천,하선,양산행 1-4,좁음,직선
2,233,2덕천,하선,양산행 2-1,좁음,직선
2,233,2덕천,하선,양산행 2-2,좁음,직선
2,233,2덕천,하선,양산행 2-3,좁음,직선
2,233,2덕천,하선,양산행 2-4,좁음,직선
2,233,2덕천,하선,양산행 3-1,좁음,직선
2,233,2덕천,하선,양산행 3-2,좁음,직선
2,233,2덕천,하선,양산행 3-3,좁음,직선
2,233,2덕천,하선,양산행 3-4,좁음,직선
2,233,2덕천,하선,양산행 4-1,좁음,직선
2,233,2덕천,하선,양산행 4-2,좁음,직선
2,233,2덕천,하선,양산행 4-3,좁음,직선
2,233,2덕천,하선,양산행 4-4,좁음,직선
2,233,2덕천,하선,양산행 5-1,좁음,직선
2,233,2덕천,하선,양산행 5-2,좁음,직선
2,233,2덕천,하선,양산행 5-3,좁음,직선
2,233,2덕천,하선,양산행 5-4,좁음,직선
2,233,2덕천,하선,양산행 6-1,좁음,직선
2,233,2덕천,하선,양산행 6-2,좁음,직선
2,233,2덕천,하선,양산행 6-3,좁음,직선
2,233,2덕천,하선,양산행 6-4,좁음,직선
2,234,수정,상선,장산행 1-1,좁음,직선
2,234,수정,상선,장산행 1-2,좁음,직선
2,234,수정,상선,장산행 1-3,좁음,직선
2,234,수정,상선,장산행 1-4,좁음,직선
2,234,수정,상선,장산행 2-1,좁음,직선
2,234,수정,상선,장산행 2-2,좁음,직선
2,234,수정,상선,장산행 2-3,좁음,직선
2,234,수정,상선,장산행 2-4,좁음,직선
2,234,수정,상선,장산행 3-1,좁음,직선
2,234,수정,상선,장산행 3-2,좁음,직선
2,234,수정,상선,장산행 3-3,좁음,직선
2,234,수정,상선,장산행 3-4,좁음,직선
2,234,수정,상선,장산행 4-1,좁음,직선
2,234,수정,상선,장산행 4-2,좁음,직선
2,234,수정,상선,장산행 4-3,좁음,직선
2,234,수정,상선,장산행 4-4,좁음,직선
2,234,수정,상선,장산행 5-1,좁음,직선
2,234,수정,상선,장산행 5-2,좁음,직선
2,234,수정,상선,장산행 5-3,좁음,직선
2,234,수정,상선,장산행 5-4,좁음,직선
2,234,수정,상선,장산행 6-1,좁음,직선
2,234,수정,상선,장산행 6-2,좁음,직선
2,234,수정,상선,장산행 6-3,좁음,직선
2,234,수정,상선,장산행 6-4,좁음,직선
2,234,수정,하선,양산행 1-1,좁음,직선
2,234,수정,하선,양산행 1-2,좁음,직선
2,234,수정,하선,양산행 1-3,좁음,직선
2,234,수정,하선,양산행 1-4,좁음,직선
2,234,수정,하선,양산행 2-1,좁음,직선
2,234,수정,하선,양산행 2-2,좁음,직선
2,234,수정,하선,양산행 2-3,좁음,직선
2,234,수정,하선,양산행 2-4,좁음,직선
2,234,수정,하선,양산행 3-1,좁음,직선
2,234,수정,하선,양산행 3-2,좁음,직선
2,234,수정,하선,양산행 3-3,좁음,직선
2,234,수정,하선,양산행 3-4,좁음,직선
2,234,수정,하선,양산행 4-1,좁음,직선
2,234,수정,하선,양산행 4-2,좁음,직선
2,234,수정,하선,양산행 4-3,좁음,직선
2,234,수정,하선,양산행 4-4,좁음,직선
2,234,수정,하선,양산행 5-1,좁음,직선
2,234,수정,하선,양산행 5-2,좁음,직선
2,234,수정,하선,양산행 5-3,좁음,직선
2,234,수정,하선,양산행 5-4,좁음,직선
2,234,수정,하선,양산행 6-1,좁음,직선
2,234,수정,하선,양산행 6-2,좁음,직선
2,234,수정,하선,양산행 6-3,좁음,직선
2,234,수정,하선,양산행 6-4,좁음,직선
2,235,화명,상선,장산행 1-1,좁음,직선
2,235,화명,상선,장산행 1-2,좁음,직선
2,235,화명,상선,장산행 1-3,좁음,직선
2,235,화명,상선,장산행 1-4,좁음,직선
2,235,화명,상선,장산행 2-1,좁음,직선
2,235,화명,상선,장산행 2-2,좁음,직선
2,235,화명,상선,장산행 2-3,좁음,직선
2,235,화명,상선,장산행 2-4,좁음,직선
2,235,화명,상선,장산행 3-1,좁음,직선
2,235,화명,상선,장산행 3-2,좁음,직선
2,235,화명,상선,장산행 3-3,좁음,직선
2,235,화명,상선,장산행 3-4,좁음,직선
2,235,화명,상선,장산행 4-1,좁음,직선
2,235,화명,상선,장산행 4-2,좁음,직선
2,235,화명,상선,장산행 4-3,좁음,직선
2,235,화명,상선,장산행 4-4,좁음,직선
2,235,화명,상선,장산행 5-1,좁음,직선
2,235,화명,상선,장산행 5-2,좁음,직선
2,235,화명,상선,장산행 5-3,좁음,직선
2,235,화명,상선,장산행 5-4,좁음,직선
2,235,화명,상선,장산행 6-1,좁음,직선
2,235,화명,상선,장산행 6-2,좁음,직선
2,235,화명,상선,장산행 6-3,좁음,직선
2,235,화명,상선,장산행 6-4,좁음,직선
2,235,화명,하선,양산행 1-1,좁음,직선
2,235,화명,하선,양산행 1-2,좁음,직선
2,235,화명,하선,양산행 1-3,좁음,직선
2,235,화명,하선,양산행 1-4,좁음,직선
2,235,화명,하선,양산행 2-1,좁음,직선
2,235,화명,하선,양산행 2-2,좁음,직선
2,235,화명,하선,양산행 2-3,좁음,직선
2,235,화명,하선,양산행 2-4,좁음,직선
2,235,화명,하선,양산행 3-1,좁음,직선
2,235,화명,하선,양산행 3-2,좁음,직선
2,235,화명,하선,양산행 3-3,좁음,직선
2,235,화명,하선,양산행 3-4,좁음,직선
2,235,화명,하선,양산행 4-1,좁음,직선
2,235,화명,하선,양산행 4-2,좁음,직선
2,235,화명,하선,양산행 4-3,좁음,직선
2,235,화명,하선,양산행 4-4,좁음,직선
2,235,화명,하선,양산행 5-1,좁음,직선
2,235,화명,하선,양산행 5-2,좁음,직선
2,235,화명,하선,양산행 5-3,좁음,직선
2,235,화명,하선,양산행 5-4,좁음,직선
2,235,화명,하선,양산행 6-1,좁음,직선
2,235,화명,하선,양산행 6-2,좁음,직선
2,235,화명,하선,양산행 6-3,좁음,직선
2,235,화명,하선,양산행 6-4,좁음,직선
2,236,율리,상선,장산행 1-1,좁음,직선
2,236,율리,상선,장산행 1-2,좁음,직선
2,236,율리,상선,장산행 1-3,좁음,직선
2,236,율리,상선,장산행 1-4,좁음,직선
2,236,율리,상선,장산행 2-1,좁음,직선
2,236,율리,상선,장산행 2-2,좁음,직선
2,236,율리,상선,장산행 2-3,좁음,직선
2,236,율리,상선,장산행 2-4,좁음,직선
2,236,율리,상선,장산행 3-1,좁음,직선
2,236,율리,상선,장산행 3-2,좁음,직선
2,236,율리,상선,장산행 3-3,좁음,직선
2,236,율리,상선,장산행 3-4,좁음,직선
2,236,율리,상선,장산행 4-1,좁음,직선
2,236,율리,상선,장산행 4-2,좁음,직선
2,236,율리,상선,장산행 4-3,좁음,직선
2,236,율리,상선,장산행 4-4,좁음,직선
2,236,율리,상선,장산행 5-1,좁음,직선
2,236,율리,상선,장산행 5-2,좁음,직선
2,236,율리,상선,장산행 5-3,좁음,직선
2,236,율리,상선,장산행 5-4,좁음,직선
2,236,율리,상선,장산행 6-1,좁음,직선
2,236,율리,상선,장산행 6-2,좁음,직선
2,236,율리,상선,장산행 6-3,좁음,직선
2,236,율리,상선,장산행 6-4,좁음,직선
2,236,율리,하선,양산행 1-1,좁음,직선
2,236,율리,하선,양산행 1-2,좁음,직선
2,236,율리,하선,양산행 1-3,좁음,직선
2,236,율리,하선,양산행 1-4,좁음,직선
2,236,율리,하선,양산행 2-1,좁음,직선
2,236,율리,하선,양산행 2-2,좁음,직선
2,236,율리,하선,양산행 2-3,좁음,직선
2,236,율리,하선,양산행 2-4,좁음,직선
2,236,율리,하선,양산행 3-1,좁음,직선
2,236,율리,하선,양산행 3-2,좁음,직선
2,236,율리,하선,양산행 3-3,좁음,직선
2,236,율리,하선,양산행 3-4,좁음,직선
2,236,율리,하선,양산행 4-1,좁음,직선
2,236,율리,하선,양산행 4-2,좁음,직선
2,236,율리,하선,양산행 4-3,좁음,직선
2,236,율리,하선,양산행 4-4,좁음,직선
2,236,율리,하선,양산행 5-1,좁음,직선
2,236,율리,하선,양산행 5-2,좁음,직선
2,236,율리,하선,양산행 5-3,좁음,직선
2,236,율리,하선,양산행 5-4,좁음,직선
2,236,율리,하선,양산행 6-1,좁음,직선
2,236,율리,하선,양산행 6-2,좁음,직선
2,236,율리,하선,양산행 6-3,좁음,직선
2,236,율리,하선,양산행 6-4,좁음,직선
2,237,동원,상선,장산행 1-1,좁음,직선
2,237,동원,상선,장산행 1-2,좁음,직선
2,237,동원,상선,장산행 1-3,좁음,직선
2,237,동원,상선,장산행 1-4,좁음,직선
2,237,동원,상선,장산행 2-1,좁음,직선
2,237,동원,상선,장산행 2-2,좁음,직선
2,237,동원,상선,장산행 2-3,좁음,직선
2,237,동원,상선,장산행 2-4,좁음,직선
2,237,동원,상선,장산행 3-1,좁음,직선
2,237,동원,상선,장산행 3-2,좁음,직선
2,237,동원,상선,장산행 3-3,좁음,직선
2,237,동원,상선,장산행 3-4,좁음,직선
2,237,동원,상선,장산행 4-1,좁음,직선
2,237,동원,상선,장산행 4-2,좁음,직선
2,237,동원,상선,장산행 4-3,좁음,직선
2,237,동원,상선,장산행 4-4,좁음,직선
2,237,동원,상선,장산행 5-1,좁음,직선
2,237,동원,상선,장산행 5-2,좁음,직선
2,237,동원,상선,장산행 5-3,좁음,직선
2,237,동원,상선,장산행 5-4,좁음,직선
2,237,동원,상선,장산행 6-1,좁음,직선
2,237,동원,상선,장산행 6-2,좁음,직선
2,237,동원,상선,장산행 6-3,좁음,직선
2,237,동원,상선,장산행 6-4,좁음,직선
2,237,동원,하선,양산행 1-1,좁음,직선
2,237,동원,하선,양산행 1-2,좁음,직선
2,237,동원,하선,양산행 1-3,좁음,직선
2,237,동원,하선,양산행 1-4,좁음,직선
2,237,동원,하선,양산행 2-1,좁음,직선
2,237,동원,하선,양산행 2-2,좁음,직선
2,237,동원,하선,양산행 2-3,좁음,직선
2,237,동원,하선,양산행 2-4,좁음,직선
2,237,동원,하선,양산행 3-1,좁음,직선
2,237,동원,하선,양산행 3-2,좁음,직선
2,237,동원,하선,양산행 3-3,좁음,직선
2,237,동원,하선,양산행 3-4,좁음,직선
2,237,동원,하선,양산행 4-1,좁음,직선
2,237,동원,하선,양산행 4-2,좁음,직선
2,237,동원,하선,양산행 4-3,좁음,직선
2,237,동원,하선,양산행 4-4,좁음,직선
2,237,동원,하선,양산행 5-1,좁음,직선
2,237,동원,하선,양산행 5-2,좁음,직선
2,237,동원,하선,양산행 5-3,좁음,직선
2,237,동원,하선,양산행 5-4,좁음,직선
2,237,동원,하선,양산행 6-1,좁음,직선
2,237,동원,하선,양산행 6-2,좁음,직선
2,237,동원,하선,양산행 6-3,좁음,직선
2,237,동원,하선,양산행 6-4,좁음,직선
2,238,금곡,상선,장산행 1-1,좁음,직선
2,238,금곡,상선,장산행 1-2,좁음,직선
2,238,금곡,상선,장산행 1-3,좁음,직선
2,238,금곡,상선,장산행 1-4,좁음,직선
2,238,금곡,상선,장산행 2-1,좁음,직선
2,238,금곡,상선,장산행 2-2,좁음,직선
2,238,금곡,상선,장산행 2-3,좁음,직선
2,238,금곡,상선,장산행 2-4,좁음,직선
2,238,금곡,상선,장산행 3-1,좁음,직선
2,238,금곡,상선,장산행 3-2,좁음,직선
2,238,금곡,상선,장산행 3-3,좁음,직선
2,238,금곡,상선,장산행 3-4,좁음,직선
2,238,금곡,상선,장산행 4-1,좁음,직선
2,238,금곡,상선,장산행 4-2,좁음,직선
2,238,금곡,상선,장산행 4-3,좁음,직선
2,238,금곡,상선,장산행 4-4,좁음,직선
2,238,금곡,상선,장산행 5-1,좁음,직선
2,238,금곡,상선,장산행 5-2,좁음,직선
2,238,금곡,상선,장산행 5-3,좁음,직선
2,238,금곡,상선,장산행 5-4,좁음,직선
2,238,금곡,상선,장산행 6-1,좁음,직선
2,238,금곡,상선,장산행 6-2,좁음,직선
2,238,금곡,상선,장산행 6-3,좁음,직선
2,238,금곡,상선,장산행 6-4,좁음,직선
2,238,금곡,하선,양산행 1-1,좁음,직선
2,238,금곡,하선,양산행 1-2,좁음,직선
2,238,금곡,하선,양산행 1-3,좁음,직선
2,238,금곡,하선,양산행 1-4,좁음,직선
2,238,금곡,하선,양산행 2-1,좁음,직선
2,238,금곡,하선,양산행 2-2,좁음,직선
2,238,금곡,하선,양산행 2-3,좁음,직선
2,238,금곡,하선,양산행 2-4,좁음,직선
2,238,금곡,하선,양산행 3-1,좁음,직선
2,238,금곡,하선,양산행 3-2,좁음,직선
2,238,금곡,하선,양산행 3-3,좁음,직선
2,238,금곡,하선,양산행 3-4,좁음,직선
2,238,금곡,하선,양산행 4-1,좁음,직선
2,238,금곡,하선,양산행 4-2,좁음,직선
2,238,금곡,하선,양산행 4-3,좁음,직선
2,238,금곡,하선,양산행 4-4,좁음,직선
2,238,금곡,하선,양산행 5-1,좁음,직선
2,238,금곡,하선,양산행 5-2,좁음,직선
2,238,금곡,하선,양산행 5-3,좁음,직선
2,238,금곡,하선,양산행 5-4,좁음,직선
2,238,금곡,하선,양산행 6-1,좁음,직선
2,238,금곡,하선,양산행 6-2,좁음,직선
2,238,금곡,하선,양산행 6-3,좁음,직선
2,238,금곡,하선,양산행 6-4,좁음,직선
2,239,호포,상선,장산행 1-1,좁음,직선
2,239,호포,상선,장산행 1-2,좁음,직선
2,239,호포,상선,장산행 1-3,좁음,직선
2,239,호포,상선,장산행 1-4,좁음,직선
2,239,호포,상선,장산행 2-1,좁음,직선
2,239,호포,상선,장산행 2-2,좁음,직선
2,239,호포,상선,장산행 2-3,좁음,직선
2,239,호포,상선,장산행 2-4,좁음,직선
2,239,호포,상선,장산행 3-1,좁음,직선
2,239,호포,상선,장산행 3-2,좁음,직선
2,239,호포,상선,장산행 3-3,좁음,직선
2,239,호포,상선,장산행 3-4,좁음,직선
2,239,호포,상선,장산행 4-1,좁음,직선
2,239,호포,상선,장산행 4-2,좁음,직선
2,239,호포,상선,장산행 4-3,좁음,직선
2,239,호포,상선,장산행 4-4,좁음,직선
2,239,호포,상선,장산행 5-1,좁음,직선
2,239,호포,상선,장산행 5-2,좁음,직선
2,239,호포,상선,장산행 5-3,좁음,직선
2,239,호포,상선,장산행 5-4,좁음,직선
2,239,호포,상선,장산행 6-1,좁음,직선
2,239,호포,상선,장산행 6-2,좁음,직선
2,239,호포,상선,장산행 6-3,좁음,직선
2,239,호포,상선,장산행 6-4,좁음,직선
2,239,호포,하선,양산행 1-1,좁음,직선
2,239,호포,하선,양산행 1-2,좁음,직선
2,239,호포,하선,양산행 1-3,좁음,직선
2,239,호포,하선,양산행 1-4,좁음,직선
2,239,호포,하선,양산행 2-1,좁음,직선
2,239,호포,하선,양산행 2-2,좁음,직선
2,239,호포,하선,양산행 2-3,좁음,직선
2,239,호포,하선,양산행 2-4,좁음,직선
2,239,호포,하선,양산행 3-1,좁음,직선
2,239,호포,하선,양산행 3-2,좁음,직선
2,239,호포,하선,양산행 3-3,좁음,직선
2,239,호포,하선,양산행 3-4,좁음,직선
2,239,호포,하선,양산행 4-1,좁음,직선
2,239,호포,하선,양산행 4-2,좁음,직선
2,239,호포,하선,양산행 4-3,좁음,직선
2,239,호포,하선,양산행 4-4,좁음,직선
2,239,호포,하선,양산행 5-1,좁음,직선
2,239,호포,하선,양산행 5-2,좁음,직선
2,239,호포,하선,양산행 5-3,좁음,직선
2,239,호포,하선,양산행 5-4,좁음,직선
2,239,호포,하선,양산행 6-1,좁음,직선
2,239,호포,하선,양산행 6-2,좁음,직선
2,239,호포,하선,양산행 6-3,좁음,직선
2,239,호포,하선,양산행 6-4,좁음,직선
2,240,증산,상선,장산행 1-1,좁음,직선
2,240,증산,상선,장산행 1-2,좁음,직선
2,240,증산,상선,장산행 1-3,좁음,직선
2,240,증산,상선,장산행 1-4,좁음,직선
2,240,증산,상선,장산행 2-1,좁음,직선
2,240,증산,상선,장산행 2-2,좁음,직선
2,240,증산,상선,장산행 2-3,좁음,직선
2,240,증산,상선,장산행 2-4,좁음,직선
2,240,증산,상선,장산행 3-1,좁음,직선
2,240,증산,상선,장산행 3-2,좁음,직선
2,240,증산,상선,장산행 3-3,좁음,직선
2,240,증산,상선,장산행 3-4,좁음,직선
2,240,증산,상선,장산행 4-1,좁음,직선
2,240,증산,상선,장산행 4-2,좁음,직선
2,240,증산,상선,장산행 4-3,좁음,직선
2,240,증산,상선,장산행 4-4,좁음,직선
2,240,증산,상선,장산행 5-1,좁음,직선
2,240,증산,상선,장산행 5-2,좁음,직선
2,240,증산,상선,장산행 5-3,좁음,직선
2,240,증산,상선,장산행 5-4,좁음,직선
2,240,증산,상선,장산행 6-1,좁음,직선
2,240,증산,상선,장산행 6-2,좁음,직선
2,240,증산,상선,장산행 6-3,좁음,직선
2,240,증산,상선,장산행 6-4,좁음,직선
2,240,증산,하선,양산행 1-1,좁음,직선
2,240,증산,하선,양산행 1-2,좁음,직선
2,240,증산,하선,양산행 1-3,좁음,직선
2,240,증산,하선,양산행 1-4,좁음,직선
2,240,증산,하선,양산행 2-1,좁음,직선
2,240,증산,하선,양산행 2-2,좁음,직선
2,240,증산,하선,양산행 2-3,좁음,직선
2,240,증산,하선,양산행 2-4,좁음,직선
2,240,증산,하선,양산행 3-1,좁음,직선
2,240,증산,하선,양산행 3-2,좁음,직선
2,240,증산,하선,양산행 3-3,좁음,직선
2,240,증산,하선,양산행 3-4,좁음,직선
2,240,증산,하선,양산행 4-1,좁음,직선
2,240,증산,하선,양산행 4-2,좁음,직선
2,240,증산,하선,양산행 4-3,좁음,직선
2,240,증산,하선,양산행 4-4,좁음,직선
2,240,증산,하선,양산행 5-1,좁음,직선
2,240,증산,하선,양산행 5-2,좁음,직선
2,240,증산,하선,양산행 5-3,좁음,직선
2,240,증산,하선,양산행 5-4,좁음,직선
2,240,증산,하선,양산행 6-1,좁음,직선
2,240,증산,하선,양산행 6-2,좁음,직선
2,240,증산,하선,양산행 6-3,좁음,직선
2,240,증산,하선,양산행 6-4,좁음,직선
2,241,부산대양산캠퍼스,상선,장산행 1-1,좁음,곡선
2,241,부산대양산캠퍼스,상선,장산행 1-2,보통,곡선
2,241,부산대양산캠퍼스,상선,장산행 1-3,보통,곡선
2,241,부산대양산캠퍼스,상선,장산행 1-4,좁음,곡선
2,241,부산대양산캠퍼스,상선,장산행 2-1,좁음,곡선
2,241,부산대양산캠퍼스,상선,장산행 2-2,보통,곡선
2,241,부산대양산캠퍼스,상선,장산행 2-3,보통,곡선
2,241,부산대양산캠퍼스,상선,장산행 2-4,보통,곡선
2,241,부산대양산캠퍼스,상선,장산행 3-1,좁음,곡선
2,241,부산대양산캠퍼스,상선,장산행 3-2,보통,곡선
2,241,부산대양산캠퍼스,상선,장산행 3-3,보통,곡선
2,241,부산대양산캠퍼스,상선,장산행 3-4,좁음,곡선
2,241,부산대양산캠퍼스,상선,장산행 4-1,좁음,곡선
2,241,부산대양산캠퍼스,상선,장산행 4-2,보통,곡선
2,241,부산대양산캠퍼스,상선,장산행 4-3,좁음,곡선
2,241,부산대양산캠퍼스,상선,장산행 4-4,좁음,곡선
2,241,부산대양산캠퍼스,상선,장산행 5-1,좁음,곡선
2,241,부산대양산캠퍼스,상선,장산행 5-2,좁음,곡선
2,241,부산대양산캠퍼스,상선,장산행 5-3,좁음,곡선
2,241,부산대양산캠퍼스,상선,장산행 5-4,좁음,곡선
2,241,부산대양산캠퍼스,상선,장산행 6-1,좁음,곡선
2,241,부산대양산캠퍼스,상선,장산행 6-2,좁음,곡선
2,241,부산대양산캠퍼스,상선,장산행 6-3,좁음,곡선
2,241,부산대양산캠퍼스,상선,장산행 6-4,좁음,곡선
2,241,부산대양산캠퍼스,하선,양산행 1-1,좁음,곡선
2,241,부산대양산캠퍼스,하선,양산행 1-2,좁음,곡선
2,241,부산대양산캠퍼스,하선,양산행 1-3,좁음,곡선
2,241,부산대양산캠퍼스,하선,양산행 1-4,보통,곡선
2,241,부산대양산캠퍼스,하선,양산행 2-1,좁음,곡선
2,241,부산대양산캠퍼스,하선,양산행 2-2,좁음,곡선
2,241,부산대양산캠퍼스,하선,양산행 2-3,좁음,곡선
2,241,부산대양산캠퍼스,하선,양산행 2-4,좁음,곡선
2,241,부산대양산캠퍼스,하선,양산행 3-1,좁음,곡선
2,241,부산대양산캠퍼스,하선,양산행 3-2,좁음,곡선
2,241,부산대양산캠퍼스,하선,양산행 3-3,좁음,곡선
2,241,부산대양산캠퍼스,하선,양산행 3-4,보통,곡선
2,241,부산대양산캠퍼스,하선,양산행 4-1,보통,곡선
2,241,부산대양산캠퍼스,하선,양산행 4-2,좁음,곡선
2,241,부산대양산캠퍼스,하선,양산행 4-3,좁음,곡선
2,241,부산대양산캠퍼스,하선,양산행 4-4,보통,곡선
2,241,부산대양산캠퍼스,하선,양산행 5-1,좁음,곡선
2,241,부산대양산캠퍼스,하선,양산행 5-2,좁음,곡선
2,241,부산대양산캠퍼스,하선,양산행 5-3,좁음,곡선
2,241,부산대양산캠퍼스,하선,양산행 5-4,좁음,곡선
2,241,부산대양산캠퍼스,하선,양산행 6-1,보통,곡선
2,241,부산대양산캠퍼스,하선,양산행 6-2,좁음,곡선
2,241,부산대양산캠퍼스,하선,양산행 6-3,좁음,곡선
2,241,부산대양산캠퍼스,하선,양산행 6-4,좁음,곡선
2,242,남양산,상선,장산행 1-1,좁음,직선
2,242,남양산,상선,장산행 1-2,좁음,직선
2,242,남양산,상선,장산행 1-3,좁음,직선
2,242,남양산,상선,장산행 1-4,좁음,직선
2,242,남양산,상선,장산행 2-1,좁음,직선
2,242,남양산,상선,장산행 2-2,좁음,직선
2,242,남양산,상선,장산행 2-3,좁음,직선
2,242,남양산,상선,장산행 2-4,좁음,직선
2,242,남양산,상선,장산행 3-1,좁음,직선
2,242,남양산,상선,장산행 3-2,좁음,직선
2,242,남양산,상선,장산행 3-3,좁음,직선
2,242,남양산,상선,장산행 3-4,좁음,직선
2,242,남양산,상선,장산행 4-1,좁음,직선
2,242,남양산,상선,장산행 4-2,좁음,직선
2,242,남양산,상선,장산행 4-3,좁음,직선
2,242,남양산,상선,장산행 4-4,좁음,직선
2,242,남양산,상선,장산행 5-1,좁음,직선
2,242,남양산,상선,장산행 5-2,좁음,직선
2,242,남양산,상선,장산행 5-3,좁음,직선
2,242,남양산,상선,장산행 5-4,좁음,직선
2,242,남양산,상선,장산행 6-1,좁음,직선
2,242,남양산,상선,장산행 6-2,좁음,직선
2,242,남양산,상선,장산행 6-3,좁음,직선
2,242,남양산,상선,장산행 6-4,좁음,직선
2,242,남양산,하선,양산행 1-1,좁음,직선
2,242,남양산,하선,양산행 1-2,좁음,직선
2,242,남양산,하선,양산행 1-3,좁음,직선
2,242,남양산,하선,양산행 1-4,좁음,직선
2,242,남양산,하선,양산행 2-1,좁음,직선
2,242,남양산,하선,양산행 2-2,좁음,직선
2,242,남양산,하선,양산행 2-3,좁음,직선
2,242,남양산,하선,양산행 2-4,좁음,직선
2,242,남양산,하선,양산행 3-1,좁음,직선
2,242,남양산,하선,양산행 3-2,좁음,직선
2,242,남양산,하선,양산행 3-3,좁음,직선
2,242,남양산,하선,양산행 3-4,좁음,직선
2,242,남양산,하선,양산행 4-1,좁음,직선
2,242,남양산,하선,양산행 4-2,좁음,직선
2,242,남양산,하선,양산행 4-3,좁음,직선
2,242,남양산,하선,양산행 4-4,좁음,직선
2,242,남양산,하선,양산행 5-1,좁음,직선
2,242,남양산,하선,양산행 5-2,좁음,직선
2,242,남양산,하선,양산행 5-3,좁음,직선
2,242,남양산,하선,양산행 5-4,좁음,직선
2,242,남양산,하선,양산행 6-1,좁음,직선
2,242,남양산,하선,양산행 6-2,좁음,직선
2,242,남양산,하선,양산행 6-3,좁음,직선
2,242,남양산,하선,양산행 6-4,좁음,직선
2,243,양산,상선,장산행 1-1,좁음,직선
2,243,양산,상선,장산행 1-2,좁음,직선
2,243,양산,상선,장산행 1-3,좁음,직선
2,243,양산,상선,장산행 1-4,좁음,직선
2,243,양산,상선,장산행 2-1,좁음,직선
2,243,양산,상선,장산행 2-2,좁음,직선
2,243,양산,상선,장산행 2-3,좁음,직선
2,243,양산,상선,장산행 2-4,좁음,직선
2,243,양산,상선,장산행 3-1,좁음,직선
2,243,양산,상선,장산행 3-2,좁음,직선
2,243,양산,상선,장산행 3-3,좁음,직선
2,243,양산,상선,장산행 3-4,좁음,직선
2,243,양산,상선,장산행 4-1,좁음,직선
2,243,양산,상선,장산행 4-2,좁음,직선
2,243,양산,상선,장산행 4-3,좁음,직선
2,243,양산,상선,장산행 4-4,좁음,직선
2,243,양산,상선,장산행 5-1,좁음,직선
2,243,양산,상선,장산행 5-2,좁음,직선
2,243,양산,상선,장산행 5-3,좁음,직선
2,243,양산,상선,장산행 5-4,좁음,직선
2,243,양산,상선,장산행 6-1,좁음,직선
2,243,양산,상선,장산행 6-2,좁음,직선
2,243,양산,상선,장산행 6-3,좁음,직선
2,243,양산,상선,장산행 6-4,좁음,직선
2,243,양산,하선,양산행 1-1,좁음,직선
2,243,양산,하선,양산행 1-2,좁음,직선
2,243,양산,하선,양산행 1-3,좁음,직선
2,243,양산,하선,양산행 1-4,좁음,직선
2,243,양산,하선,양산행 2-1,좁음,직선
2,243,양산,하선,양산행 2-2,좁음,직선
2,243,양산,하선,양산행 2-3,좁음,직선
2,243,양산,하선,양산행 2-4,좁음,직선
2,243,양산,하선,양산행 3-1,좁음,직선
2,243,양산,하선,양산행 3-2,좁음,직선
2,243,양산,하선,양산행 3-3,좁음,직선
2,243,양산,하선,양산행 3-4,좁음,직선
2,243,양산,하선,양산행 4-1,좁음,직선
2,243,양산,하선,양산행 4-2,좁음,직선
2,243,양산,하선,양산행 4-3,좁음,직선
2,243,양산,하선,양산행 4-4,좁음,직선
2,243,양산,하선,양산행 5-1,좁음,직선
2,243,양산,하선,양산행 5-2,좁음,직선
2,243,양산,하선,양산행 5-3,좁음,직선
2,243,양산,하선,양산행 5-4,좁음,직선
2,243,양산,하선,양산행 6-1,좁음,직선
2,243,양산,하선,양산행 6-2,좁음,직선
2,243,양산,하선,양산행 6-3,좁음,직선
2,243,양산,하선,양산행 6-4,좁음,직선
3,301,3수영,상선,수영행 1-1,좁음,직선
3,301,3수영,상선,수영행 1-2,좁음,직선
3,301,3수영,상선,수영행 1-3,좁음,직선
3,301,3수영,상선,수영행 1-4,좁음,직선
3,301,3수영,상선,수영행 2-1,좁음,직선
3,301,3수영,상선,수영행 2-2,좁음,직선
3,301,3수영,상선,수영행 2-3,좁음,직선
3,301,3수영,상선,수영행 2-4,좁음,직선
3,301,3수영,상선,수영행 3-1,좁음,직선
3,301,3수영,상선,수영행 3-2,좁음,직선
3,301,3수영,상선,수영행 3-3,좁음,직선
3,301,3수영,상선,수영행 3-4,좁음,직선
3,301,3수영,상선,수영행 4-1,좁음,직선
3,301,3수영,상선,수영행 4-2,좁음,직선
3,301,3수영,상선,수영행 4-3,좁음,직선
3,301,3수영,상선,수영행 4-4,좁음,직선
3,301,3수영,하선,대저행 1-1,좁음,직선
3,301,3수영,하선,대저행 1-2,좁음,직선
3,301,3수영,하선,대저행 1-3,좁음,직선
3,301,3수영,하선,대저행 1-4,좁음,직선
3,301,3수영,하선,대저행 2-1,좁음,직선
3,301,3수영,하선,대저행 2-2,좁음,직선
3,301,3수영,하선,대저행 2-3,좁음,직선
3,301,3수영,하선,대저행 2-4,좁음,직선
3,301,3수영,하선,대저행 3-1,좁음,직선
3,301,3수영,하선,대저행 3-2,좁음,직선
3,301,3수영,하선,대저행 3-3,좁음,직선
3,301,3수영,하선,대저행 3-4,좁음,직선
3,301,3수영,하선,대저행 4-1,좁음,직선
3,301,3수영,하선,대저행 4-2,좁음,직선
3,301,3수영,하선,대저행 4-3,좁음,직선
3,301,3수영,하선,대저행 4-4,좁음,직선
3,302,망미,상선,수영행 1-1,좁음,직선
3,302,망미,상선,수영행 1-2,좁음,직선
3,302,망미,상선,수영행 1-3,좁음,직선
3,302,망미,상선,수영행 1-4,좁음,직선
3,302,망미,상선,수영행 2-1,좁음,직선
3,302,망미,상선,수영행 2-2,좁음,직선
3,302,망미,상선,수영행 2-3,좁음,직선
3,302,망미,상선,수영행 2-4,좁음,직선
3,302,망미,상선,수영행 3-1,좁음,직선
3,302,망미,상선,수영행 3-2,좁음,직선
3,302,망미,상선,수영행 3-3,좁음,직선
3,302,망미,상선,수영행 3-4,좁음,직선
3,302,망미,상선,수영행 4-1,좁음,직선
3,302,망미,상선,수영행 4-2,좁음,직선
3,302,망미,상선,수영행 4-3,좁음,직선
3,302,망미,상선,수영행 4-4,좁음,직선
3,302,망미,하선,대저행 1-1,좁음,직선
3,302,망미,하선,대저행 1-2,좁음,직선
3,302,망미,하선,대저행 1-3,좁음,직선
3,302,망미,하선,대저행 1-4,좁음,직선
3,302,망미,하선,대저행 2-1,좁음,직선
3,302,망미,하선,대저행 2-2,좁음,직선
3,302,망미,하선,대저행 2-3,좁음,직선
3,302,망미,하선,대저행 2-4,좁음,직선
3,302,망미,하선,대저행 3-1,좁음,직선
3,302,망미,하선,대저행 3-2,좁음,직선
3,302,망미,하선,대저행 3-3,좁음,직선
3,302,망미,하선,대저행 3-4,좁음,직선
3,302,망미,하선,대저행 4-1,좁음,직선
3,302,망미,하선,대저행 4-2,좁음,직선
3,302,망미,하선,대저행 4-3,좁음,직선
3,302,망미,하선,대저행 4-4,좁음,직선
3,303,배산,상선,수영행 1-1,좁음,직선
3,303,배산,상선,수영행 1-2,좁음,직선
3,303,배산,상선,수영행 1-3,좁음,직선
3,303,배산,상선,수영행 1-4,좁음,직선
3,303,배산,상선,수영행 2-1,좁음,직선
3,303,배산,상선,수영행 2-2,좁음,직선
3,303,배산,상선,수영행 2-3,좁음,직선
3,303,배산,상선,수영행 2-4,좁음,직선
3,303,배산,상선,수영행 3-1,좁음,직선
3,303,배산,상선,수영행 3-2,좁음,직선
3,303,배산,상선,수영행 3-3,좁음,직선
3,303,배산,상선,수영행 3-4,좁음,직선
3,303,배산,상선,수영행 4-1,좁음,직선
3,303,배산,상선,수영행 4-2,좁음,직선
3,303,배산,상선,수영행 4-3,좁음,직선
3,303,배산,상선,수영행 4-4,좁음,직선
3,303,배산,하선,대저행 1-1,좁음,직선
3,303,배산,하선,대저행 1-2,좁음,직선
3,303,배산,하선,대저행 1-3,좁음,직선
3,303,배산,하선,대저행 1-4,좁음,직선
3,303,배산,하선,대저행 2-1,좁음,직선
3,303,배산,하선,대저행 2-2,좁음,직선
3,303,배산,하선,대저행 2-3,좁음,직선
3,303,배산,하선,대저행 2-4,좁음,직선
3,303,배산,하선,대저행 3-1,좁음,직선
3,303,배산,하선,대저행 3-2,좁음,직선
3,303,배산,하선,대저행 3-3,좁음,직선
3,303,배산,하선,대저행 3-4,좁음,직선
3,303,배산,하선,대저행 4-1,좁음,직선
3,303,배산,하선,대저행 4-2,좁음,직선
3,303,배산,하선,대저행 4-3,좁음,직선
3,303,배산,하선,대저행 4-4,좁음,직선
3,304,물만골,상선,수영행 1-1,좁음,직선
3,304,물만골,상선,수영행 1-2,좁음,직선
3,304,물만골,상선,수영행 1-3,좁음,직선
3,304,물만골,상선,수영행 1-4,좁음,직선
3,304,물만골,상선,수영행 2-1,좁음,직선
3,304,물만골,상선,수영행 2-2,좁음,직선
3,304,물만골,상선,수영행 2-3,좁음,직선
3,304,물만골,상선,수영행 2-4,좁음,직선
3,304,물만골,상선,수영행 3-1,좁음,직선
3,304,물만골,상선,수영행 3-2,좁음,직선
3,304,물만골,상선,수영행 3-3,좁음,직선
3,304,물만골,상선,수영행 3-4,좁음,직선
3,304,물만골,상선,수영행 4-1,좁음,직선
3,304,물만골,상선,수영행 4-2,좁음,직선
3,304,물만골,상선,수영행 4-3,좁음,직선
3,304,물만골,상선,수영행 4-4,좁음,직선
3,304,물만골,하선,대저행 1-1,좁음,직선
3,304,물만골,하선,대저행 1-2,좁음,직선
3,304,물만골,하선,대저행 1-3,좁음,직선
3,304,물만골,하선,대저행 1-4,좁음,직선
3,304,물만골,하선,대저행 2-1,좁음,직선
3,304,물만골,하선,대저행 2-2,좁음,직선
3,304,물만골,하선,대저행 2-3,좁음,직선
3,304,물만골,하선,대저행 2-4,좁음,직선
3,304,물만골,하선,대저행 3-1,좁음,직선
3,304,물만골,하선,대저행 3-2,좁음,직선
3,304,물만골,하선,대저행 3-3,좁음,직선
3,304,물만골,하선,대저행 3-4,좁음,직선
3,304,물만골,하선,대저행 4-1,좁음,직선
3,304,물만골,하선,대저행 4-2,좁음,직선
3,304,물만골,하선,대저행 4-3,좁음,직선
3,304,물만골,하선,대저행 4-4,좁음,직선
3,305,3연산,상선,수영행 1-1,보통,곡선
3,305,3연산,상선,수영행 1-2,좁음,곡선
3,305,3연산,상선,수영행 1-3,좁음,곡선
3,305,3연산,상선,수영행 1-4,보통,곡선
3,305,3연산,상선,수영행 2-1,보통,곡선
3,305,3연산,상선,수영행 2-2,좁음,곡선
3,305,3연산,상선,수영행 2-3,좁음,곡선
3,305,3연산,상선,수영행 2-4,보통,곡선
3,305,3연산,상선,수영행 3-1,보통,곡선
3,305,3연산,상선,수영행 3-2,좁음,곡선
3,305,3연산,상선,수영행 3-3,좁음,곡선
3,305,3연산,상선,수영행 3-4,보통,곡선
3,305,3연산,상선,수영행 4-1,보통,곡선
3,305,3연산,상선,수영행 4-2,좁음,곡선
3,305,3연산,상선,수영행 4-3,좁음,곡선
3,305,3연산,상선,수영행 4-4,보통,곡선
3,305,3연산,하선,대저행 1-1,좁음,곡선
3,305,3연산,하선,대저행 1-2,넓음,곡선
3,305,3연산,하선,대저행 1-3,보통,곡선
3,305,3연산,하선,대저행 1-4,좁음,곡선
3,305,3연산,하선,대저행 2-1,좁음,곡선
3,305,3연산,하선,대저행 2-2,보통,곡선
3,305,3연산,하선,대저행 2-3,보통,곡선
3,305,3연산,하선,대저행 2-4,좁음,곡선
3,305,3연산,하선,대저행 3-1,좁음,곡선
3,305,3연산,하선,대저행 3-2,넓음,곡선
3,305,3연산,하선,대저행 3-3,넓음,곡선
3,305,3연산,하선,대저행 3-4,좁음,곡선
3,305,3연산,하선,대저행 4-1,좁음,곡선
3,305,3연산,하선,대저행 4-2,넓음,곡선
3,305,3연산,하선,대저행 4-3,넓음,곡선
3,305,3연산,하선,대저행 4-4,좁음,곡선
3,306,거제,상선,수영행 1-1,좁음,직선
3,306,거제,상선,수영행 1-2,좁음,직선
3,306,거제,상선,수영행 1-3,좁음,직선
3,306,거제,상선,수영행 1-4,좁음,직선
3,306,거제,상선,수영행 2-1,좁음,직선
3,306,거제,상선,수영행 2-2,좁음,직선
3,306,거제,상선,수영행 2-3,좁음,직선
3,306,거제,상선,수영행 2-4,좁음,직선
3,306,거제,상선,수영행 3-1,좁음,직선
3,306,거제,상선,수영행 3-2,좁음,직선
3,306,거제,상선,수영행 3-3,좁음,직선
3,306,거제,상선,수영행 3-4,좁음,직선
3,306,거제,상선,수영행 4-1,좁음,직선
3,306,거제,상선,수영행 4-2,좁음,직선
3,306,거제,상선,수영행 4-3,좁음,직선
3,306,거제,상선,수영행 4-4,좁음,직선
3,306,거제,하선,대저행 1-1,좁음,직선
3,306,거제,하선,대저행 1-2,좁음,직선
3,306,거제,하선,대저행 1-3,좁음,직선
3,306,거제,하선,대저행 1-4,좁음,직선
3,306,거제,하선,대저행 2-1,좁음,직선
3,306,거제,하선,대저행 2-2,좁음,직선
3,306,거제,하선,대저행 2-3,좁음,직선
3,306,거제,하선,대저행 2-4,좁음,직선
3,306,거제,하선,대저행 3-1,좁음,직선
3,306,거제,하선,대저행 3-2,좁음,직선
3,306,거제,하선,대저행 3-3,좁음,직선
3,306,거제,하선,대저행 3-4,좁음,직선
3,306,거제,하선,대저행 4-1,좁음,직선
3,306,거제,하선,대저행 4-2,좁음,직선
3,306,거제,하선,대저행 4-3,좁음,직선
3,306,거제,하선,대저행 4-4,좁음,직선
3,307,종합운동장,상선,수영행 1-1,좁음,곡선
3,307,종합운동장,상선,수영행 1-2,보통,곡선
3,307,종합운동장,상선,수영행 1-3,보통,곡선
3,307,종합운동장,상선,수영행 1-4,좁음,곡선
3,307,종합운동장,상선,수영행 2-1,좁음,곡선
3,307,종합운동장,상선,수영행 2-2,보통,곡선
3,307,종합운동장,상선,수영행 2-3,보통,곡선
3,307,종합운동장,상선,수영행 2-4,좁음,곡선
3,307,종합운동장,상선,수영행 3-1,좁음,곡선
3,307,종합운동장,상선,수영행 3-2,보통,곡선
3,307,종합운동장,상선,수영행 3-3,보통,곡선
3,307,종합운동장,상선,수영행 3-4,좁음,곡선
3,307,종합운동장,상선,수영행 4-1,좁음,곡선
3,307,종합운동장,상선,수영행 4-2,보통,곡선
3,307,종합운동장,상선,수영행 4-3,보통,곡선
3,307,종합운동장,상선,수영행 4-4,좁음,곡선
3,307,종합운동장,하선,대저행 1-1,보통,곡선
3,307,종합운동장,하선,대저행 1-2,좁음,곡선
3,307,종합운동장,하선,대저행 1-3,좁음,곡선
3,307,종합운동장,하선,대저행 1-4,보통,곡선
3,307,종합운동장,하선,대저행 2-1,보통,곡선
3,307,종합운동장,하선,대저행 2-2,보통,곡선
3,307,종합운동장,하선,대저행 2-3,좁음,곡선
3,307,종합운동장,하선,대저행 2-4,보통,곡선
3,307,종합운동장,하선,대저행 3-1,보통,곡선
3,307,종합운동장,하선,대저행 3-2,좁음,곡선
3,307,종합운동장,하선,대저행 3-3,좁음,곡선
3,307,종합운동장,하선,대저행 3-4,보통,곡선
3,307,종합운동장,하선,대저행 4-1,보통,곡선
3,307,종합운동장,하선,대저행 4-2,좁음,곡선
3,307,종합운동장,하선,대저행 4-3,좁음,곡선
3,307,종합운동장,하선,대저행 4-4,보통,곡선
3,308,사직,상선,수영행 1-1,좁음,직선
3,308,사직,상선,수영행 1-2,좁음,직선
3,308,사직,상선,수영행 1-3,좁음,직선
3,308,사직,상선,수영행 1-4,좁음,직선
3,308,사직,상선,수영행 2-1,좁음,직선
3,308,사직,상선,수영행 2-2,좁음,직선
3,308,사직,상선,수영행 2-3,좁음,직선
3,308,사직,상선,수영행 2-4,좁음,직선
3,308,사직,상선,수영행 3-1,좁음,직선
3,308,사직,상선,수영행 3-2,좁음,직선
3,308,사직,상선,수영행 3-3,좁음,직선
3,308,사직,상선,수영행 3-4,좁음,직선
3,308,사직,상선,수영행 4-1,좁음,직선
3,308,사직,상선,수영행 4-2,좁음,직선
3,308,사직,상선,수영행 4-3,좁음,직선
3,308,사직,상선,수영행 4-4,좁음,직선
3,308,사직,하선,대저행 1-1,좁음,직선
3,308,사직,하선,대저행 1-2,좁음,직선
3,308,사직,하선,대저행 1-3,좁음,직선
3,308,사직,하선,대저행 1-4,좁음,직선
3,308,사직,하선,대저행 2-1,좁음,직선
3,308,사직,하선,대저행 2-2,좁음,직선
3,308,사직,하선,대저행 2-3,좁음,직선
3,308,사직,하선,대저행 2-4,좁음,직선
3,308,사직,하선,대저행 3-1,좁음,직선
3,308,사직,하선,대저행 3-2,좁음,직선
3,308,사직,하선,대저행 3-3,좁음,직선
3,308,사직,하선,대저행 3-4,좁음,직선
3,308,사직,하선,대저행 4-1,좁음,직선
3,308,사직,하선,대저행 4-2,좁음,직선
3,308,사직,하선,대저행 4-3,좁음,직선
3,308,사직,하선,대저행 4-4,좁음,직선
3,309,3미남,상선,수영행 1-1,좁음,직선
3,309,3미남,상선,수영행 1-2,좁음,직선
3,309,3미남,상선,수영행 1-3,좁음,직선
3,309,3미남,상선,수영행 1-4,좁음,직선
3,309,3미남,상선,수영행 2-1,좁음,직선
3,309,3미남,상선,수영행 2-2,좁음,직선
3,309,3미남,상선,수영행 2-3,좁음,직선
3,309,3미남,상선,수영행 2-4,좁음,직선
3,309,3미남,상선,수영행 3-1,좁음,직선
3,309,3미남,상선,수영행 3-2,좁음,직선
3,309,3미남,상선,수영행 3-3,좁음,직선
3,309,3미남,상선,수영행 3-4,좁음,직선
3,309,3미남,상선,수영행 4-1,좁음,직선
3,309,3미남,상선,수영행 4-2,좁음,직선
3,309,3미남,상선,수영행 4-3,좁음,직선
3,309,3미남,상선,수영행 4-4,좁음,직선
3,309,3미남,하선,대저행 1-1,좁음,직선
3,309,3미남,하선,대저행 1-2,좁음,직선
3,309,3미남,하선,대저행 1-3,좁음,직선
3,309,3미남,하선,대저행 1-4,좁음,직선
3,309,3미남,하선,대저행 2-1,좁음,직선
3,309,3미남,하선,대저행 2-2,좁음,직선
3,309,3미남,하선,대저행 2-3,좁음,직선
3,309,3미남,하선,대저행 2-4,좁음,직선
3,309,3미남,하선,대저행 3-1,좁음,직선
3,309,3미남,하선,대저행 3-2,좁음,직선
3,309,3미남,하선,대저행 3-3,좁음,직선
3,309,3미남,하선,대저행 3-4,좁음,직선
3,309,3미남,하선,대저행 4-1,좁음,직선
3,309,3미남,하선,대저행 4-2,좁음,직선
3,309,3미남,하선,대저행 4-3,좁음,직선
3,309,3미남,하선,대저행 4-4,좁음,직선
3,310,만덕,상선,수영행 1-1,좁음,직선
3,310,만덕,상선,수영행 1-2,좁음,직선
3,310,만덕,상선,수영행 1-3,좁음,직선
3,310,만덕,상선,수영행 1-4,좁음,직선
3,310,만덕,상선,수영행 2-1,좁음,직선
3,310,만덕,상선,수영행 2-2,좁음,직선
3,310,만덕,상선,수영행 2-3,좁음,직선
3,310,만덕,상선,수영행 2-4,좁음,직선
3,310,만덕,상선,수영행 3-1,좁음,직선
3,310,만덕,상선,수영행 3-2,좁음,직선
3,310,만덕,상선,수영행 3-3,좁음,직선
3,310,만덕,상선,수영행 3-4,좁음,직선
3,310,만덕,상선,수영행 4-1,좁음,직선
3,310,만덕,상선,수영행 4-2,좁음,직선
3,310,만덕,상선,수영행 4-3,좁음,직선
3,310,만덕,상선,수영행 4-4,좁음,직선
3,310,만덕,하선,대저행 1-1,좁음,직선
3,310,만덕,하선,대저행 1-2,좁음,직선
3,310,만덕,하선,대저행 1-3,좁음,직선
3,310,만덕,하선,대저행 1-4,좁음,직선
3,310,만덕,하선,대저행 2-1,좁음,직선
3,310,만덕,하선,대저행 2-2,좁음,직선
3,310,만덕,하선,대저행 2-3,좁음,직선
3,310,만덕,하선,대저행 2-4,좁음,직선
3,310,만덕,하선,대저행 3-1,좁음,직선
3,310,만덕,하선,대저행 3-2,좁음,직선
3,310,만덕,하선,대저행 3-3,좁음,직선
3,310,만덕,하선,대저행 3-4,좁음,직선
3,310,만덕,하선,대저행 4-1,좁음,직선
3,310,만덕,하선,대저행 4-2,좁음,직선
3,310,만덕,하선,대저행 4-3,좁음,직선
3,310,만덕,하선,대저행 4-4,좁음,직선
3,311,남산정,상선,수영행 1-1,좁음,직선
3,311,남산정,상선,수영행 1-2,좁음,직선
3,311,남산정,상선,수영행 1-3,좁음,직선
3,311,남산정,상선,수영행 1-4,좁음,직선
3,311,남산정,상선,수영행 2-1,좁음,직선
3,311,남산정,상선,수영행 2-2,좁음,직선
3,311,남산정,상선,수영행 2-3,좁음,직선
3,311,남산정,상선,수영행 2-4,좁음,직선
3,311,남산정,상선,수영행 3-1,좁음,직선
3,311,남산정,상선,수영행 3-2,좁음,직선
3,311,남산정,상선,수영행 3-3,좁음,직선
3,311,남산정,상선,수영행 3-4,좁음,직선
3,311,남산정,상선,수영행 4-1,좁음,직선
3,311,남산정,상선,수영행 4-2,좁음,직선
3,311,남산정,상선,수영행 4-3,좁음,직선
3,311,남산정,상선,수영행 4-4,좁음,직선
3,311,남산정,하선,대저행 1-1,좁음,직선
3,311,남산정,하선,대저행 1-2,좁음,직선
3,311,남산정,하선,대저행 1-3,좁음,직선
3,311,남산정,하선,대저행 1-4,좁음,직선
3,311,남산정,하선,대저행 2-1,좁음,직선
3,311,남산정,하선,대저행 2-2,좁음,직선
3,311,남산정,하선,대저행 2-3,좁음,직선
3,311,남산정,하선,대저행 2-4,좁음,직선
3,311,남산정,하선,대저행 3-1,좁음,직선
3,311,남산정,하선,대저행 3-2,좁음,직선
3,311,남산정,하선,대저행 3-3,좁음,직선
3,311,남산정,하선,대저행 3-4,좁음,직선
3,311,남산정,하선,대저행 4-1,좁음,직선
3,311,남산정,하선,대저행 4-2,좁음,직선
3,311,남산정,하선,대저행 4-3,좁음,직선
3,311,남산정,하선,대저행 4-4,좁음,직선
3,312,숙등,상선,수영행 1-1,좁음,직선
3,312,숙등,상선,수영행 1-2,좁음,직선
3,312,숙등,상선,수영행 1-3,좁음,직선
3,312,숙등,상선,수영행 1-4,좁음,직선
3,312,숙등,상선,수영행 2-1,좁음,직선
3,312,숙등,상선,수영행 2-2,좁음,직선
3,312,숙등,상선,수영행 2-3,좁음,직선
3,312,숙등,상선,수영행 2-4,좁음,직선
3,312,숙등,상선,수영행 3-1,좁음,직선
3,312,숙등,상선,수영행 3-2,좁음,직선
3,312,숙등,상선,수영행 3-3,좁음,직선
3,312,숙등,상선,수영행 3-4,좁음,직선
3,312,숙등,상선,수영행 4-1,좁음,직선
3,312,숙등,상선,수영행 4-2,좁음,직선
3,312,숙등,상선,수영행 4-3,좁음,직선
3,312,숙등,상선,수영행 4-4,좁음,직선
3,312,숙등,하선,대저행 1-1,좁음,직선
3,312,숙등,하선,대저행 1-2,좁음,직선
3,312,숙등,하선,대저행 1-3,좁음,직선
3,312,숙등,하선,대저행 1-4,좁음,직선
3,312,숙등,하선,대저행 2-1,좁음,직선
3,312,숙등,하선,대저행 2-2,좁음,직선
3,312,숙등,하선,대저행 2-3,좁음,직선
3,312,숙등,하선,대저행 2-4,좁음,직선
3,312,숙등,하선,대저행 3-1,좁음,직선
3,312,숙등,하선,대저행 3-2,좁음,직선
3,312,숙등,하선,대저행 3-3,좁음,직선
3,312,숙등,하선,대저행 3-4,좁음,직선
3,312,숙등,하선,대저행 4-1,좁음,직선
3,312,숙등,하선,대저행 4-2,좁음,직선
3,312,숙등,하선,대저행 4-3,좁음,직선
3,312,숙등,하선,대저행 4-4,좁음,직선
3,313,3덕천,상선,수영행 1-1,좁음,직선
3,313,3덕천,상선,수영행 1-2,좁음,직선
3,313,3덕천,상선,수영행 1-3,좁음,직선
3,313,3덕천,상선,수영행 1-4,좁음,직선
3,313,3덕천,상선,수영행 2-1,좁음,직선
3,313,3덕천,상선,수영행 2-2,좁음,직선
3,313,3덕천,상선,수영행 2-3,좁음,직선
3,313,3덕천,상선,수영행 2-4,좁음,직선
3,313,3덕천,상선,수영행 3-1,좁음,직선
3,313,3덕천,상선,수영행 3-2,좁음,직선
3,313,3덕천,상선,수영행 3-3,좁음,직선
3,313,3덕천,상선,수영행 3-4,좁음,직선
3,313,3덕천,상선,수영행 4-1,좁음,직선
3,313,3덕천,상선,수영행 4-2,좁음,직선
3,313,3덕천,상선,수영행 4-3,좁음,직선
3,313,3덕천,상선,수영행 4-4,좁음,직선
3,313,3덕천,하선,대저행 1-1,좁음,직선
3,313,3덕천,하선,대저행 1-2,좁음,직선
3,313,3덕천,하선,대저행 1-3,좁음,직선
3,313,3덕천,하선,대저행 1-4,좁음,직선
3,313,3덕천,하선,대저행 2-1,좁음,직선
3,313,3덕천,하선,대저행 2-2,좁음,직선
3,313,3덕천,하선,대저행 2-3,좁음,직선
3,313,3덕천,하선,대저행 2-4,좁음,직선
3,313,3덕천,하선,대저행 3-1,좁음,직선
3,313,3덕천,하선,대저행 3-2,좁음,직선
3,313,3덕천,하선,대저행 3-3,좁음,직선
3,313,3덕천,하선,대저행 3-4,좁음,직선
3,313,3덕천,하선,대저행 4-1,좁음,직선
3,313,3덕천,하선,대저행 4-2,좁음,직선
3,313,3덕천,하선,대저행 4-3,좁음,직선
3,313,3덕천,하선,대저행 4-4,좁음,직선
3,314,구포,상선,수영행 1-1,좁음,직선
3,314,구포,상선,수영행 1-2,좁음,직선
3,314,구포,상선,수영행 1-3,좁음,직선
3,314,구포,상선,수영행 1-4,좁음,직선
3,314,구포,상선,수영행 2-1,좁음,직선
3,314,구포,상선,수영행 2-2,좁음,직선
3,314,구포,상선,수영행 2-3,좁음,직선
3,314,구포,상선,수영행 2-4,좁음,직선
3,314,구포,상선,수영행 3-1,좁음,직선
3,314,구포,상선,수영행 3-2,좁음,직선
3,314,구포,상선,수영행 3-3,좁음,직선
3,314,구포,상선,수영행 3-4,좁음,직선
3,314,구포,상선,수영행 4-1,좁음,직선
3,314,구포,상선,수영행 4-2,좁음,직선
3,314,구포,상선,수영행 4-3,좁음,직선
3,314,구포,상선,수영행 4-4,좁음,직선
3,314,구포,하선,대저행 1-1,좁음,직선
3,314,구포,하선,대저행 1-2,좁음,직선
3,314,구포,하선,대저행 1-3,좁음,직선
3,314,구포,하선,대저행 1-4,좁음,직선
3,314,구포,하선,대저행 2-1,좁음,직선
3,314,구포,하선,대저행 2-2,좁음,직선
3,314,구포,하선,대저행 2-3,좁음,직선
3,314,구포,하선,대저행 2-4,좁음,직선
3,314,구포,하선,대저행 3-1,좁음,직선
3,314,구포,하선,대저행 3-2,좁음,직선
3,314,구포,하선,대저행 3-3,좁음,직선
3,314,구포,하선,대저행 3-4,좁음,직선
3,314,구포,하선,대저행 4-1,좁음,직선
3,314,구포,하선,대저행 4-2,좁음,직선
3,314,구포,하선,대저행 4-3,좁음,직선
3,314,구포,하선,대저행 4-4,좁음,직선
3,315,강서구청,상선,수영행 1-1,좁음,직선
3,315,강서구청,상선,수영행 1-2,좁음,직선
3,315,강서구청,상선,수영행 1-3,좁음,직선
3,315,강서구청,상선,수영행 1-4,좁음,직선
3,315,강서구청,상선,수영행 2-1,좁음,직선
3,315,강서구청,상선,수영행 2-2,좁음,직선
3,315,강서구청,상선,수영행 2-3,좁음,직선
3,315,강서구청,상선,수영행 2-4,좁음,직선
3,315,강서구청,상선,수영행 3-1,좁음,직선
3,315,강서구청,상선,수영행 3-2,좁음,직선
3,315,강서구청,상선,수영행 3-3,좁음,직선
3,315,강서구청,상선,수영행 3-4,좁음,직선
3,315,강서구청,상선,수영행 4-1,좁음,직선
3,315,강서구청,상선,수영행 4-2,좁음,직선
3,315,강서구청,상선,수영행 4-3,좁음,직선
3,315,강서구청,상선,수영행 4-4,좁음,직선
3,315,강서구청,하선,대저행 1-1,좁음,직선
3,315,강서구청,하선,대저행 1-2,좁음,직선
3,315,강서구청,하선,대저행 1-3,좁음,직선
3,315,강서구청,하선,대저행 1-4,좁음,직선
3,315,강서구청,하선,대저행 2-1,좁음,직선
3,315,강서구청,하선,대저행 2-2,좁음,직선
3,315,강서구청,하선,대저행 2-3,좁음,직선
3,315,강서구청,하선,대저행 2-4,좁음,직선
3,315,강서구청,하선,대저행 3-1,좁음,직선
3,315,강서구청,하선,대저행 3-2,좁음,직선
3,315,강서구청,하선,대저행 3-3,좁음,직선
3,315,강서구청,하선,대저행 3-4,좁음,직선
3,315,강서구청,하선,대저행 4-1,좁음,직선
3,315,강서구청,하선,대저행 4-2,좁음,직선
3,315,강서구청,하선,대저행 4-3,좁음,직선
3,315,강서구청,하선,대저행 4-4,좁음,직선
3,316,체육공원,상선,수영행 1-1,좁음,직선
3,316,체육공원,상선,수영행 1-2,좁음,직선
3,316,체육공원,상선,수영행 1-3,좁음,직선
3,316,체육공원,상선,수영행 1-4,좁음,직선
3,316,체육공원,상선,수영행 2-1,좁음,직선
3,316,체육공원,상선,수영행 2-2,좁음,직선
3,316,체육공원,상선,수영행 2-3,좁음,직선
3,316,체육공원,상선,수영행 2-4,좁음,직선
3,316,체육공원,상선,수영행 3-1,좁음,직선
3,316,체육공원,상선,수영행 3-2,좁음,직선
3,316,체육공원,상선,수영행 3-3,좁음,직선
3,316,체육공원,상선,수영행 3-4,좁음,직선
3,316,체육공원,상선,수영행 4-1,좁음,직선
3,316,체육공원,상선,수영행 4-2,좁음,직선
3,316,체육공원,상선,수영행 4-3,좁음,직선
3,316,체육공원,상선,수영행 4-4,좁음,직선
3,316,체육공원,하선,대저행 1-1,좁음,직선
3,316,체육공원,하선,대저행 1-2,좁음,직선
3,316,체육공원,하선,대저행 1-3,좁음,직선
3,316,체육공원,하선,대저행 1-4,좁음,직선
3,316,체육공원,하선,대저행 2-1,좁음,직선
3,316,체육공원,하선,대저행 2-2,좁음,직선
3,316,체육공원,하선,대저행 2-3,좁음,직선
3,316,체육공원,하선,대저행 2-4,좁음,직선
3,316,체육공원,하선,대저행 3-1,좁음,직선
3,316,체육공원,하선,대저행 3-2,좁음,직선
3,316,체육공원,하선,대저행 3-3,좁음,직선
3,316,체육공원,하선,대저행 3-4,좁음,직선
3,316,체육공원,하선,대저행 4-1,좁음,직선
3,316,체육공원,하선,대저행 4-2,좁음,직선
3,316,체육공원,하선,대저행 4-3,좁음,직선
3,316,체육공원,하선,대저행 4-4,좁음,직선
3,317,대저,상선,수영행 1-1,좁음,직선
3,317,대저,상선,수영행 1-2,좁음,직선
3,317,대저,상선,수영행 1-3,좁음,직선
3,317,대저,상선,수영행 1-4,좁음,직선
3,317,대저,상선,수영행 2-1,좁음,직선
3,317,대저,상선,수영행 2-2,좁음,직선
3,317,대저,상선,수영행 2-3,좁음,직선
3,317,대저,상선,수영행 2-4,좁음,직선
3,317,대저,상선,수영행 3-1,좁음,직선
3,317,대저,상선,수영행 3-2,좁음,직선
3,317,대저,상선,수영행 3-3,좁음,직선
3,317,대저,상선,수영행 3-4,좁음,직선
3,317,대저,상선,수영행 4-1,좁음,직선
3,317,대저,상선,수영행 4-2,좁음,직선
3,317,대저,상선,수영행 4-3,좁음,직선
3,317,대저,상선,수영행 4-4,좁음,직선
3,317,대저,하선,대저행 1-1,좁음,직선
3,317,대저,하선,대저행 1-2,좁음,직선
3,317,대저,하선,대저행 1-3,좁음,직선
3,317,대저,하선,대저행 1-4,좁음,직선
3,317,대저,하선,대저행 2-1,좁음,직선
3,317,대저,하선,대저행 2-2,좁음,직선
3,317,대저,하선,대저행 2-3,좁음,직선
3,317,대저,하선,대저행 2-4,좁음,직선
3,317,대저,하선,대저행 3-1,좁음,직선
3,317,대저,하선,대저행 3-2,좁음,직선
3,317,대저,하선,대저행 3-3,좁음,직선
3,317,대저,하선,대저행 3-4,좁음,직선
3,317,대저,하선,대저행 4-1,좁음,직선
3,317,대저,하선,대저행 4-2,좁음,직선
3,317,대저,하선,대저행 4-3,좁음,직선
3,317,대저,하선,대저행 4-4,좁음,직선
4,401,4미남,상선,미남행 1-1,좁음,직선
4,401,4미남,상선,미남행 1-2,좁음,직선
4,401,4미남,상선,미남행 2-1,좁음,직선
4,401,4미남,상선,미남행 2-2,좁음,직선
4,401,4미남,상선,미남행 3-1,좁음,직선
4,401,4미남,상선,미남행 3-2,좁음,직선
4,401,4미남,상선,미남행 4-1,좁음,직선
4,401,4미남,상선,미남행 4-2,좁음,직선
4,401,4미남,상선,미남행 5-1,좁음,직선
4,401,4미남,상선,미남행 5-2,좁음,직선
4,401,4미남,상선,미남행 6-1,좁음,직선
4,401,4미남,상선,미남행 6-2,좁음,직선
4,401,4미남,하선,안평행 1-1,좁음,직선
4,401,4미남,하선,안평행 1-2,좁음,직선
4,401,4미남,하선,안평행 2-1,좁음,직선
4,401,4미남,하선,안평행 2-2,좁음,직선
4,401,4미남,하선,안평행 3-1,좁음,직선
4,401,4미남,하선,안평행 3-2,좁음,직선
4,401,4미남,하선,안평행 4-1,좁음,직선
4,401,4미남,하선,안평행 4-2,좁음,직선
4,401,4미남,하선,안평행 5-1,좁음,직선
4,401,4미남,하선,안평행 5-2,좁음,직선
4,401,4미남,하선,안평행 6-1,좁음,직선
4,401,4미남,하선,안평행 6-2,좁음,직선
4,402,4동래,상선,미남행 1-1,좁음,직선
4,402,4동래,상선,미남행 1-2,좁음,직선
4,402,4동래,상선,미남행 2-1,좁음,직선
4,402,4동래,상선,미남행 2-2,좁음,직선
4,402,4동래,상선,미남행 3-1,좁음,직선
4,402,4동래,상선,미남행 3-2,좁음,직선
4,402,4동래,상선,미남행 4-1,좁음,직선
4,402,4동래,상선,미남행 4-2,좁음,직선
4,402,4동래,상선,미남행 5-1,좁음,직선
4,402,4동래,상선,미남행 5-2,좁음,직선
4,402,4동래,상선,미남행 6-1,좁음,직선
4,402,4동래,상선,미남행 6-2,좁음,직선
4,402,4동래,하선,안평행 1-1,좁음,직선
4,402,4동래,하선,안평행 1-2,좁음,직선
4,402,4동래,하선,안평행 2-1,좁음,직선
4,402,4동래,하선,안평행 2-2,좁음,직선
4,402,4동래,하선,안평행 3-1,좁음,직선
4,402,4동래,하선,안평행 3-2,좁음,직선
4,402,4동래,하선,안평행 4-1,좁음,직선
4,402,4동래,하선,안평행 4-2,좁음,직선
4,402,4동래,하선,안평행 5-1,좁음,직선
4,402,4동래,하선,안평행 5-2,좁음,직선
4,402,4동래,하선,안평행 6-1,좁음,직선
4,402,4동래,하선,안평행 6-2,좁음,직선
4,403,수안,상선,미남행 1-1,좁음,직선
4,403,수안,상선,미남행 1-2,좁음,직선
4,403,수안,상선,미남행 2-1,좁음,직선
4,403,수안,상선,미남행 2-2,좁음,직선
4,403,수안,상선,미남행 3-1,좁음,직선
4,403,수안,상선,미남행 3-2,좁음,직선
4,403,수안,상선,미남행 4-1,좁음,직선
4,403,수안,상선,미남행 4-2,좁음,직선
4,403,수안,상선,미남행 5-1,좁음,직선
4,403,수안,상선,미남행 5-2,좁음,직선
4,403,수안,상선,미남행 6-1,좁음,직선
4,403,수안,상선,미남행 6-2,좁음,직선
4,403,수안,하선,안평행 1-1,좁음,직선
4,403,수안,하선,안평행 1-2,좁음,직선
4,403,수안,하선,안평행 2-1,좁음,직선
4,403,수안,하선,안평행 2-2,좁음,직선
4,403,수안,하선,안평행 3-1,좁음,직선
4,403,수안,하선,안평행 3-2,좁음,직선
4,403,수안,하선,안평행 4-1,좁음,직선
4,403,수안,하선,안평행 4-2,좁음,직선
4,403,수안,하선,안평행 5-1,좁음,직선
4,403,수안,하선,안평행 5-2,좁음,직선
4,403,수안,하선,안평행 6-1,좁음,직선
4,403,수안,하선,안평행 6-2,좁음,직선
4,404,낙민,상선,미남행 1-1,좁음,직선
4,404,낙민,상선,미남행 1-2,좁음,직선
4,404,낙민,상선,미남행 2-1,좁음,직선
4,404,낙민,상선,미남행 2-2,좁음,직선
4,404,낙민,상선,미남행 3-1,좁음,직선
4,404,낙민,상선,미남행 3-2,좁음,직선
4,404,낙민,상선,미남행 4-1,좁음,직선
4,404,낙민,상선,미남행 4-2,좁음,직선
4,404,낙민,상선,미남행 5-1,좁음,직선
4,404,낙민,상선,미남행 5-2,좁음,직선
4,404,낙민,상선,미남행 6-1,좁음,직선
4,404,낙민,상선,미남행 6-2,좁음,직선
4,404,낙민,하선,안평행 1-1,좁음,직선
4,404,낙민,하선,안평행 1-2,좁음,직선
4,404,낙민,하선,안평행 2-1,좁음,직선
4,404,낙민,하선,안평행 2-2,좁음,직선
4,404,낙민,하선,안평행 3-1,좁음,직선
4,404,낙민,하선,안평행 3-2,좁음,직선
4,404,낙민,하선,안평행 4-1,좁음,직선
4,404,낙민,하선,안평행 4-2,좁음,직선
4,404,낙민,하선,안평행 5-1,좁음,직선
4,404,낙민,하선,안평행 5-2,좁음,직선
4,404,낙민,하선,안평행 6-1,좁음,직선
4,404,낙민,하선,안평행 6-2,좁음,직선
4,405,충렬사,상선,미남행 1-1,좁음,직선
4,405,충렬사,상선,미남행 1-2,좁음,직선
4,405,충렬사,상선,미남행 2-1,좁음,직선
4,405,충렬사,상선,미남행 2-2,좁음,직선
4,405,충렬사,상선,미남행 3-1,좁음,직선
4,405,충렬사,상선,미남행 3-2,좁음,직선
4,405,충렬사,상선,미남행 4-1,좁음,직선
4,405,충렬사,상선,미남행 4-2,좁음,직선
4,405,충렬사,상선,미남행 5-1,좁음,직선
4,405,충렬사,상선,미남행 5-2,좁음,직선
4,405,충렬사,상선,미남행 6-1,좁음,직선
4,405,충렬사,상선,미남행 6-2,좁음,직선
4,405,충렬사,하선,안평행 1-1,좁음,직선
4,405,충렬사,하선,안평행 1-2,좁음,직선
4,405,충렬사,하선,안평행 2-1,좁음,직선
4,405,충렬사,하선,안평행 2-2,좁음,직선
4,405,충렬사,하선,안평행 3-1,좁음,직선
4,405,충렬사,하선,안평행 3-2,좁음,직선
4,405,충렬사,하선,안평행 4-1,좁음,직선
4,405,충렬사,하선,안평행 4-2,좁음,직선
4,405,충렬사,하선,안평행 5-1,좁음,직선
4,405,충렬사,하선,안평행 5-2,좁음,직선
4,405,충렬사,하선,안평행 6-1,좁음,직선
4,405,충렬사,하선,안평행 6-2,좁음,직선
4,406,명장,상선,미남행 1-1,좁음,직선
4,406,명장,상선,미남행 1-2,좁음,직선
4,406,명장,상선,미남행 2-1,좁음,직선
4,406,명장,상선,미남행 2-2,좁음,직선
4,406,명장,상선,미남행 3-1,좁음,직선
4,406,명장,상선,미남행 3-2,좁음,직선
4,406,명장,상선,미남행 4-1,좁음,직선
4,406,명장,상선,미남행 4-2,좁음,직선
4,406,명장,상선,미남행 5-1,좁음,직선
4,406,명장,상선,미남행 5-2,좁음,직선
4,406,명장,상선,미남행 6-1,좁음,직선
4,406,명장,상선,미남행 6-2,좁음,직선
4,406,명장,하선,안평행 1-1,좁음,직선
4,406,명장,하선,안평행 1-2,좁음,직선
4,406,명장,하선,안평행 2-1,좁음,직선
4,406,명장,하선,안평행 2-2,좁음,직선
4,406,명장,하선,안평행 3-1,좁음,직선
4,406,명장,하선,안평행 3-2,좁음,직선
4,406,명장,하선,안평행 4-1,좁음,직선
4,406,명장,하선,안평행 4-2,좁음,직선
4,406,명장,하선,안평행 5-1,좁음,직선
4,406,명장,하선,안평행 5-2,좁음,직선
4,406,명장,하선,안평행 6-1,좁음,직선
4,406,명장,하선,안평행 6-2,좁음,직선
4,407,서동,상선,미남행 1-1,좁음,직선
4,407,서동,상선,미남행 1-2,좁음,직선
4,407,서동,상선,미남행 2-1,좁음,직선
4,407,서동,상선,미남행 2-2,좁음,직선
4,407,서동,상선,미남행 3-1,좁음,직선
4,407,서동,상선,미남행 3-2,좁음,직선
4,407,서동,상선,미남행 4-1,좁음,직선
4,407,서동,상선,미남행 4-2,좁음,직선
4,407,서동,상선,미남행 5-1,좁음,직선
4,407,서동,상선,미남행 5-2,좁음,직선
4,407,서동,상선,미남행 6-1,좁음,직선
4,407,서동,상선,미남행 6-2,좁음,직선
4,407,서동,하선,안평행 1-1,좁음,직선
4,407,서동,하선,안평행 1-2,좁음,직선
4,407,서동,하선,안평행 2-1,좁음,직선
4,407,서동,하선,안평행 2-2,좁음,직선
4,407,서동,하선,안평행 3-1,좁음,직선
4,407,서동,하선,안평행 3-2,좁음,직선
4,407,서동,하선,안평행 4-1,좁음,직선
4,407,서동,하선,안평행 4-2,좁음,직선
4,407,서동,하선,안평행 5-1,좁음,직선
4,407,서동,하선,안평행 5-2,좁음,직선
4,407,서동,하선,안평행 6-1,좁음,직선
4,407,서동,하선,안평행 6-2,좁음,직선
4,408,금사,상선,미남행 1-1,좁음,직선
4,408,금사,상선,미남행 1-2,좁음,직선
4,408,금사,상선,미남행 2-1,좁음,직선
4,408,금사,상선,미남행 2-2,좁음,직선
4,408,금사,상선,미남행 3-1,좁음,직선
4,408,금사,상선,미남행 3-2,좁음,직선
4,408,금사,상선,미남행 4-1,좁음,직선
4,408,금사,상선,미남행 4-2,좁음,직선
4,408,금사,상선,미남행 5-1,좁음,직선
4,408,금사,상선,미남행 5-2,좁음,직선
4,408,금사,상선,미남행 6-1,좁음,직선
4,408,금사,상선,미남행 6-2,좁음,직선
4,408,금사,하선,안평행 1-1,좁음,직선
4,408,금사,하선,안평행 1-2,좁음,직선
4,408,금사,하선,안평행 2-1,좁음,직선
4,408,금사,하선,안평행 2-2,좁음,직선
4,408,금사,하선,안평행 3-1,좁음,직선
4,408,금사,하선,안평행 3-2,좁음,직선
4,408,금사,하선,안평행 4-1,좁음,직선
4,408,금사,하선,안평행 4-2,좁음,직선
4,408,금사,하선,안평행 5-1,좁음,직선
4,408,금사,하선,안평행 5-2,좁음,직선
4,408,금사,하선,안평행 6-1,좁음,직선
4,408,금사,하선,안평행 6-2,좁음,직선
4,409,반여농산물시장,상선,미남행 1-1,좁음,직선
4,409,반여농산물시장,상선,미남행 1-2,좁음,직선
4,409,반여농산물시장,상선,미남행 2-1,좁음,직선
4,409,반여농산물시장,상선,미남행 2-2,좁음,직선
4,409,반여농산물시장,상선,미남행 3-1,좁음,직선
4,409,반여농산물시장,상선,미남행 3-2,좁음,직선
4,409,반여농산물시장,상선,미남행 4-1,좁음,직선
4,409,반여농산물시장,상선,미남행 4-2,좁음,직선
4,409,반여농산물시장,상선,미남행 5-1,좁음,직선
4,409,반여농산물시장,상선,미남행 5-2,좁음,직선
4,409,반여농산물시장,상선,미남행 6-1,좁음,직선
4,409,반여농산물시장,상선,미남행 6-2,좁음,직선
4,409,반여농산물시장,하선,안평행 1-1,좁음,직선
4,409,반여농산물시장,하선,안평행 1-2,좁음,직선
4,409,반여농산물시장,하선,안평행 2-1,좁음,직선
4,409,반여농산물시장,하선,안평행 2-2,좁음,직선
4,409,반여농산물시장,하선,안평행 3-1,좁음,직선
4,409,반여농산물시장,하선,안평행 3-2,좁음,직선
4,409,반여농산물시장,하선,안평행 4-1,좁음,직선
4,409,반여농산물시장,하선,안평행 4-2,좁음,직선
4,409,반여농산물시장,하선,안평행 5-1,좁음,직선
4,409,반여농산물시장,하선,안평행 5-2,좁음,직선
4,409,반여농산물시장,하선,안평행 6-1,좁음,직선
4,409,반여농산물시장,하선,안평행 6-2,좁음,직선
4,410,석대,상선,미남행 1-1,좁음,직선
4,410,석대,상선,미남행 1-2,좁음,직선
4,410,석대,상선,미남행 2-1,좁음,직선
4,410,석대,상선,미남행 2-2,좁음,직선
4,410,석대,상선,미남행 3-1,좁음,직선
4,410,석대,상선,미남행 3-2,좁음,직선
4,410,석대,상선,미남행 4-1,좁음,직선
4,410,석대,상선,미남행 4-2,좁음,직선
4,410,석대,상선,미남행 5-1,좁음,직선
4,410,석대,상선,미남행 5-2,좁음,직선
4,410,석대,상선,미남행 6-1,좁음,직선
4,410,석대,상선,미남행 6-2,좁음,직선
4,410,석대,하선,안평행 1-1,좁음,직선
4,410,석대,하선,안평행 1-2,좁음,직선
4,410,석대,하선,안평행 2-1,좁음,직선
4,410,석대,하선,안평행 2-2,좁음,직선
4,410,석대,하선,안평행 3-1,좁음,직선
4,410,석대,하선,안평행 3-2,좁음,직선
4,410,석대,하선,안평행 4-1,좁음,직선
4,410,석대,하선,안평행 4-2,좁음,직선
4,410,석대,하선,안평행 5-1,좁음,직선
4,410,석대,하선,안평행 5-2,좁음,직선
4,410,석대,하선,안평행 6-1,좁음,직선
4,410,석대,하선,안평행 6-2,좁음,직선
4,411,영산대,상선,미남행 1-1,좁음,직선
4,411,영산대,상선,미남행 1-2,좁음,직선
4,411,영산대,상선,미남행 2-1,좁음,직선
4,411,영산대,상선,미남행 2-2,좁음,직선
4,411,영산대,상선,미남행 3-1,좁음,직선
4,411,영산대,상선,미남행 3-2,좁음,직선
4,411,영산대,상선,미남행 4-1,좁음,직선
4,411,영산대,상선,미남행 4-2,좁음,직선
4,411,영산대,상선,미남행 5-1,좁음,직선
4,411,영산대,상선,미남행 5-2,좁음,직선
4,411,영산대,상선,미남행 6-1,좁음,직선
4,411,영산대,상선,미남행 6-2,좁음,직선
4,411,영산대,하선,안평행 1-1,좁음,직선
4,411,영산대,하선,안평행 1-2,좁음,직선
4,411,영산대,하선,안평행 2-1,좁음,직선
4,411,영산대,하선,안평행 2-2,좁음,직선
4,411,영산대,하선,안평행 3-1,좁음,직선
4,411,영산대,하선,안평행 3-2,좁음,직선
4,411,영산대,하선,안평행 4-1,좁음,직선
4,411,영산대,하선,안평행 4-2,좁음,직선
4,411,영산대,하선,안평행 5-1,좁음,직선
4,411,영산대,하선,안평행 5-2,좁음,직선
4,411,영산대,하선,안평행 6-1,좁음,직선
4,411,영산대,하선,안평행 6-2,좁음,직선
4,412,윗반송,상선,미남행 1-1,좁음,직선
4,412,윗반송,상선,미남행 1-2,좁음,직선
4,412,윗반송,상선,미남행 2-1,좁음,직선
4,412,윗반송,상선,미남행 2-2,좁음,직선
4,412,윗반송,상선,미남행 3-1,좁음,직선
4,412,윗반송,상선,미남행 3-2,좁음,직선
4,412,윗반송,상선,미남행 4-1,좁음,직선
4,412,윗반송,상선,미남행 4-2,좁음,직선
4,412,윗반송,상선,미남행 5-1,좁음,직선
4,412,윗반송,상선,미남행 5-2,좁음,직선
4,412,윗반송,상선,미남행 6-1,좁음,직선
4,412,윗반송,상선,미남행 6-2,좁음,직선
4,412,윗반송,하선,안평행 1-1,좁음,직선
4,412,윗반송,하선,안평행 1-2,좁음,직선
4,412,윗반송,하선,안평행 2-1,좁음,직선
4,412,윗반송,하선,안평행 2-2,좁음,직선
4,412,윗반송,하선,안평행 3-1,좁음,직선
4,412,윗반송,하선,안평행 3-2,좁음,직선
4,412,윗반송,하선,안평행 4-1,좁음,직선
4,412,윗반송,하선,안평행 4-2,좁음,직선
4,412,윗반송,하선,안평행 5-1,좁음,직선
4,412,윗반송,하선,안평행 5-2,좁음,직선
4,412,윗반송,하선,안평행 6-1,좁음,직선
4,412,윗반송,하선,안평행 6-2,좁음,직선
4,413,고촌,상선,미남행 1-1,좁음,직선
4,413,고촌,상선,미남행 1-2,좁음,직선
4,413,고촌,상선,미남행 2-1,좁음,직선
4,413,고촌,상선,미남행 2-2,좁음,직선
4,413,고촌,상선,미남행 3-1,좁음,직선
4,413,고촌,상선,미남행 3-2,좁음,직선
4,413,고촌,상선,미남행 4-1,좁음,직선
4,413,고촌,상선,미남행 4-2,좁음,직선
4,413,고촌,상선,미남행 5-1,좁음,직선
4,413,고촌,상선,미남행 5-2,좁음,직선
4,413,고촌,상선,미남행 6-1,좁음,직선
4,413,고촌,상선,미남행 6-2,좁음,직선
4,413,고촌,하선,안평행 1-1,좁음,직선
4,413,고촌,하선,안평행 1-2,좁음,직선
4,413,고촌,하선,안평행 2-1,좁음,직선
4,413,고촌,하선,안평행 2-2,좁음,직선
4,413,고촌,하선,안평행 3-1,좁음,직선
4,413,고촌,하선,안평행 3-2,좁음,직선
4,413,고촌,하선,안평행 4-1,좁음,직선
4,413,고촌,하선,안평행 4-2,좁음,직선
4,413,고촌,하선,안평행 5-1,좁음,직선
4,413,고촌,하선,안평행 5-2,좁음,직선
4,413,고촌,하선,안평행 6-1,좁음,직선
4,413,고촌,하선,안평행 6-2,좁음,직선
4,414,안평,상선,미남행 1-1,좁음,직선
4,414,안평,상선,미남행 1-2,좁음,직선
4,414,안평,상선,미남행 2-1,좁음,직선
4,414,안평,상선,미남행 2-2,좁음,직선
4,414,안평,상선,미남행 3-1,좁음,직선
4,414,안평,상선,미남행 3-2,좁음,직선
4,414,안평,상선,미남행 4-1,좁음,직선
4,414,안평,상선,미남행 4-2,좁음,직선
4,414,안평,상선,미남행 5-1,좁음,직선
4,414,안평,상선,미남행 5-2,좁음,직선
4,414,안평,상선,미남행 6-1,좁음,직선
4,414,안평,상선,미남행 6-2,좁음,직선
4,414,안평,하선,안평행 1-1,좁음,직선
4,414,안평,하선,안평행 1-2,좁음,직선
4,414,안평,하선,안평행 2-1,좁음,직선
4,414,안평,하선,안평행 2-2,좁음,직선
4,414,안평,하선,안평행 3-1,좁음,직선
4,414,안평,하선,안평행 3-2,좁음,직선
4,414,안평,하선,안평행 4-1,좁음,직선
4,414,안평,하선,안평행 4-2,좁음,직선
4,414,안평,하선,안평행 5-1,좁음,직선
4,414,안평,하선,안평행 5-2,좁음,직선
4,414,안평,하선,안평행 6-1,좁음,직선
4,414,안평,하선,안평행 6-2,좁음,직선
